Date,pcp_maumee(mm)
19790101,14.0140673795781
19790102,0.6541126581207221
19790103,0.010636636639559648
19790104,0.023102742755464614
19790105,0.4372558254948294
19790106,1.1947297444643443
19790107,2.7619295574784677
19790108,0.40073260621144746
19790109,0.02259353997574807
19790110,0.07920129850934217
19790111,0.013484063437910145
19790112,0.6987472815660707
19790113,7.980311732267111
19790114,4.82025044420529
19790115,0.25929375642400776
19790116,0.9224276658151063
19790117,2.3491644471520217
19790118,0.1333591313842892
19790119,4.981531415163888
19790120,1.4051374603000362
19790121,6.313066595304685
19790122,0.7379274427292548
19790123,0.006605168491970848
19790124,11.257319648440099
19790125,1.2541660594018977
19790126,0.0964601221259291
19790127,0.7162080613122943
19790128,6.605732321598711
19790129,0.6173444163679497
19790130,0.37870226545518487
19790131,2.162446765305659
19790201,0.2933241311422024
19790202,0.07439976889388476
19790203,0.9237024560429954
19790204,0.5114879831661084
19790205,0.024765428775785293
19790206,2.4597444986565708e-05
19790207,0.23571788836278126
19790208,1.1686597328312671
19790209,0.03777512226186473
19790210,0.014792674341288562
19790211,0.9567033470147871
19790212,9.268898153486187
19790213,0.07316821168408234
19790214,0.7787629929822966
19790215,1.2518727517616621
19790216,0.6750138286298663
19790217,0.006406549150342794
19790218,2.31206823066522
19790219,2.1897036668863255
19790220,0.004353179211345557
19790221,6.5738840314240035
19790222,0.11618004615902681
19790223,8.859896957574277
19790224,0.12566151558173405
19790225,5.209131072061992
19790226,13.167396585191234
19790227,0.0020805177809512685
19790228,1.0867464614344124e-05
19790301,5.336321151702967
19790302,0.047529749758226214
19790303,1.826803135717021
19790304,14.428720270083323
19790305,0.05944598867197129
19790306,0.8436874063282807
19790307,0.14192944235019694
19790308,0.4012797901577981
19790309,3.335090442414168
19790310,2.608403189855506
19790311,0.19836063928118663
19790312,0.00163207647536043
19790313,0.31549416742622854
19790314,3.8979731573299077
19790315,0.34654923250276526
19790316,0.0
19790317,0.036551874120392486
19790318,1.891277679273262
19790319,0.2719777890253434
19790320,0.29685649029345085
19790321,0.009941237815636309
19790322,0.0
19790323,6.300838188819929
19790324,2.2807320777573805
19790325,1.1833017667930106
19790326,1.448471585367266
19790327,0.06436826682150631
19790328,3.992971349226172
19790329,5.2139090991606825
19790330,5.208627108385174
19790331,6.918883290834573
19790401,5.728129673447333
19790402,8.714961839146572
19790403,0.02406012394707169
19790404,14.629906216849568
19790405,1.0751819795977244
19790406,2.961845569876359
19790407,0.04347995482057428
19790408,14.515247313987631
19790409,15.51783730828815
19790410,0.0
19790411,5.4619308348997135
19790412,5.643679785047431
19790413,22.87501644230084
19790414,6.029225961134481
19790415,0.5859363276606467
19790416,0.056721691040085315
19790417,0.002044856516420575
19790418,0.0
19790419,0.0
19790420,0.0
19790421,3.5937085588865103
19790422,1.25964461660778
19790423,0.008544227500825851
19790424,3.645366741433716
19790425,8.96142898459181
19790426,7.849180631468437
19790427,0.15624802327428025
19790428,6.331556655591887
19790429,0.18409931174619884
19790430,2.805846499429268
19790501,0.0
19790502,0.06867997747198124
19790503,13.35248217394969
19790504,0.24562893201393993
19790505,0.0
19790506,0.002026986467305719
19790507,0.0
19790508,0.0006215784079965251
19790509,0.1346678121804419
19790510,0.9839746430104375
19790511,3.2042041721154195
19790512,9.790148293405597
19790513,0.07789524584595355
19790514,2.4458292832984627
19790515,3.7144356532654768
19790516,4.816185842196249e-06
19790517,0.00754660232402154
19790518,0.05298223179481547
19790519,0.47624183950989063
19790520,0.5410989254407338
19790521,0.016439153014841976
19790522,0.0
19790523,2.1682693660981105
19790524,10.713820460812963
19790525,21.512545190840353
19790526,2.3631980819174587
19790527,0.12699481441033203
19790528,0.6884793380001365
19790529,0.06451544545992133
19790530,2.1442546040600314
19790531,5.469476469738081
19790601,0.7032061545844929
19790602,0.013259883720607499
19790603,0.0
19790604,0.18016933862469542
19790605,0.493910532303817
19790606,3.0049546096033275
19790607,5.255288001491922
19790608,9.340466563756616
19790609,3.8223832733312233
19790610,4.159822494118145
19790611,0.06704556383800721
19790612,7.693563801346779e-05
19790613,0.7615525718781274
19790614,0.028651875621478234
19790615,0.0
19790616,0.0
19790617,1.1508490810373309
19790618,1.294186941569556
19790619,0.49262403810528105
19790620,0.46632545424502675
19790621,8.25554456200516
19790622,0.011058267315574589
19790623,0.00015683709846449782
19790624,0.15268563031404447
19790625,0.0
19790626,0.0
19790627,8.275856350748099e-05
19790628,1.2732394526613569
19790629,16.622178167131114
19790630,25.97570445340225
19790701,6.125545413685214
19790702,0.14866937247937742
19790703,1.4489952819105142e-07
19790704,12.920586728271346
19790705,0.0
19790706,0.0
19790707,0.0
19790708,0.4465622783018808
19790709,23.505053294819607
19790710,2.669184014660883
19790711,0.2337325390909767
19790712,0.8067591344460827
19790713,5.92087400957425
19790714,2.593957156255351
19790715,2.3156110424476686
19790716,0.11720813043057962
19790717,0.03549021633417151
19790718,6.911966766940536e-06
19790719,0.0
19790720,0.0
19790721,0.028596760938439835
19790722,1.2329708261366246
19790723,1.57626553159281
19790724,5.991577079976736
19790725,9.158399976549616
19790726,3.095948014618859
19790727,0.4620087270894847
19790728,13.689453392174396
19790729,15.986187513445662
19790730,3.5789402464674858
19790731,4.078297876102495
19790801,17.156853439001203
19790802,9.902058489322913
19790803,1.1524740018181654
19790804,0.8626723971526639
19790805,0.7013129851232347
19790806,7.075308730218705
19790807,0.015166388021921705
19790808,5.5761023337616225
19790809,4.073951402254281
19790810,6.756220583657015
19790811,2.330234268399974
19790812,2.6738065077522217e-06
19790813,0.049139812029206774
19790814,1.1709702606038805
19790815,0.002116708505166948
19790816,0.0
19790817,0.556514984896515
19790818,33.18808678157934
19790819,2.5635439358596877
19790820,8.222092181239164
19790821,4.654107224103494
19790822,4.076279115515056
19790823,7.425937082563531
19790824,2.022888825358185
19790825,0.003899564622409054
19790826,3.787854906364479
19790827,2.6639336354752587
19790828,3.7471975172281473
19790829,7.756011837608235
19790830,0.20391985286291503
19790831,0.22792361422446528
19790901,1.1514057619641023
19790902,2.6930974869962534
19790903,0.9017528557691301
19790904,0.29452642765003195
19790905,0.07547762055210384
19790906,3.1396640530060465
19790907,0.009472913843101826
19790908,0.06160292385750227
19790909,0.001182820081011122
19790910,3.440132744424597e-06
19790911,0.03155610686662703
19790912,0.0003403249394627015
19790913,5.998676751227138
19790914,20.550131117684664
19790915,0.2497192388779459
19790916,0.0
19790917,0.0
19790918,0.03439469673385773
19790919,0.0006543079468890342
19790920,0.0
19790921,3.0859288196027044
19790922,0.006137405899336577
19790923,0.0
19790924,0.0
19790925,0.025634065597321634
19790926,0.0
19790927,0.0
19790928,1.167372195584471
19790929,0.00420626516290626
19790930,0.1465097542025613
19791001,0.631107844781237
19791002,12.35428529282426
19791003,2.0573703635043583
19791004,5.167259342473523
19791005,1.362633785285596
19791006,2.7713020649537903
19791007,1.6822074890653866
19791008,0.7180594710184198
19791009,2.3574252191386735
19791010,0.7200817346372183
19791011,5.1737630467045665
19791012,1.5494098039911304
19791013,0.7852741990237715
19791014,0.017002348696685432
19791015,0.0
19791016,4.954727855972439
19791017,0.4370899071082869
19791018,2.038927901889012
19791019,3.3841735396748067
19791020,1.0710749091815037
19791021,0.001041705682597736
19791022,0.17817534540745975
19791023,7.8142779607764865
19791024,0.6232880689196498
19791025,0.8057270790488799
19791026,0.0036330992163218306
19791027,0.4353893681484343
19791028,2.4474796571123343
19791029,0.001832385079959863
19791030,0.0
19791031,0.002949996841968156
19791101,13.477069413967113
19791102,0.055196471864262034
19791103,0.13896654419054932
19791104,9.715833225065008e-05
19791105,0.006314770940145226
19791106,4.255891506637574
19791107,0.32565786431409816
19791108,1.2650268095552584
19791109,14.040744385387399
19791110,0.7677630268733138
19791111,0.20214347954339476
19791112,0.0
19791113,0.08714947862351774
19791114,0.5877487210892177
19791115,1.9600376444397078
19791116,0.4852921798029913
19791117,0.0
19791118,0.0
19791119,0.6135752014048971
19791120,0.04091060759708068
19791121,5.072264793284812
19791122,15.304677043085835
19791123,26.25581952026538
19791124,12.783976611834667
19791125,5.01392337432336
19791126,11.368940573924238
19791127,0.3764152432709282
19791128,13.074274018216366
19791129,0.35859102545169913
19791130,0.3273904515415449
19791201,2.747400504910735
19791202,0.17287152648679371
19791203,0.0
19791204,0.004195425453624229
19791205,0.011353438235045591
19791206,0.7136244372808542
19791207,2.1011946843377984
19791208,0.8158511437421331
19791209,0.0021429992481335936
19791210,0.0
19791211,0.004590100576262021
19791212,2.3964857873257848
19791213,0.1531522237034124
19791214,0.0002218622543711911
19791215,0.0
19791216,0.8484296298406273
19791217,0.07614591676592503
19791218,0.0
19791219,0.00802453423117212
19791220,0.0
19791221,0.11659377601149741
19791222,7.699577335247415
19791223,7.3677435414366625
19791224,27.020571711227895
19791225,6.301380636320459
19791226,0.004299044216593646
19791227,0.06953650097805256
19791228,0.00406199061181995
19791229,0.0
19791230,0.0
19791231,0.00045716147438211826
19800101,0.06712113956586978
19800102,0.5236100321662676
19800103,0.7570509834753644
19800104,0.8449348562912848
19800105,2.350097777196012
19800106,0.23211563425637832
19800107,2.0297136328477454
19800108,0.008846389722591629
19800109,1.4314549887128332
19800110,0.007416622082723244
19800111,12.858399970878393
19800112,0.013470725043281326
19800113,0.0
19800114,1.9819455551014957
19800115,0.005370854760389584
19800116,3.309345155201451
19800117,2.9331587111403623
19800118,0.0228644088339364
19800119,0.047080721948432255
19800120,0.01655922585561225
19800121,0.034694544284417005
19800122,1.0704780965206329
19800123,0.6491439246927131
19800124,3.1498858626328303
19800125,2.092670945374916
19800126,0.010049798373190493
19800127,0.17274752951421013
19800128,0.019044976830472463
19800129,0.05627185229000422
19800130,0.38727736452047956
19800131,1.7902792504524618
19800201,0.0007350469354164271
19800202,0.04523227041231013
19800203,0.028611274729769636
19800204,0.00040805870539307434
19800205,0.7488415802006789
19800206,1.9536612736126342
19800207,0.038216940046199896
19800208,0.07485627257996078
19800209,2.276160415788913
19800210,0.10507132818846808
19800211,1.1772864947503312
19800212,0.04552799785809954
19800213,0.02292645368238708
19800214,0.5101522157103863
19800215,9.939935446149208
19800216,3.1455258272592883
19800217,0.02180619010526028
19800218,0.00036206112495942015
19800219,0.07482988519994409
19800220,1.3211627650992235
19800221,0.7519010269674508
19800222,4.535351420004107
19800223,0.24599685648066416
19800224,0.30939540510850455
19800225,6.595334076088077
19800226,3.062613696925573
19800227,1.0800336272020796
19800228,1.8838245915337752
19800229,0.2977985473972246
19800301,0.3163614348902115
19800302,0.0008901838303695834
19800303,0.0
19800304,0.041780557085375675
19800305,8.498337313688898
19800306,0.2529179232639808
19800307,4.214347671644221
19800308,14.158774423388216
19800309,0.01399938423254675
19800310,1.6667600567156255
19800311,0.027900529989407837
19800312,0.0017553550919189597
19800313,6.207270564625299
19800314,1.125790003837689
19800315,0.0008898428492447511
19800316,0.8275571515000213
19800317,17.5190892909191
19800318,0.15953585537078618
19800319,0.0
19800320,1.123199039125747
19800321,23.470946039881145
19800322,8.13987809942883e-05
19800323,0.0009440856616275135
19800324,10.66866227065007
19800325,0.7282302433759397
19800326,0.010243945826875142
19800327,0.00031342239756514427
19800328,4.523835127210418
19800329,7.378892162115537
19800330,1.3904311411697514
19800331,13.291969745032153
19800401,0.2818729040250239
19800402,1.379937219037313
19800403,3.394581535383369
19800404,14.957159754765756
19800405,0.007529507222943879
19800406,0.0
19800407,2.6633472501830133
19800408,16.556249446623923
19800409,4.532167694416485
19800410,2.223758499465799
19800411,0.26949570773652376
19800412,2.6293351690468723
19800413,0.0009972519884002304
19800414,18.012971076312144
19800415,3.356588743494494
19800416,0.012156692834281202
19800417,0.0
19800418,0.056799578792420466
19800419,0.0002514568557345889
19800420,0.741797111785819
19800421,0.024498582679906445
19800422,0.012595991762933741
19800423,0.0
19800424,1.1004311294543536
19800425,0.48852601046055144
19800426,3.948802672771163e-05
19800427,1.669877415971884
19800428,9.646790035789738
19800429,0.4594673865519379
19800430,1.4509986533674657
19800501,0.4008174368389883
19800502,0.28437290864218434
19800503,0.05605171965525159
19800504,0.001469478824523625
19800505,0.03157207024315671
19800506,0.3000896546085082
19800507,0.31884691290647205
19800508,0.8749487939783893
19800509,0.054996287441351065
19800510,0.5646512891398918
19800511,6.586679966786664
19800512,17.186593799880647
19800513,21.555039489295527
19800514,0.2925626528432044
19800515,0.05639041053197966
19800516,0.0031912359304594245
19800517,25.544007803753004
19800518,22.342715580351076
19800519,4.587752321590308
19800520,0.5398858131789938
19800521,0.032424910028497816
19800522,3.0312002888940803e-05
19800523,0.9586262865423392
19800524,10.385892636527416
19800525,2.721649018273998
19800526,0.0
19800527,0.0
19800528,0.0
19800529,0.001801123053421222
19800530,5.464038913626597
19800531,1.6135464858939925
19800601,14.291451260050623
19800602,13.529842460042826
19800603,24.045534601413134
19800604,0.030200124636434553
19800605,0.0222287158253711
19800606,1.3388780966577298
19800607,10.55640807984976
19800608,13.619541929616057
19800609,1.3139015737381052
19800610,0.59399102884039
19800611,0.0
19800612,0.0
19800613,0.0
19800614,1.4320953001402403
19800615,29.436617686864896
19800616,6.368471527188714
19800617,0.0
19800618,0.526383777429817
19800619,7.573898835058244
19800620,0.09634199053492067
19800621,0.0
19800622,0.0
19800623,0.1333917548589328
19800624,5.775471158220792
19800625,0.025984121215305363
19800626,0.028236780717564226
19800627,0.6981749967500922
19800628,7.835387759242275
19800629,5.010499912377169
19800630,0.006923958541731793
19800701,0.959328141323154
19800702,0.3965696523027579
19800703,0.7146515701938062
19800704,17.02497103605095
19800705,4.360447488014099
19800706,0.009069135373942293
19800707,0.19662936118046875
19800708,1.5417307617151774
19800709,7.6832383398940625
19800710,15.350492621665152
19800711,0.14537241798851766
19800712,9.604330003410709
19800713,0.17937814837482474
19800714,4.984339257222268e-05
19800715,0.7996782044768819
19800716,1.2924775296292272
19800717,0.1153441517317862
19800718,0.0238443099016228
19800719,0.1978853356893432
19800720,0.0013559141087049682
19800721,14.868745113885085
19800722,12.176795816432822
19800723,0.0702061679310507
19800724,0.00010744070293848303
19800725,0.0
19800726,0.029450577179811605
19800727,9.493898345436158
19800728,21.302183372673102
19800729,0.21077938743539315
19800730,0.4513053342557704
19800731,3.256961233144915
19800801,0.18116315254210022
19800802,11.080981197110175
19800803,15.889826334733828
19800804,0.14099802256093072
19800805,14.06350018784466
19800806,0.08163742028585962
19800807,2.691499486328044
19800808,0.8098039761733663
19800809,17.675348461435696
19800810,20.783544324516434
19800811,23.329275270773365
19800812,3.2631317475925243
19800813,0.08600390035957596
19800814,23.522631405453915
19800815,8.705692828128885
19800816,0.012081237316893083
19800817,11.907480841814124
19800818,6.229682463521676
19800819,3.636573724690614
19800820,4.409355687062583
19800821,9.237191305564417
19800822,0.022274681453463455
19800823,0.0
19800824,0.0003281078371444127
19800825,0.00016461126341368835
19800826,9.508157448727288e-08
19800827,2.4202395921843487e-05
19800828,0.04172391908276542
19800829,2.319257631717614
19800830,1.1583801505784528
19800831,13.753967232165117
19800901,7.200358847848204
19800902,14.668420708492649
19800903,0.0
19800904,4.539092056979332
19800905,2.6485691155842934
19800906,3.6428042776934086
19800907,0.02174302921964504
19800908,3.0172804165045366
19800909,7.840730634637774
19800910,0.029916084105210104
19800911,0.0
19800912,3.2229206445962624
19800913,4.049172939422282
19800914,13.560356478875493
19800915,0.34447459251153534
19800916,3.635019008779782
19800917,14.163334705355343
19800918,0.005235862089294233
19800919,1.4181663126734895e-06
19800920,5.879073293929797e-06
19800921,0.6030948941706811
19800922,3.003633417410554
19800923,3.918144834364286
19800924,0.014248010403935486
19800925,1.3293156651352613
19800926,0.007667327431676491
19800927,0.0
19800928,0.0021401663282728553
19800929,2.5168996600771157e-05
19800930,0.0011145251883639584
19801001,0.004447974342540407
19801002,10.154239644250124
19801003,2.095746256487775
19801004,0.8919470585351892
19801005,0.017758625871598016
19801006,0.04315681354051618
19801007,0.1135762555727482
19801008,0.0
19801009,1.3929415831899669e-05
19801010,0.0
19801011,1.4458951451293511
19801012,0.4508104536553003
19801013,0.017496441314010704
19801014,2.984501548845596
19801015,1.4773257230547798
19801016,0.8547258833270945
19801017,9.251735907255805
19801018,17.99772228539511
19801019,0.32314307971756906
19801020,0.12301378993635567
19801021,0.07451508416974867
19801022,0.0
19801023,0.0
19801024,3.577577431903857
19801025,17.85645112656062
19801026,0.24085634118858043
19801027,0.6838164184979167
19801028,12.632791758100378
19801029,0.00014496375082338
19801030,7.996641166154038e-06
19801031,0.0
19801101,7.799914719701172e-06
19801102,0.0
19801103,0.0
19801104,3.286266025424797
19801105,0.06014375926029354
19801106,0.0
19801107,0.18865014129598515
19801108,0.3755951964797479
19801109,1.0414297588096901
19801110,0.1468352444372038
19801111,0.00047746549407792294
19801112,0.0
19801113,0.0
19801114,6.453842370249596
19801115,0.7554905028612927
19801116,0.001231901485176421
19801117,3.6203634882008675
19801118,2.3634658441657677
19801119,0.00045469331596759133
19801120,0.0
19801121,0.11722098636732688
19801122,1.1335459198492654e-05
19801123,1.9443951901184118
19801124,1.969254668912801
19801125,0.11030281440359797
19801126,0.0
19801127,16.988382999528103
19801128,2.3185838344688556
19801129,3.2657466634276604
19801130,0.08028630997923018
19801201,0.44911386707707457
19801202,7.805026901450222
19801203,0.11701993661303425
19801204,0.21040876061228148
19801205,0.598961172644197
19801206,1.217014496162104
19801207,2.182036773864518
19801208,9.375840206865163
19801209,4.4493822976775474
19801210,0.12844025645988108
19801211,0.3825791172855546
19801212,0.29911091664287015
19801213,0.07289402483599623
19801214,0.00454505424360306
19801215,1.5526648512426164
19801216,0.029665338294290723
19801217,0.03788425500965404
19801218,0.8203227820443407
19801219,1.0259196305175609
19801220,0.13914101470001639
19801221,0.015027714733992899
19801222,0.02780752789069873
19801223,0.013223139184399034
19801224,6.45732969196085
19801225,0.1445487218857035
19801226,0.8085664039727944
19801227,0.037467189843348465
19801228,0.0
19801229,12.973141961415305
19801230,0.17010336948914478
19801231,5.555691179727906
19810101,1.811591879890336
19810102,1.214740016728429
19810103,1.6040876069263965
19810104,0.22331297251473892
19810105,0.017161098621347955
19810106,6.703180295631212
19810107,3.500727138518389
19810108,0.02056207645013775
19810109,0.20710684070800667
19810110,0.21320150543152563
19810111,0.3381454788274125
19810112,0.8368682421482625
19810113,0.6315886615092766
19810114,0.10788685499573779
19810115,0.4619081956731609
19810116,0.8499661786657057
19810117,0.24297438740358962
19810118,0.00023358954295545927
19810119,0.0
19810120,0.016924491128151913
19810121,0.1424535806858599
19810122,0.07982650859416722
19810123,0.031799872999194866
19810124,0.00028319719442266184
19810125,0.0
19810126,0.005765616147218945
19810127,0.38670276327267233
19810128,0.3575727020594287
19810129,0.015681396119069
19810130,0.0263209362362674
19810131,0.0
19810201,15.15400963034655
19810202,3.3641472937964574
19810203,0.3543764420530365
19810204,0.46935640840858317
19810205,0.0005440984842975573
19810206,1.8235351646399525
19810207,0.39893266895455054
19810208,0.40382160030087266
19810209,0.15310284150892298
19810210,16.671594494951822
19810211,16.225297708614217
19810212,0.04731740966075978
19810213,0.0
19810214,0.0
19810215,0.0
19810216,5.137808479799086
19810217,0.30787219163481255
19810218,0.3321483242381458
19810219,8.223903507942032
19810220,0.8647777348269803
19810221,0.014977175058968463
19810222,1.7975219917867102
19810223,8.90585903684873
19810224,2.648222270636431
19810225,0.15381961808642275
19810226,0.0
19810227,0.3159015455390338
19810228,2.006387930344843
19810301,0.02201007512570395
19810302,0.08259351601220509
19810303,0.002211325889633582
19810304,2.2723217377794844
19810305,3.2728172484632037
19810306,0.9102887597553784
19810307,0.14529484806612378
19810308,0.21642897320647952
19810309,0.08236988256297767
19810310,0.5642200926424761
19810311,0.33326432482483725
19810312,0.011705366805986326
19810313,0.45276788085532255
19810314,5.131842393167228e-06
19810315,0.6519363064724235
19810316,2.0914708145348353
19810317,0.3099335229161268
19810318,0.07969939627034375
19810319,1.0079602503794562
19810320,0.23300947387477006
19810321,0.07583167036688769
19810322,0.0
19810323,0.0
19810324,0.00017838990655690267
19810325,0.0
19810326,4.501297813038375
19810327,4.66463739235312
19810328,0.0
19810329,1.1025640559669205
19810330,13.147657375209294
19810331,0.0002832040429839761
19810401,0.6845762713066578
19810402,0.0
19810403,4.632003692649576
19810404,6.6470401236756675
19810405,1.5699029697167106
19810406,0.0022190650765936343
19810407,0.159243059684263
19810408,0.875667522378351
19810409,3.1029537989974614
19810410,1.1675832022987198
19810411,6.803596297725136
19810412,21.507872728120102
19810413,1.011683099313922
19810414,18.73138045718817
19810415,0.0
19810416,0.06287242434080394
19810417,8.96775955650927
19810418,0.8071745003443105
19810419,2.567557570817916
19810420,0.8197756661500104
19810421,0.0
19810422,5.375147808297187
19810423,8.65593116301663
19810424,1.3048903950924997
19810425,0.019980937679576025
19810426,1.4622935280861313
19810427,2.0911680846284755
19810428,4.331165346617285
19810429,17.45614655020855
19810430,1.500484183103985
19810501,3.668452097353782
19810502,0.4103434421703685
19810503,0.0
19810504,0.0
19810505,4.746311270870117
19810506,7.047229131881866
19810507,0.0
19810508,0.0
19810509,7.9703081966046625
19810510,17.264175132536835
19810511,23.65926249359843
19810512,0.9455085472988367
19810513,0.13269475283893814
19810514,26.56233340415862
19810515,11.582529514084388
19810516,0.0014914961252696659
19810517,0.30115148704205985
19810518,1.6718146438605308
19810519,0.07468845553702658
19810520,0.0
19810521,0.0
19810522,0.00126692190060957
19810523,0.5462672524641605
19810524,1.2580903289910566
19810525,11.733866943620994
19810526,1.5514493491572992
19810527,21.226923403301708
19810528,0.622782014350578
19810529,0.20937600388526784
19810530,7.856382158070263
19810531,0.3741494180414557
19810601,0.701888610651179
19810602,2.8190633243437087
19810603,7.733426169315792
19810604,0.4346246048455627
19810605,9.501113288017795
19810606,5.4754446252917175
19810607,1.9870555480682896e-05
19810608,3.432181199476375
19810609,27.478469494088422
19810610,10.076974651447983
19810611,0.003974297940263703
19810612,1.2539828666791057
19810613,29.02102159597404
19810614,3.9918254800280977
19810615,0.3386756965536314
19810616,3.589394725886366
19810617,4.852465859441925e-05
19810618,0.0
19810619,2.310083726924845
19810620,3.87543226395625
19810621,10.573953910532671
19810622,24.149989944647963
19810623,0.28517773260427504
19810624,0.7283665029212234
19810625,26.475978781019162
19810626,0.0021934292068994123
19810627,0.0
19810628,0.0
19810629,0.004011950037095607
19810630,5.139912047098664
19810701,8.897760176357567
19810702,1.0958590090519913
19810703,4.271188400911228
19810704,1.7901069602845476
19810705,10.277048329952128
19810706,0.3327345143332304
19810707,7.788598128147328e-06
19810708,0.2954324893902029
19810709,1.2233068319410878
19810710,0.13184939655516822
19810711,0.0
19810712,0.15742115896918332
19810713,7.47601429364131
19810714,0.05848919716616405
19810715,0.6909080541531353
19810716,0.37377832183674164
19810717,0.12861682095094001
19810718,0.021204817392492036
19810719,5.237343357432777
19810720,28.599216162218514
19810721,6.421668057737293
19810722,0.6922292433165003
19810723,4.647997657397527e-05
19810724,0.275877274948617
19810725,0.2020393524066198
19810726,33.76693706240865
19810727,2.6654656642018932
19810728,16.66757539790721
19810729,0.33407043978106393
19810730,1.0630081973299765e-07
19810731,1.5855042616600077e-06
19810801,0.03392844897068604
19810802,0.027202276553826885
19810803,1.8584855391470685
19810804,0.480685898628797
19810805,0.6765216989718348
19810806,10.289738291407033
19810807,3.392754751057309
19810808,2.423584337355295
19810809,0.47204292961402605
19810810,0.9755975902719292
19810811,6.506356064244904
19810812,0.3479890541291941
19810813,0.44396421407779324
19810814,1.4395980526668466
19810815,9.578286285605094
19810816,0.17472520141416348
19810817,0.0
19810818,0.0
19810819,0.0
19810820,3.102658095591566e-05
19810821,0.013948976468503106
19810822,0.00014425255835826787
19810823,0.0
19810824,0.06998506694768042
19810825,0.0035918232859466696
19810826,0.04144320943909309
19810827,8.802127441926013
19810828,18.91854418366456
19810829,14.866796318849463
19810830,3.09436396598681
19810831,13.250187070853126
19810901,7.92282824041833
19810902,18.722563547995836
19810903,24.798682189787932
19810904,29.94078803623494
19810905,0.5996513526640509
19810906,0.2527840127438409
19810907,0.10637295222459077
19810908,5.535199900231964
19810909,6.342017046640031e-06
19810910,0.0
19810911,0.0005352828868701664
19810912,0.5881486981103077
19810913,0.8310423368200405
19810914,6.837885378886624
19810915,0.26299963583596814
19810916,10.334582177170574
19810917,3.3170482699579407
19810918,3.9974199193291984
19810919,0.10709091411480712
19810920,0.5131299526485681
19810921,1.1540214127739459
19810922,6.02403754127903
19810923,0.000299867554824136
19810924,0.16642114023333177
19810925,0.10323711403508427
19810926,0.6458593276560688
19810927,3.077116591773356
19810928,0.0
19810929,1.148850028309597
19810930,5.167225188391673
19811001,1.0852260623875227
19811002,0.01815866656645545
19811003,0.0011179715720048696
19811004,0.7051162129768767
19811005,0.08632799953658529
19811006,15.214192953371954
19811007,0.23356607619441697
19811008,0.00014558638128458942
19811009,0.0
19811010,0.22691753617927618
19811011,0.004535505866844232
19811012,0.0
19811013,0.0
19811014,0.05443431490980128
19811015,0.8612313314401472
19811016,0.20707734386895868
19811017,0.796400395015427
19811018,11.054526074713472
19811019,1.9120450087428777
19811020,0.0
19811021,0.5175516338759646
19811022,9.752500205755991
19811023,2.502648356214314
19811024,0.011415450222686903
19811025,0.0
19811026,5.913492832268116
19811027,22.738734797221852
19811028,0.7376725756300905
19811029,4.4107943078600743e-05
19811030,0.0
19811031,0.0
19811101,0.0017671677762475086
19811102,0.2364234114054003
19811103,0.162973755315201
19811104,0.06762227434448045
19811105,5.115465111115158
19811106,2.1430669628538364
19811107,0.005918008513385495
19811108,0.0
19811109,0.5016063008747645
19811110,0.0
19811111,0.0
19811112,0.0
19811113,0.0
19811114,0.0
19811115,0.00033438173180338126
19811116,0.0
19811117,0.7029707403550108
19811118,0.1081999309185371
19811119,5.889860184912699
19811120,18.00455562337948
19811121,3.578382755538697
19811122,0.35797442256517253
19811123,0.19634353981892083
19811124,8.892300382193518
19811125,0.002866365583686762
19811126,1.3648912503179935
19811127,3.1223549417939855
19811128,0.02076118242543935
19811129,0.00521891155399041
19811130,0.0005728697978351228
19811201,13.189384199264476
19811202,0.7719506716052605
19811203,0.11228334008842136
19811204,6.882942322892656
19811205,0.4743871434520662
19811206,0.001293951494419081
19811207,3.3567763750166932
19811208,2.058213303160749
19811209,0.24370291956705825
19811210,0.0812371860016067
19811211,0.011913609160774039
19811212,0.058313043661580716
19811213,0.08297779835129095
19811214,0.5651300750237093
19811215,0.1836303071430118
19811216,0.0802736236122999
19811217,6.340693320297243
19811218,1.0092210369466397
19811219,0.16472986632541212
19811220,0.09033181421680395
19811221,8.418415630265033
19811222,4.888888316112881
19811223,24.852198297473205
19811224,0.010685557716854525
19811225,9.52868721845361e-06
19811226,0.00645616663350865
19811227,7.739613188042064
19811228,7.310744508300712
19811229,0.6699619836522162
19811230,0.043652092897676735
19811231,2.9161300111015747
19820101,1.8303496872805427
19820102,0.09831458123344236
19820103,6.1245405990074895
19820104,12.915810044080908
19820105,0.5006354481901515
19820106,1.3901773755142244
19820107,0.9056976983890787
19820108,0.05570514436863316
19820109,2.923731700480837
19820110,0.385299685491949
19820111,1.3121149424738192
19820112,0.6119176212374539
19820113,6.26807198090128
19820114,0.3357554411114907
19820115,0.418512913080871
19820116,5.260806623868684
19820117,0.5654980209318197
19820118,1.1789394823569301
19820119,0.3029494171370962
19820120,0.03831076422568178
19820121,4.283099376517678
19820122,7.7192536220437855
19820123,20.568414771120924
19820124,0.4901367187186679
19820125,1.5848164604366217
19820126,0.031712397049408994
19820127,0.0
19820128,0.1864084108569996
19820129,0.008802413019229467
19820130,23.9725954448814
19820131,40.48518588816921
19820201,1.5727257196593578
19820202,0.01775944120568095
19820203,9.252942482673328
19820204,1.9901257448990504
19820205,2.4177291998310277
19820206,0.2627543328292885
19820207,0.0
19820208,0.038418601718142535
19820209,9.395074242934578
19820210,0.0344870784762918
19820211,0.1046750757628843
19820212,0.4284127916007359
19820213,0.1873574254793416
19820214,0.07115608441646236
19820215,0.34830527244200876
19820216,0.7774340428179373
19820217,10.216475439631411
19820218,0.7764214007879018
19820219,5.120673285371012
19820220,1.4638081860126853
19820221,0.706356928621623
19820222,0.08081561697599597
19820223,0.016393805345300928
19820224,4.650319890392379
19820225,0.35511807296292064
19820226,0.000129066298474117
19820227,4.0127857500489585e-05
19820228,0.0
19820301,0.012205015301417101
19820302,9.283138722230206
19820303,2.049571437118487
19820304,15.663198215913193
19820305,0.30656966708253164
19820306,1.2250779904120022
19820307,0.148302671056509
19820308,0.356972456643465
19820309,3.4608654473605363
19820310,1.606006899971367
19820311,9.250672145826085
19820312,0.21687241805562224
19820313,16.324940484521274
19820314,0.0
19820315,2.9806019085753443
19820316,11.030474344877927
19820317,0.24642188583490496
19820318,0.027087085544592167
19820319,8.68500992000655
19820320,14.745743182005205
19820321,2.6958269465534466
19820322,0.12081149150236951
19820323,0.06022639660713877
19820324,0.48665864500881423
19820325,10.187482649657971
19820326,0.6467163977333241
19820327,0.022998872206200345
19820328,0.0
19820329,0.0
19820330,1.796619176734233
19820331,14.374446342175377
19820401,0.0
19820402,0.25056740289891555
19820403,10.761443452325082
19820404,0.4431277013330799
19820405,4.722298084755169
19820406,16.38929953267748
19820407,0.000944874222060906
19820408,0.13284462372247077
19820409,7.1793596324971505
19820410,0.21737326267363646
19820411,2.5404747926166564
19820412,0.0
19820413,2.0887722034416987
19820414,6.456118755819956e-05
19820415,0.0
19820416,5.253279845792546
19820417,15.067656173299554
19820418,0.0017456591756749315
19820419,0.6666960780667033
19820420,6.83631632206712
19820421,0.0
19820422,1.024647402125637e-07
19820423,0.0
19820424,0.0
19820425,0.01325669797514437
19820426,1.5563460659308455
19820427,0.19977909881976294
19820428,0.0
19820429,0.0
19820430,0.13145762046203202
19820501,1.1350067022324886
19820502,0.0034638324158290366
19820503,0.059468186793468956
19820504,0.0017868590844501416
19820505,0.010850388517557569
19820506,0.0008367324402822559
19820507,11.710643128298418
19820508,3.4864113245491164
19820509,0.029768109317933233
19820510,0.11008002247815345
19820511,0.0
19820512,0.010291948417418133
19820513,0.016381378453473334
19820514,0.003052825050006672
19820515,0.9890522589869137
19820516,2.1094382395938585
19820517,0.2145736039636913
19820518,1.8912466207382592
19820519,5.919039163998577
19820520,3.0954832993305375
19820521,3.7053812247044307
19820522,13.572450478977919
19820523,6.55469953518565
19820524,0.17714230259198369
19820525,0.3704167815864784
19820526,1.6036502849895662
19820527,17.84066159098194
19820528,3.4635558595059837
19820529,6.661856858814081
19820530,9.50201098208861
19820531,2.2701633479886123
19820601,11.697896746456488
19820602,0.0003776133997446034
19820603,4.856578725829635
19820604,1.099377412106633
19820605,1.972890210327062
19820606,0.1334969794513365
19820607,0.04095014186848813
19820608,2.6845924120241142
19820609,4.944590577313617
19820610,5.448316002754058
19820611,0.0
19820612,0.3987436415044263
19820613,0.24324623967103393
19820614,0.0004088295879558573
19820615,7.359612957926718
19820616,22.167583307182994
19820617,0.11184144169073418
19820618,0.06766860961504004
19820619,10.201424993874234
19820620,1.0989199754888264
19820621,5.2180772418760775
19820622,2.1011420188131713
19820623,0.004302146225935396
19820624,0.0011073347480907811
19820625,0.000814818081953445
19820626,0.32486962795716456
19820627,0.548539125096437
19820628,14.524699674158287
19820629,10.445814320807845
19820630,2.801207682306072
19820701,4.063991232953343e-06
19820702,0.22497775376551632
19820703,23.8453424192136
19820704,1.8717261524748765
19820705,0.01621270614113931
19820706,0.230617374859403
19820707,3.65897920302508
19820708,0.023704510379058196
19820709,5.6495719127320864e-05
19820710,7.848039491981266
19820711,9.392837783183069
19820712,0.34229198141563
19820713,0.0919834606369982
19820714,0.6001838389829143
19820715,0.09112669511052691
19820716,0.19764389391264067
19820717,2.5491365219073687
19820718,1.3270195510067337
19820719,14.465086926107396
19820720,4.150439479730282
19820721,0.0
19820722,7.958080975227974
19820723,5.669570355807332
19820724,0.0
19820725,0.0
19820726,1.258734067565941
19820727,2.3176734181530767
19820728,3.9737101079751285
19820729,0.013322143251784432
19820730,0.16773434250011193
19820731,0.19348553029763768
19820801,0.09062057820521643
19820802,2.208266900663881
19820803,0.058116746119796774
19820804,10.453537755759209
19820805,0.937440255925769
19820806,0.00011858989400995057
19820807,1.8996835085006554
19820808,11.90487608226236
19820809,0.3294994085290917
19820810,0.4848982768316953
19820811,0.06826191351630595
19820812,0.00030017936117064274
19820813,0.0
19820814,0.0
19820815,2.1307323226886003e-05
19820816,0.0010028965216237807
19820817,0.24413656353380112
19820818,0.0034296570632505467
19820819,6.826547067930519e-07
19820820,9.749364683344
19820821,0.11087662971280483
19820822,0.6541471544701446
19820823,4.590798054876902
19820824,0.08268599644154245
19820825,8.896856949051973
19820826,0.01465859376681056
19820827,0.4427533926156125
19820828,0.15100773861502734
19820829,0.24966527213129736
19820830,0.44158168184289814
19820831,0.8449638012843879
19820901,1.0738654989806489
19820902,2.083226477278606
19820903,0.04198700907454632
19820904,0.0
19820905,0.0
19820906,1.3628623447634334
19820907,5.052713102563411
19820908,0.15014622878323497
19820909,1.3653094135830833e-06
19820910,0.32350651261090624
19820911,0.078487980827708
19820912,0.1282245876907879
19820913,0.3542829542970055
19820914,2.377349425712342
19820915,0.7239814367206457
19820916,0.07799261250733996
19820917,1.024647402125637e-07
19820918,10.072532520742284
19820919,0.002947112550135604
19820920,0.4536159497430962
19820921,0.8082610387780081
19820922,1.8076985993123356
19820923,0.9808844531733253
19820924,4.377886734020757
19820925,4.255000179750108
19820926,2.242234210676324
19820927,18.68071328397914
19820928,0.04032082705210247
19820929,5.502529931574003e-05
19820930,0.0
19821001,0.005878617895846181
19821002,0.04685327866467299
19821003,0.4009049794644686
19821004,0.011492614699193176
19821005,3.763647778530923
19821006,0.12221729422717822
19821007,4.819684541205352
19821008,0.0026177714170679627
19821009,4.560429304262726
19821010,3.9074658575859904
19821011,0.10166976113661289
19821012,0.05308885694176038
19821013,0.3606183531973322
19821014,0.3245701493126437
19821015,0.6216720629442819
19821016,0.14483198450508145
19821017,0.20250258204764035
19821018,0.3553204169360106
19821019,0.06699729762069785
19821020,5.247090670401225
19821021,0.00913635027276504
19821022,0.00011370431022549416
19821023,6.826547067930519e-07
19821024,6.826547067930519e-07
19821025,0.0
19821026,0.0
19821027,0.0
19821028,0.0
19821029,0.9154938972915178
19821030,0.03055266928926699
19821031,7.881896968729793
19821101,3.7549644575090664
19821102,6.032969611044029
19821103,14.162129397473153
19821104,0.07047878627310422
19821105,0.1322046526007568
19821106,0.007368114963934284
19821107,0.0
19821108,0.5989981069084305
19821109,2.0043437168413742
19821110,0.7227579047052655
19821111,8.495667633078808
19821112,8.937851150222553
19821113,0.44770789958239465
19821114,0.058269570135091
19821115,0.0820562219584957
19821116,0.0
19821117,0.009454569776716906
19821118,0.07376381119090526
19821119,0.1860625555519836
19821120,15.440932963158083
19821121,11.699766106097465
19821122,0.6271017311062226
19821123,10.546887294207176
19821124,2.3332396918141205
19821125,0.028224365690496387
19821126,7.516206985936952
19821127,0.010913650459906055
19821128,17.66529505292818
19821129,2.3781039104077033
19821130,0.005510892694524121
19821201,0.35078927479392386
19821202,2.2516563116403168
19821203,12.414385334151206
19821204,14.896527476998324
19821205,21.32060964541816
19821206,0.570415843168438
19821207,0.000695486390351317
19821208,0.005146164722920381
19821209,0.08764289362553158
19821210,4.20524437915246
19821211,0.7547512017215829
19821212,0.05598224102259508
19821213,0.0019097812444969042
19821214,0.06336452471251078
19821215,11.363086571039767
19821216,9.332574292091012
19821217,0.04925602546831725
19821218,0.024367648072564772
19821219,3.592772763935593
19821220,1.817522892610149
19821221,0.11392132035391156
19821222,0.04847173898762894
19821223,2.42571247610632
19821224,5.914310426234369
19821225,12.699847988888067
19821226,0.30687235970857
19821227,13.904401398869986
19821228,9.887935453343683
19821229,0.007984484500554914
19821230,0.02251664731196742
19821231,0.2894725980437976
19830101,0.0008217372056624112
19830102,0.038111894205474964
19830103,0.008139503162260801
19830104,0.0
19830105,0.028410111175852442
19830106,0.17257383657331885
19830107,0.9249050734728574
19830108,0.010906533043218687
19830109,0.001992608220304001
19830110,4.544658784674233
19830111,1.7763900628843088
19830112,0.1981470418429111
19830113,0.1389195164317325
19830114,0.4524140884950798
19830115,3.1747334827699927
19830116,0.19221940270632937
19830117,0.26056216560219314
19830118,0.001036099844937669
19830119,4.814972270890654e-06
19830120,0.00014893386736467267
19830121,0.8974353474265777
19830122,10.95459920908276
19830123,2.787059317805244
19830124,0.4150618847299977
19830125,0.3577315179801048
19830126,0.7637134165774466
19830127,0.10142129557738169
19830128,0.002763072597073261
19830129,0.029930696180714738
19830130,5.162631393079664
19830131,0.06936939185378169
19830201,0.00957952040263777
19830202,12.145038907091681
19830203,1.8039034228452595
19830204,0.9640440946959954
19830205,0.02607693266866564
19830206,1.0929496799187115
19830207,3.1147131404917894
19830208,0.05491701013910095
19830209,0.47037829853654606
19830210,0.44013560084124775
19830211,0.5392994153460509
19830212,0.08123088936206546
19830213,0.0006296870252931109
19830214,0.0
19830215,0.09376056447279835
19830216,0.9939261653882938
19830217,1.1036117784834973
19830218,0.003506200295282906
19830219,0.36287815747778807
19830220,0.0
19830221,0.0
19830222,0.22795083217527826
19830223,0.7176566172699665
19830224,0.7327608078498535
19830225,2.3324332962794188
19830226,0.0014774027233528041
19830227,0.0
19830228,0.0
19830301,0.0
19830302,0.0
19830303,0.0
19830304,1.6023634840035035e-05
19830305,9.85297943184483e-05
19830306,7.244187579990846
19830307,3.6017316342972463
19830308,7.676538599162832
19830309,0.09891910922004298
19830310,0.4076786352805321
19830311,0.7886549166323906
19830312,0.0002386087839098136
19830313,0.01443660998581928
19830314,0.03280692709176372
19830315,0.0017964045989422594
19830316,0.0
19830317,0.043586295896636054
19830318,9.221429346736901
19830319,3.7443954260488668
19830320,2.8312989945734963
19830321,13.413514663191751
19830322,2.1478948433843525
19830323,0.03507080789442997
19830324,0.002408254788427611
19830325,0.0019257617088815355
19830326,0.00011940225121839081
19830327,7.9677826932498865
19830328,6.299186196960125
19830329,0.2975075828016672
19830330,0.0015948658497541499
19830331,0.001746557879050042
19830401,0.3103805822155945
19830402,25.39656327730206
19830403,3.7789110363506935
19830404,0.5463030789687755
19830405,1.1367091530017608
19830406,5.601935309997813
19830407,5.414109809208896
19830408,0.8184472284280638
19830409,20.00694892438118
19830410,4.386957260035445
19830411,1.8087513873490337
19830412,0.0014419205044578934
19830413,6.787400444062765
19830414,17.38830403427664
19830415,0.12222651752448632
19830416,0.10182135886414534
19830417,3.045754387104288
19830418,0.7460394366628881
19830419,0.18992869528523296
19830420,0.0012554160846824085
19830421,3.741933977049471e-05
19830422,0.04213838264322922
19830423,0.0681198173172115
19830424,0.026161666193373265
19830425,0.0
19830426,0.01669891434026135
19830427,0.5143378741391685
19830428,7.3578803656488985
19830429,1.7320193466153064
19830430,30.627670250182977
19830501,6.5667367325752695
19830502,14.385509126514838
19830503,14.376092050111284
19830504,2.5056279182632695
19830505,0.184839516166301
19830506,0.13745252070552852
19830507,2.958633929572169
19830508,5.4999208143682266
19830509,0.0
19830510,0.0
19830511,0.0
19830512,2.910748607358804e-05
19830513,0.10734447169906822
19830514,9.64094624740146
19830515,15.977758644505627
19830516,0.002561020910361044
19830517,0.4134990188207177
19830518,0.0
19830519,22.725905351885565
19830520,0.129866436987248
19830521,0.17672466540855533
19830522,24.15185637237597
19830523,0.759609588282578
19830524,0.02235705255938012
19830525,5.299358654030505
19830526,0.009404502546437647
19830527,0.0011738420155526588
19830528,1.6298103109221131
19830529,5.865814667612969
19830530,0.5155931622805352
19830531,1.6485525378601316
19830601,0.5612080002512261
19830602,0.5327089292409471
19830603,8.922634105277156
19830604,2.9662934726167225
19830605,1.369794029564848
19830606,17.358324484649813
19830607,0.0018395541333007877
19830608,0.0
19830609,0.006721410215766141
19830610,0.3823041335278447
19830611,0.00015191253075059642
19830612,0.0
19830613,3.928381406204381e-06
19830614,0.0009969144538287656
19830615,2.3436728582975523
19830616,0.06078409012216612
19830617,0.20212221043551493
19830618,1.9986931592963495
19830619,4.602008180124325
19830620,0.30577540149547583
19830621,0.0
19830622,2.707434649114048e-06
19830623,0.0
19830624,4.335676824148908e-05
19830625,0.0
19830626,2.4051069520317636e-06
19830627,3.337310955284054
19830628,23.868813772498786
19830629,0.3636207576591158
19830630,7.959356836760788
19830701,2.1585762148967698
19830702,23.34343607738824
19830703,0.6276843140167149
19830704,11.614434193893567
19830705,0.7715666241854537
19830706,0.00553536822011341
19830707,0.0
19830708,0.0
19830709,2.496160315162798
19830710,0.1502167615655247
19830711,0.0035724348366406025
19830712,0.2443454814902322
19830713,1.5941760834446716e-05
19830714,0.043025055955445854
19830715,0.12196037404160728
19830716,0.008839389442462327
19830717,2.651125009230093
19830718,3.8840072826481364
19830719,2.5431337891799517
19830720,2.9002471195618855
19830721,0.3773036926700048
19830722,14.102966907027607
19830723,8.024670137312032
19830724,6.064700282236337
19830725,0.9559799289885452
19830726,5.563947926003732e-05
19830727,0.0
19830728,0.004236125420091652
19830729,4.928340115915426
19830730,4.892414512221292
19830731,9.995079937213303
19830801,6.685882880387098
19830802,0.0035912860788023465
19830803,0.0009222218319766874
19830804,9.101743676622197
19830805,1.1287697280228424
19830806,0.1745309070229219
19830807,0.1970043244491247
19830808,0.0
19830809,0.06854271174523409
19830810,0.014169103013517908
19830811,23.430550759398407
19830812,0.04587075393261216
19830813,0.0
19830814,0.0
19830815,0.03668846548893702
19830816,0.0037301755510522486
19830817,0.8297710313287116
19830818,4.914042452594643
19830819,0.09808806115273991
19830820,0.17455557743861055
19830821,1.7355963961370653
19830822,6.383080354749629
19830823,0.09394134107980952
19830824,0.0
19830825,0.0
19830826,0.31962309904791175
19830827,1.3284129642730784
19830828,0.7550763456575267
19830829,0.0795029402843341
19830830,2.8504882710338166
19830831,10.476769745971302
19830901,0.005244178328071922
19830902,0.0003294327532206898
19830903,0.0
19830904,0.006988331406979291
19830905,0.2525631531871665
19830906,4.1773035356242705
19830907,6.686115353363733
19830908,0.0
19830909,0.0
19830910,0.0
19830911,2.190923866610634
19830912,0.4931569894714501
19830913,0.19786676532255265
19830914,0.0021960518255217326
19830915,0.34458768881366764
19830916,13.260357706445554
19830917,0.08774804174541896
19830918,0.35232056006252227
19830919,0.2710549558972513
19830920,6.387857371030809
19830921,17.240637481624468
19830922,0.3989684551362923
19830923,0.3539185087201511
19830924,0.0
19830925,0.4486688090857189
19830926,1.2508631128040832
19830927,0.0002365368511632397
19830928,1.393359551305556e-06
19830929,0.0025092208442121238
19830930,0.00024175358680176084
19831001,0.07450430087244987
19831002,0.04806835535747197
19831003,0.0036444479514750236
19831004,4.6775845920939965
19831005,14.97067921010301
19831006,2.5273757203749355e-05
19831007,0.0
19831008,4.795908782371148
19831009,0.5229883620121332
19831010,0.039891188071904615
19831011,0.017899028065557838
19831012,2.5201204365271948
19831013,46.32999102212317
19831014,0.7182372465431837
19831015,0.0
19831016,0.6464550268437761
19831017,0.03195360435378622
19831018,0.9624180338126065
19831019,0.029074903457655833
19831020,10.237416392246116
19831021,1.5228342462891424
19831022,31.71268135250458
19831023,6.174064183126947
19831024,0.6515447844911108
19831025,1.8172174436133126
19831026,1.715025788997133
19831027,0.00026987142598993433
19831028,0.0
19831029,0.0026234662911846043
19831030,0.0
19831031,0.09605635682842503
19831101,2.11841896631576
19831102,14.392606986417618
19831103,0.7561418199441449
19831104,6.0753923796431766e-06
19831105,1.4400687485206764e-06
19831106,0.0
19831107,0.05073194292172782
19831108,7.663477532189617e-06
19831109,0.0
19831110,10.348355442114734
19831111,20.690958648186317
19831112,0.0032893282864571516
19831113,0.0
19831114,0.032735210343037016
19831115,11.404543998262094
19831116,7.371061412337908
19831117,0.32094365218644444
19831118,0.033190708433223214
19831119,5.010334758286769
19831120,8.91192197565602
19831121,0.0008139584069096117
19831122,0.0014143682037775426
19831123,24.091868886674195
19831124,3.9372725586599193
19831125,0.0037967777373901163
19831126,0.00032388955297474553
19831127,3.262244883075687
19831128,27.819488894940154
19831129,0.2187859533610584
19831130,0.03301967324275262
19831201,0.04803867217202204
19831202,2.3113425446838627
19831203,0.08120471854118758
19831204,9.148418074810458
19831205,0.5655729792121063
19831206,23.41352908447721
19831207,0.9955693708523807
19831208,2.542262826099061
19831209,3.6659647115540976
19831210,0.03254784526470932
19831211,17.587548290656365
19831212,7.114830375449362
19831213,0.556269595363197
19831214,4.194678688992799
19831215,1.0972329231911155
19831216,0.31517712811674675
19831217,0.17708203897874353
19831218,1.2915611998188625
19831219,0.10141819409254149
19831220,0.2177447521130214
19831221,7.426008248555596
19831222,14.843772437785601
19831223,0.2757502600961091
19831224,0.27441465801998816
19831225,0.3405461668316018
19831226,0.0019942600895372837
19831227,0.21043297863158678
19831228,7.387664682590846
19831229,0.1690046373256282
19831230,0.0025999311678346153
19831231,1.4417592743081812e-05
19840101,0.5845856857072516
19840102,0.14111186305154894
19840103,0.17678251260415664
19840104,0.001719018176950295
19840105,0.8772279778774564
19840106,0.18082283920461759
19840107,0.079440864375047
19840108,0.1602176946157345
19840109,4.375722396677928
19840110,2.4976345526481443
19840111,0.005273730750323632
19840112,0.0009636295973205057
19840113,1.3303169032118682
19840114,0.3560873873099665
19840115,0.0693405598462243
19840116,0.27557973622678444
19840117,0.33546644095194555
19840118,1.7551727678287112
19840119,0.021503647285430555
19840120,0.14104648549047033
19840121,0.0003691384042620294
19840122,0.0001441988045046532
19840123,0.22489309161232202
19840124,3.5351566408179034
19840125,0.008933048857484503
19840126,0.00041941886292271106
19840127,0.12284040789637679
19840128,0.7240788513238515
19840129,1.6874598160842944
19840130,9.922686055213815
19840131,0.26374204928892514
19840201,0.02987455886187556
19840202,0.057643100640763716
19840203,5.603631269944558
19840204,1.7159297718364606
19840205,0.7263037595132287
19840206,0.2937336638742174
19840207,0.06929720971768587
19840208,0.0
19840209,0.0
19840210,4.0536070994473015
19840211,4.18560510400634
19840212,0.9824250138008107
19840213,5.365040786165948
19840214,0.9437496726570475
19840215,0.0
19840216,0.0017604270709725975
19840217,3.6722310299986227
19840218,0.34276634851694066
19840219,2.505963201397535
19840220,0.37382266426333965
19840221,0.002785846920663406
19840222,0.0
19840223,0.0
19840224,0.9018245436305552
19840225,8.961416002123828
19840226,3.37855465442705e-06
19840227,11.611464373475753
19840228,10.356480261593614
19840229,1.2745268041736062
19840301,0.004185743451104301
19840302,3.939504944150088e-05
19840303,0.0
19840304,1.430157954548157
19840305,7.540505231169313
19840306,0.19692934987544353
19840307,0.0059842148322590905
19840308,8.288935947586534
19840309,0.03187844265918211
19840310,0.004205195725961673
19840311,0.5152215859870539
19840312,0.31086753290759606
19840313,8.583217297682026
19840314,0.18866409897679026
19840315,2.25959363234041
19840316,14.567211290941259
19840317,0.1430294407466121
19840318,2.192513881778228
19840319,0.30629690359905093
19840320,13.441875893267039
19840321,16.297752526483027
19840322,8.680605952181056
19840323,0.11944074403246673
19840324,0.25862161890151003
19840325,5.4880389295703065
19840326,0.33071155696817917
19840327,3.5136513584044025
19840328,1.6295165355860495
19840329,2.9280267579496706
19840330,1.023521705327111
19840331,0.2073288977683983
19840401,0.0
19840402,0.0003252918751806436
19840403,6.624717372874148
19840404,8.062680142037596
19840405,17.58377290821032
19840406,3.984244137541171
19840407,0.028850754977083105
19840408,0.0
19840409,0.9633310241368344
19840410,0.0
19840411,0.0
19840412,0.5719904794190505
19840413,8.481738698847428
19840414,5.074492744296399
19840415,5.859063817777724
19840416,5.486245064566778
19840417,4.729010977825696
19840418,3.9399749926439007
19840419,1.115263922485448
19840420,0.24969439860691967
19840421,0.006324412782118177
19840422,27.16305371699077
19840423,6.848551943754626
19840424,1.9254966997537333
19840425,0.038104684018605714
19840426,0.26622960723083783
19840427,3.220648780868207
19840428,0.7030579606547188
19840429,0.478950942824142
19840430,5.262701005164509
19840501,0.26857364731535965
19840502,0.0
19840503,2.682910598189552
19840504,4.647099370235111
19840505,0.7355094390014176
19840506,0.007799436316490467
19840507,2.243552284374969
19840508,3.9403726130581402
19840509,1.6347497968387454
19840510,0.02858331425509284
19840511,7.15044200106503
19840512,6.667835383881738
19840513,4.234561680814706
19840514,0.14480927773366717
19840515,0.0005191157716772969
19840516,0.0
19840517,0.02834321806744351
19840518,0.02587407943014664
19840519,3.213540439353296
19840520,30.898711229008075
19840521,2.9099914811458993
19840522,7.2198990086820025
19840523,18.21606254803402
19840524,0.0
19840525,0.06849847324865649
19840526,19.695615686448228
19840527,0.008044551248851804
19840528,12.474021223232128
19840529,2.9584649218224084
19840530,2.1084075482724334
19840531,0.24754444586214022
19840601,8.007845550936837e-07
19840602,0.10960175076735826
19840603,0.7155493809751934
19840604,0.0
19840605,0.11249954535502242
19840606,0.10330968593809722
19840607,0.12072993717278349
19840608,0.34234690430159576
19840609,0.7379985344979191
19840610,0.24170376419281028
19840611,1.8077317077331313e-05
19840612,0.04971144790890496
19840613,2.0634591729880407
19840614,2.9050578426153977
19840615,1.4439097336768889e-05
19840616,0.9704138064796286
19840617,0.6666753839031335
19840618,6.192732232598155
19840619,0.05868967295442798
19840620,0.6694534728983246
19840621,0.01091270202063577
19840622,0.1631307887114309
19840623,1.9735967463019906
19840624,0.08990128820441926
19840625,7.24167346610248e-05
19840626,0.0028800969238370394
19840627,5.515225564427185
19840628,0.016369210312465857
19840629,0.475968602221452
19840630,0.09525339866203522
19840701,0.25971516865106714
19840702,0.05580393285354142
19840703,0.001135054912408663
19840704,13.14336728857766
19840705,2.0413390716591553
19840706,5.18539236019141
19840707,0.01154340533236242
19840708,0.0
19840709,2.45659197467
19840710,2.2089570129892944
19840711,3.4738942410757208
19840712,0.17016043403122585
19840713,0.02330459620878926
19840714,0.01380534161997456
19840715,3.7084652098063606
19840716,0.04409614180636345
19840717,3.576011275722334
19840718,2.1320266992974766
19840719,0.0
19840720,2.0765486950653664
19840721,1.873001060970416
19840722,0.0002520104236258814
19840723,0.0
19840724,8.862426501107347
19840725,0.6696243970238478
19840726,14.9821124977302
19840727,6.168043233656785
19840728,0.07171368867373071
19840729,0.0059929584918003
19840730,2.9080393418920908e-05
19840731,0.04970701090879072
19840801,0.46122094034445105
19840802,5.923568967488278
19840803,14.03799028391018
19840804,8.813099235075248
19840805,2.167990008161707
19840806,0.44338430512588156
19840807,1.4479811517638934
19840808,5.170463769716782
19840809,6.016638569899621
19840810,3.0509552275575795
19840811,5.216895518203707
19840812,0.5627700713932772
19840813,0.27005204518028547
19840814,0.12110933527755596
19840815,0.00017256817906879574
19840816,0.17333479001224725
19840817,0.42910080479764345
19840818,2.1379093795386868
19840819,0.19156657608353014
19840820,0.0
19840821,0.0
19840822,4.736209381008543
19840823,0.039048177601495294
19840824,0.006204747214143764
19840825,0.0
19840826,0.0
19840827,0.008128725653042092
19840828,7.864571063060327
19840829,11.288735147331098
19840830,13.066971586376868
19840831,0.0
19840901,4.265436236341321
19840902,0.23293696001816022
19840903,4.631141168987075
19840904,0.38277916540159534
19840905,0.037136829346198955
19840906,6.839536054699148e-05
19840907,3.9072860781886596
19840908,0.0
19840909,11.073680251523482
19840910,6.85643234491595
19840911,14.667065265582842
19840912,0.0
19840913,1.5927065031889551
19840914,2.8457185071100835
19840915,4.048710410757652
19840916,0.006652069575548386
19840917,0.00012314329848263564
19840918,3.741973665675485e-05
19840919,0.0
19840920,0.009321802143230631
19840921,6.33176350794468e-05
19840922,0.0
19840923,10.804851949694081
19840924,1.8427135420281633
19840925,15.85543178128452
19840926,4.66890381713462
19840927,2.7866541301476917
19840928,1.0229059604201893
19840929,0.12556897159090394
19840930,0.44181981356577044
19841001,0.43480348121568896
19841002,0.0
19841003,0.00836679184017097
19841004,0.0
19841005,0.0
19841006,0.15497122693863058
19841007,20.064982432086666
19841008,6.699035275066776
19841009,1.1027504405637716
19841010,0.613433236708255
19841011,0.0982468638747726
19841012,0.05754371895043581
19841013,2.210025294205366
19841014,8.589466904701716
19841015,4.810581649634614
19841016,2.5522411059545167
19841017,1.3297941247070098
19841018,6.224012600051373e-06
19841019,13.814191361167916
19841020,1.2221646903868364
19841021,23.588285354263476
19841022,0.6358990147248337
19841023,2.4039146170798164e-07
19841024,1.0776863940406973
19841025,3.7686851765583707
19841026,1.3407074672184658
19841027,0.6543520382877166
19841028,2.0360875923146753
19841029,1.3783370033040248
19841030,0.6241831011415625
19841031,0.056697730230225826
19841101,16.91419048445061
19841102,1.788344034715754
19841103,0.0
19841104,8.561566635956094
19841105,0.3973778225879949
19841106,0.4714795486641143
19841107,0.0
19841108,0.009466041186630006
19841109,4.788719251929297
19841110,7.101292906029767
19841111,17.12496244537121
19841112,0.08154578566271153
19841113,1.6864655063661736e-07
19841114,3.165674679390349e-06
19841115,6.4272263412628
19841116,0.04881360120132668
19841117,6.938072307069192e-05
19841118,1.2411127720916686
19841119,0.16169573053757372
19841120,0.004998886266184909
19841121,0.00011496955327317085
19841122,1.3801222254753805e-07
19841123,0.00011970783074668214
19841124,0.0
19841125,0.0
19841126,0.0009674149803786105
19841127,5.169805535456254
19841128,25.2192707092747
19841129,0.0013037690063557232
19841130,0.8218084070968128
19841201,0.43784668005665994
19841202,0.09144120485277615
19841203,5.259060119800776
19841204,0.03320567768051339
19841205,0.2323838490271399
19841206,6.0854317995144465
19841207,0.11638566017271197
19841208,0.0
19841209,0.001143679239630329
19841210,1.2808751384528492
19841211,0.056199508618820226
19841212,1.7909204601438793
19841213,5.354250599445834
19841214,7.631250327425298
19841215,0.17415926843869187
19841216,0.038915113767973256
19841217,0.11856388877877132
19841218,0.018194618191075315
19841219,4.3054573402668534
19841220,0.005606554819622648
19841221,14.214227079786205
19841222,4.40040389866464
19841223,0.0
19841224,1.1749131870130314
19841225,0.595032619193856
19841226,2.6866609892576694
19841227,1.8567032704484165
19841228,1.0076493005499945
19841229,6.593677565647739
19841230,19.054668628220778
19841231,3.0620306075777184
19850101,23.630367486639052
19850102,0.09628922099371284
19850103,0.00010722432022263486
19850104,0.09568369949581414
19850105,0.08199315896298415
19850106,0.003437978803865298
19850107,1.1268185604425736
19850108,0.814373026092139
19850109,7.183865462470526e-05
19850110,3.9475041311895853
19850111,1.207977639434537
19850112,0.1886737746048553
19850113,0.00014915131358518804
19850114,1.2582399318137294
19850115,0.3840411391595279
19850116,0.2215773961189812
19850117,3.9358236643499276
19850118,4.731252784566135
19850119,0.5688993232042918
19850120,0.1678843130264835
19850121,0.4140892676614809
19850122,0.9960040273665568
19850123,0.09824552626732774
19850124,2.404848121932105
19850125,2.9405060758243278
19850126,0.27806911413270996
19850127,0.09601037455321232
19850128,0.3042670647115109
19850129,0.13995034114695068
19850130,0.07825285725452212
19850131,3.3677016369678974
19850201,0.4845173363271436
19850202,1.5199422534637541
19850203,0.0034965997967558986
19850204,0.0030491125808946792
19850205,4.7792309824560295
19850206,1.125048045890665
19850207,0.3094658301931676
19850208,0.05437816209321928
19850209,0.000921140873454931
19850210,3.0657027565100305
19850211,18.462529679126106
19850212,19.0729406107801
19850213,7.159666637700025
19850214,2.9913323163547068
19850215,1.5020541665044411
19850216,0.035287245057708305
19850217,0.11048280056800622
19850218,0.375242479446932
19850219,0.5089022297739871
19850220,0.0016115306563963406
19850221,1.164946163070964
19850222,7.364043511725804
19850223,27.097961366914525
19850224,15.357655323785973
19850225,0.01626046377734723
19850226,0.023242966108734366
19850227,3.253746037568851
19850228,2.1257079444102057e-05
19850301,1.4633944301262563
19850302,0.5076807382256698
19850303,0.00041864370691881836
19850304,19.860877268108162
19850305,0.8719263768372383
19850306,0.00831120356127567
19850307,2.6390978426253637
19850308,2.94888901568695
19850309,0.0
19850310,0.0035815473747364077
19850311,13.301212119895238
19850312,1.2485723387808076
19850313,0.5952106703668578
19850314,0.32826660922849954
19850315,2.5256559293198076e-07
19850316,0.11894755391312933
19850317,0.6148791898348069
19850318,0.0012996430891672544
19850319,0.835880381756835
19850320,2.827351789030524
19850321,0.0
19850322,1.7590209005659023
19850323,6.553376684719322
19850324,2.1407193276862873
19850325,0.15690732861427167
19850326,0.0
19850327,8.038559961953663
19850328,25.779845734853627
19850329,14.219834769635124
19850330,10.26747897038795
19850331,13.108449008301326
19850401,1.1688789450611357
19850402,0.007160223921321553
19850403,4.297330439871336
19850404,2.4594547160956974
19850405,7.9058164185470545
19850406,12.851919629817381
19850407,1.698813090477306
19850408,2.990351863053195
19850409,0.5256295955788254
19850410,0.05187087503676618
19850411,1.825349642455603
19850412,0.022821802004775772
19850413,0.8778530632398885
19850414,1.6912379949066914
19850415,1.202555570418146
19850416,0.4626249460468107
19850417,1.0156684100641906
19850418,0.050123818158907284
19850419,0.00991974229915598
19850420,5.2215577729223186e-05
19850421,0.0027390137334857402
19850422,0.0007238634493842783
19850423,0.21984940149731189
19850424,7.190001665692774
19850425,0.043370602906687226
19850426,0.019524679396510182
19850427,0.6021897154519009
19850428,0.5870205279619982
19850429,0.0
19850430,0.0
19850501,5.345042577933891
19850502,8.653052608127876
19850503,0.0
19850504,0.0
19850505,0.25755095011645635
19850506,4.218829337960586
19850507,0.0354321576047709
19850508,3.001553897406366e-05
19850509,0.0
19850510,7.974718933590457e-05
19850511,0.30506629276956737
19850512,2.077534273716431
19850513,0.14711827694405408
19850514,0.3563309646862077
19850515,12.151622208614874
19850516,8.08745258325337
19850517,9.450978243895108
19850518,2.2253626763671486
19850519,0.02180220003526647
19850520,3.1606932524493647
19850521,6.17923068809554
19850522,0.0
19850523,0.0
19850524,0.0
19850525,0.0
19850526,0.0209695382108896
19850527,12.841331009020834
19850528,28.27344962183401
19850529,0.0
19850530,0.1065497411858325
19850531,20.400070546549614
19850601,0.0
19850602,1.7129753298405834
19850603,9.111832503245905
19850604,0.39037156116678556
19850605,8.16534486206048
19850606,8.607701750438716e-05
19850607,0.007327707992032142
19850608,0.33343693753030335
19850609,3.676432935055334
19850610,0.0020969679460117034
19850611,21.84264997821598
19850612,9.54661358694707
19850613,0.5548426133781772
19850614,0.26793090458067587
19850615,7.732321897528395
19850616,3.9756283824787055
19850617,10.03244344140511
19850618,1.6172222718137756
19850619,0.2017714426476861
19850620,0.20586975691680937
19850621,0.12482911193874746
19850622,9.034605144572634
19850623,0.06069532863169859
19850624,0.029160872658830633
19850625,0.0
19850626,0.0
19850627,0.0
19850628,0.0016053172043561895
19850629,0.02158274885379442
19850630,0.4488608269481881
19850701,2.6444419077739405
19850702,5.119627197570027
19850703,0.3336340543476502
19850704,0.11854345106310175
19850705,6.160448674288106
19850706,0.3685405632195974
19850707,0.5305521329740797
19850708,1.5017358496288962
19850709,0.6296660891060113
19850710,12.727571328050917
19850711,0.01212361458187051
19850712,0.21937164713506344
19850713,0.7192014676867015
19850714,17.192721441377312
19850715,14.917092462288405
19850716,1.8925783492031472e-05
19850717,0.0050322532144306525
19850718,3.960121032686919e-06
19850719,0.015489286336018065
19850720,2.096120547051978
19850721,0.5303946007875154
19850722,0.04226812975173629
19850723,0.0
19850724,0.004822015420712691
19850725,0.013952578610285912
19850726,8.4132347054849
19850727,2.4657298785355372e-05
19850728,7.995049417644781e-07
19850729,0.0019639210126118495
19850730,0.23685264554467272
19850731,12.759636051645304
19850801,0.32439436682543044
19850802,0.0014888197885112894
19850803,0.0
19850804,0.0004888091733684662
19850805,12.206631978748463
19850806,5.7205854496758555
19850807,6.4385534908288875
19850808,0.05135320140221067
19850809,7.039913982396869e-05
19850810,2.6980980701346997
19850811,0.7236846114639999
19850812,0.00040779806315570117
19850813,6.135417841472863
19850814,11.845780027252001
19850815,32.744977734207936
19850816,0.6677372239374636
19850817,0.017192354782590246
19850818,1.7546235603859706
19850819,0.2231299139270777
19850820,0.2172875070786149
19850821,0.06627774613516968
19850822,0.044523298155796046
19850823,0.0015368762305306334
19850824,10.462660496466803
19850825,9.531480371449026
19850826,5.48447179495579
19850827,0.6681173254172983
19850828,0.0009009349941876028
19850829,0.008735109644005574
19850830,18.00945192835942
19850831,0.06534394855140206
19850901,1.1770192479073796
19850902,2.8624223166929386
19850903,0.0060580968527755965
19850904,1.2554901714581232
19850905,1.1108298739451845
19850906,0.1520414741516867
19850907,1.6031522247436922
19850908,3.4937842742427865
19850909,15.598945759912297
19850910,3.7326758414083043
19850911,0.12223010587493852
19850912,0.016414700104016574
19850913,0.0
19850914,3.576546503052954e-06
19850915,0.0
19850916,0.0
19850917,0.0
19850918,0.17261812973874036
19850919,0.0
19850920,0.0
19850921,0.19209140274848732
19850922,0.005125699874561422
19850923,3.6897391419592083
19850924,6.529594794877594
19850925,0.021860377644779758
19850926,2.790098741655429
19850927,0.08662794025271674
19850928,1.1434209484820242e-05
19850929,0.0
19850930,6.175698254940887
19851001,2.002210427400991
19851002,0.0
19851003,0.0
19851004,6.359002495687862
19851005,1.8346069649234946
19851006,0.12791508662598886
19851007,0.0
19851008,0.7986911587872543
19851009,2.1105264479057153
19851010,2.021211046369725
19851011,3.387552868745072
19851012,4.990763527604416
19851013,4.685776393506192
19851014,7.471875356867533
19851015,10.052182342076536
19851016,2.2949773188764356e-05
19851017,0.0
19851018,3.957336631882275
19851019,17.486451024764047
19851020,0.25131008422138745
19851021,0.0299206656115203
19851022,0.18724093932690378
19851023,0.17792480876725061
19851024,13.454328453701477
19851025,0.0
19851026,0.0
19851027,0.00018248374473205656
19851028,0.0
19851029,0.0
19851030,0.04109733433592104
19851031,3.30685846845153
19851101,0.4766264125135881
19851102,2.666858922324274
19851103,10.044275340740281
19851104,2.577367320663601
19851105,1.604812180884665
19851106,0.2551215760140536
19851107,4.058151226726537
19851108,0.2893580610493022
19851109,5.947937109452246
19851110,21.094316160211978
19851111,3.9501736516944552
19851112,1.7241939465094303
19851113,10.09571729592348
19851114,8.418028856879907
19851115,4.272064679266585
19851116,23.895770172118375
19851117,7.644461659232134e-06
19851118,5.798399555170408
19851119,9.882558364306014
19851120,1.9428155809079202
19851121,2.598071607075233e-05
19851122,4.55018984721917
19851123,0.0038288775904775094
19851124,0.002953076671141822
19851125,1.0387377026817761
19851126,9.160848609140556
19851127,3.034873316038
19851128,8.97564860604062
19851129,0.08956506767331217
19851130,0.2009294112309993
19851201,10.945585777764395
19851202,1.249194652954369
19851203,0.07451940257349302
19851204,0.00010213215251307341
19851205,2.7684273766151444
19851206,1.2567201571090534
19851207,0.04009546247873613
19851208,0.021940325272040408
19851209,0.03513009877895142
19851210,3.4950959734639726
19851211,24.711339188118927
19851212,0.3207948527504354
19851213,2.162436285440655
19851214,0.11794778271352041
19851215,0.07946326443680872
19851216,0.8195106899456657
19851217,2.052437636467717
19851218,0.1786210378856879
19851219,0.008798790004519176
19851220,1.2281923672023471
19851221,0.049735386228646664
19851222,2.3723261033895477
19851223,0.7007105491465221
19851224,3.8251416748078264
19851225,0.2874080814227648
19851226,2.822146012448665
19851227,2.189918832282494
19851228,0.07661920485149724
19851229,0.5395694491671359
19851230,0.0011809786876599913
19851231,0.7657482749665268
19860101,0.09792405409195974
19860102,0.2988891282323117
19860103,3.9047238722804085
19860104,0.38551513914644053
19860105,3.5475713967036717
19860106,0.16605644894870183
19860107,0.02599277325628288
19860108,0.00023949812170217608
19860109,0.0
19860110,0.0015225767034691047
19860111,0.0005461553553329104
19860112,0.10863780622857495
19860113,0.9589530436949733
19860114,1.5040485930928662
19860115,0.0797518509179965
19860116,0.0
19860117,0.8568388726541576
19860118,0.45359118983430785
19860119,21.3329777733961
19860120,0.28471753665100585
19860121,0.003669100523506394
19860122,0.10840572405279389
19860123,4.8775258567581496e-05
19860124,0.014410474674360524
19860125,3.485577496329569
19860126,1.5711529101788708
19860127,1.4898659040545765
19860128,0.040066557931603373
19860129,2.7927554074871512
19860130,0.16236016795455366
19860131,0.1765521579529638
19860201,3.9409091291748157
19860202,0.3881757658170594
19860203,0.4357800784658784
19860204,22.93843766041892
19860205,3.5515736359131025
19860206,0.9325866940215596
19860207,14.839372374160895
19860208,0.3713074430891437
19860209,0.12620003155944712
19860210,0.362001182411279
19860211,0.3413844770175051
19860212,0.15071057542408303
19860213,0.02191135461902164
19860214,3.83075942366433
19860215,0.11173579647209346
19860216,2.7475350695063883
19860217,3.257516091803493
19860218,1.112254985360629
19860219,5.509998304146671
19860220,1.3321392761424282
19860221,14.881769386405173
19860222,0.004538571956225281
19860223,0.05098525443188439
19860224,1.256466927443457
19860225,0.0012795146136521437
19860226,4.723696817122946
19860227,1.9570613867104474
19860228,0.25333255138704014
19860301,5.480850308531887e-05
19860302,1.3143315002034401
19860303,2.4323313576514587
19860304,0.8672610063665558
19860305,0.024139977676026374
19860306,4.92949848300897
19860307,0.7666061266966316
19860308,9.580883084685286e-07
19860309,0.5652580461473735
19860310,7.126630176376214
19860311,2.565077418337588
19860312,9.076233172568893
19860313,23.81833820458962
19860314,0.7650636769502347
19860315,0.1911163961850478
19860316,0.017286177234086195
19860317,0.10263676828571212
19860318,1.5517918528978973
19860319,19.93161180994968
19860320,0.13634359535449
19860321,0.00015250951811567675
19860322,0.0
19860323,0.10011598867736761
19860324,2.56941781941789e-07
19860325,0.0014617085507353266
19860326,3.160186416831605
19860327,0.08616177007228683
19860328,0.0
19860329,0.0
19860330,0.01327672097235111
19860331,5.363666886639853e-06
19860401,2.939323631440096
19860402,0.470492572353379
19860403,0.7692667078918844
19860404,5.039849627995217
19860405,2.2318278674214964
19860406,0.9869051172981818
19860407,0.06063278434575733
19860408,1.4063095501039606
19860409,0.7128078933315801
19860410,0.03910429193543122
19860411,0.004643555312927192
19860412,0.0
19860413,2.5534029704108785
19860414,0.8037771092472838
19860415,8.473896700350803
19860416,3.27164937769452
19860417,1.055709319833305
19860418,3.4948051963212865e-05
19860419,0.6286561376154723
19860420,19.304408148324594
19860421,7.8195687040920285
19860422,0.5400616298592814
19860423,0.00048099425505751905
19860424,0.0
19860425,0.15049497478734183
19860426,0.0013878247874166035
19860427,0.0
19860428,1.4447500761118957
19860429,0.1136723802773108
19860430,3.4610149689584637
19860501,1.5967289536049578
19860502,0.0
19860503,0.0
19860504,0.0
19860505,0.20336102118244023
19860506,5.482073044949536
19860507,3.0603662244275998
19860508,1.4893278512828077e-05
19860509,0.0
19860510,0.0
19860511,0.0
19860512,0.4829808079958955
19860513,0.859380037529745
19860514,3.0473400774381085
19860515,6.396340830911686
19860516,13.156838424258419
19860517,5.149279925744866
19860518,19.681903576665285
19860519,3.636269352623065
19860520,1.1329664431436122
19860521,1.522604249705325
19860522,1.4156264482025493
19860523,0.07868676512011712
19860524,0.010265554904712959
19860525,0.13968434381439782
19860526,0.3454977444617491
19860527,16.95633053492021
19860528,0.33937343943346965
19860529,0.8664936233133083
19860530,2.5167498096031844
19860531,0.17775801740252653
19860601,0.6328776671637392
19860602,0.11866288869402938
19860603,0.0
19860604,1.376697995306549
19860605,23.40349105935108
19860606,11.713275753525805
19860607,11.256255488613409
19860608,1.295191930556621
19860609,0.0
19860610,9.605215488414638
19860611,11.873573758911089
19860612,8.650959320596838
19860613,0.23514453332106888
19860614,2.7127705988354833
19860615,10.401026571768696
19860616,3.5958882124530818
19860617,0.1922655050981804
19860618,0.0014872921613889685
19860619,2.5509970445263703
19860620,5.940689738633751
19860621,0.0
19860622,1.6561295674766896
19860623,1.0301671049158874
19860624,0.2450183907825937
19860625,0.0
19860626,0.0
19860627,9.187108082050411
19860628,15.253539044436927
19860629,0.3600069188158166
19860630,11.969384703583257
19860701,10.252908792760548
19860702,4.317774498886575
19860703,0.15774409454303973
19860704,0.0
19860705,0.0
19860706,0.006744048542956702
19860707,1.1231823393777065
19860708,3.285267460085433
19860709,15.270467876091788
19860710,0.07943883664397128
19860711,49.76265927181309
19860712,25.214057579638013
19860713,7.903367527416232
19860714,0.023774628730746854
19860715,0.16517138959296052
19860716,6.645718412685996
19860717,0.046058300274143114
19860718,0.011950492201954122
19860719,0.05726361645359393
19860720,0.5371435138110804
19860721,0.43994484736056305
19860722,0.04676331736641766
19860723,0.05830404627522345
19860724,0.0
19860725,3.926085380680772
19860726,11.948141799977975
19860727,1.1497059701646508e-05
19860728,1.5254129273337034
19860729,0.20499873211890898
19860730,0.0
19860731,0.001768278495689246
19860801,1.1284853004918172
19860802,2.3754048635075433
19860803,0.1997876231848117
19860804,0.13193418328043463
19860805,0.025635076365055406
19860806,4.186929308828638
19860807,4.409348194805346
19860808,0.9310143209547669
19860809,0.06572872394090869
19860810,4.973036676887899
19860811,0.5188414050970169
19860812,0.0004942890922851617
19860813,0.0
19860814,0.0004804241839806958
19860815,4.529736872467798
19860816,3.131949726353346
19860817,0.6052135962373373
19860818,0.11725265032471514
19860819,0.4887914234129676
19860820,0.25783624303644326
19860821,0.5003073357508335
19860822,0.2156497126329651
19860823,1.2908675178077917
19860824,0.0
19860825,0.08264143638628761
19860826,1.394765716236381
19860827,6.3609317252542805
19860828,0.3148754807705897
19860829,0.0005439161294056081
19860830,0.0
19860831,0.0
19860901,0.0
19860902,0.14310787291054522
19860903,0.1298254325561855
19860904,3.1962460467734792
19860905,0.004092960099902279
19860906,9.580883084685286e-07
19860907,0.4748831797794193
19860908,0.0
19860909,0.0
19860910,0.17620486304759148
19860911,24.781197552246915
19860912,34.31648828302613
19860913,0.02183613219150682
19860914,0.15148277785719327
19860915,0.20966085390996153
19860916,0.0363951595995366
19860917,0.0
19860918,10.536132445049278
19860919,0.5483739255079146
19860920,7.180032890341572
19860921,0.0257763396202057
19860922,3.977891663508076
19860923,5.6085556300370385
19860924,5.75906412831137
19860925,7.3678930619073135
19860926,6.267811411258809
19860927,13.508605316078924
19860928,0.6082835174132402
19860929,0.07945761315255997
19860930,16.727316933954796
19861001,19.720326323767054
19861002,1.6289157847414615
19861003,34.296709816837506
19861004,10.591221492240791
19861005,0.49923225993203635
19861006,1.4791113522593797
19861007,2.874264925411627e-06
19861008,0.02651197945232955
19861009,3.581363421586075
19861010,0.0001521111494903977
19861011,0.026621366051993615
19861012,6.466642329970684
19861013,5.6043174640563915
19861014,5.2688914401122515
19861015,0.27327941220863355
19861016,0.030273505927705266
19861017,0.10176692105632223
19861018,0.003956742635019938
19861019,0.0001378263389790996
19861020,0.0
19861021,0.1892685666835382
19861022,0.003594070206976616
19861023,0.2460309685884437
19861024,0.38519935558253127
19861025,9.862183487467952
19861026,4.376219475518004
19861027,2.1275542902338995
19861028,0.20863060872643863
19861029,0.4004666042541535
19861030,0.04854523182149605
19861031,0.0
19861101,0.004714922380644812
19861102,1.8965936154617142
19861103,0.3277691356445294
19861104,1.9042712743087324
19861105,0.996658619901284
19861106,0.093584358595929
19861107,0.45215168690660634
19861108,4.738457629182743
19861109,1.3988039683407647
19861110,0.0
19861111,4.591936638208759
19861112,0.1971383398322405
19861113,0.6140325718693098
19861114,4.167138472853802e-05
19861115,0.049771624048425764
19861116,0.02081427500688216
19861117,0.026682504133002608
19861118,11.094745695392408
19861119,0.13342764985207423
19861120,8.785650218521072
19861121,1.6073379020694871
19861122,0.001023691295683141
19861123,1.1059077579703742
19861124,0.09302787774036035
19861125,0.0
19861126,30.72166730692282
19861127,0.13010348510328382
19861128,0.0
19861129,0.0
19861130,0.001243314719310896
19861201,1.0863865752886488
19861202,23.587107894049083
19861203,4.051744294430319
19861204,0.28063237803286023
19861205,0.0665339435143586
19861206,0.2670207245479642
19861207,3.682472358728401
19861208,9.149456116252539
19861209,7.931771242058424
19861210,0.07031001881066658
19861211,0.001575113705151905
19861212,0.11223382905176098
19861213,0.0942616994664959
19861214,1.531607517699975e-05
19861215,0.0
19861216,0.5515233284426466
19861217,1.01041775313805
19861218,4.270278539368168
19861219,0.01891642916236684
19861220,0.049354738093462525
19861221,0.6444247679739918
19861222,0.033789944695975786
19861223,0.0035114199586468524
19861224,1.333494923604461
19861225,0.2597168086779712
19861226,0.23719996692458548
19861227,0.11459699190557462
19861228,0.009852869274163147
19861229,9.922657145604879e-06
19861230,0.19603760196787146
19861231,0.10522371515239635
19870101,0.16553602059059722
19870102,3.219548564916978
19870103,0.1579957802586256
19870104,0.009322052286905363
19870105,0.00013692857112432744
19870106,8.082341851661794e-07
19870107,0.3805722600469228
19870108,0.10373108782347153
19870109,1.7281248331423316
19870110,12.289932049898013
19870111,1.698898573151569
19870112,0.0033535370462025047
19870113,0.0011599753403309964
19870114,1.4226593688148088
19870115,2.3053310927479345
19870116,0.0038886516168370393
19870117,0.01900784399267151
19870118,5.772735934478983
19870119,15.370799527149426
19870120,0.1706693528636764
19870121,0.03900769112434235
19870122,0.6223715550320543
19870123,1.4982237109884582
19870124,0.08095095028287821
19870125,0.0004700153999549526
19870126,0.003293409639043813
19870127,0.024803265059110506
19870128,0.4667780059967188
19870129,7.962950934646933
19870130,5.701316722327833
19870131,0.2926616988151765
19870201,0.7894426801972784
19870202,0.00025934734000038976
19870203,0.039779662101079076
19870204,0.01687646545185739
19870205,8.119581776070688e-06
19870206,0.0
19870207,0.0
19870208,0.5142567960708582
19870209,0.024961685947008243
19870210,0.0
19870211,0.0
19870212,0.27012298953618075
19870213,0.0004168134867993783
19870214,0.19739719501632305
19870215,0.05347623920286974
19870216,0.00020020168753959107
19870217,0.8484553538481779
19870218,0.5205739980081525
19870219,0.0
19870220,0.0
19870221,0.205935081488692
19870222,0.5073935522532059
19870223,0.2698230988368749
19870224,0.00038763154684612127
19870225,0.0
19870226,0.0
19870227,0.978825190260738
19870228,10.461692770486538
19870301,20.371783952980838
19870302,1.2640981057119158
19870303,0.30277024576854283
19870304,2.3798092015071135e-05
19870305,4.201447476287803
19870306,0.002522148440553288
19870307,0.0
19870308,0.0
19870309,0.010340170976949165
19870310,0.0
19870311,0.0
19870312,0.027072188227040495
19870313,0.00039340669963793397
19870314,5.678037566165483
19870315,3.0957574681182245
19870316,0.0038889199407058563
19870317,0.0
19870318,0.0014807823619935718
19870319,0.16936517337584653
19870320,0.0
19870321,0.0
19870322,0.0
19870323,0.0
19870324,0.0016784611416900642
19870325,3.780023425782098
19870326,1.1583598116678788
19870327,0.7722903056440366
19870328,0.8527744765618799
19870329,1.1008878309160952
19870330,18.679452636969298
19870331,8.22923330243227
19870401,3.3004963846044313
19870402,6.94597108040503
19870403,0.10236830835496494
19870404,1.1831433412354329
19870405,12.755081441682982
19870406,1.8365595472308698
19870407,0.15664544575994888
19870408,0.0
19870409,0.0
19870410,0.0
19870411,4.862383186319671
19870412,7.2947648929919175
19870413,0.01605997432883623
19870414,12.993328482714377
19870415,12.930061576652465
19870416,5.74761436951188
19870417,0.27993958069075864
19870418,0.01854588248228587
19870419,3.7328283432751165e-05
19870420,3.1632514631202424e-05
19870421,0.0008883254549478843
19870422,0.03872646599502668
19870423,4.273536690616561
19870424,0.3997766310980519
19870425,0.0
19870426,0.0
19870427,2.404480679141161
19870428,0.0003188472394942762
19870429,0.08186064696448979
19870430,0.24741663745395834
19870501,0.9370120498197689
19870502,8.713730254504574
19870503,12.340450163393198
19870504,0.04984497152397159
19870505,0.0
19870506,0.0
19870507,0.008635180823624146
19870508,0.06988054398830354
19870509,0.0
19870510,0.02594641602704161
19870511,0.03449339440290478
19870512,2.2621695991512603
19870513,0.0
19870514,0.6023530120536362
19870515,4.821267141964488
19870516,0.0
19870517,0.0
19870518,15.922123559315816
19870519,12.701357527342145
19870520,2.80764760563263
19870521,7.371945353748411
19870522,0.43645710382197206
19870523,0.0027336484835420822
19870524,0.004893270951044669
19870525,2.3710859034660374
19870526,5.479605450706629
19870527,0.7828624025894445
19870528,0.621533731384551
19870529,0.05397728132045516
19870530,5.479441129326458
19870531,3.768393994377793
19870601,9.112159662280606
19870602,10.543216780792179
19870603,5.499328438439565
19870604,0.009693125462102692
19870605,0.007529630029623834
19870606,0.025507306299005456
19870607,4.849405110994056e-06
19870608,1.9663592816919342
19870609,6.844833039125071
19870610,0.0
19870611,0.029942040233409354
19870612,7.142337106133565
19870613,0.322889788052393
19870614,0.0052592042697693605
19870615,0.10388516348253798
19870616,0.0012680328866266645
19870617,0.0
19870618,0.0
19870619,0.8171671876306249
19870620,16.967255736598798
19870621,13.245728137333455
19870622,8.045670832455501
19870623,0.878940729425989
19870624,0.0024304542967426425
19870625,0.5496400368949708
19870626,6.374570842268943
19870627,1.8752354745144288
19870628,0.11663897532469461
19870629,9.530245648732663
19870630,23.51351414564976
19870701,24.575456767497304
19870702,0.7608429817776732
19870703,1.2311817106362382
19870704,1.2161195744598532
19870705,7.874093803479279
19870706,5.3375652451050595
19870707,7.699155207583792
19870708,6.530990606196216
19870709,3.6542643844095686
19870710,0.9290421155941344
19870711,4.424992958454535
19870712,7.388224223726636
19870713,1.0828412536412824
19870714,6.178583439583775
19870715,5.591343021997031
19870716,5.52890122322079
19870717,0.0003412796990436291
19870718,0.011180323336715228
19870719,0.06767212734205699
19870720,1.026786586269391
19870721,0.13125966961999758
19870722,0.11036799998604448
19870723,0.014698424471133372
19870724,0.12558324574899427
19870725,2.585902676602636
19870726,6.546259608553092
19870727,0.11775856168222071
19870728,8.510772752037333e-08
19870729,0.04568524579802527
19870730,5.093642299319832
19870731,1.300245507097672
19870801,6.346519750421889
19870802,6.002500641426828
19870803,1.0956485054135428
19870804,5.720768248202891
19870805,0.46367253646190426
19870806,0.02605301404729624
19870807,0.02825287819607804
19870808,1.0245537372616695
19870809,17.522031914300584
19870810,0.35889675715732383
19870811,0.5836369427489585
19870812,0.03702404900712665
19870813,0.09322014579768684
19870814,0.37722794054433106
19870815,0.011609651865253787
19870816,0.004636538600146088
19870817,2.09173319048829
19870818,0.6054655636504092
19870819,1.4739696826167117
19870820,0.005466299569471143
19870821,1.7085977079968508
19870822,8.286837549801424
19870823,0.13569566377870815
19870824,0.0
19870825,5.107142544617503
19870826,25.357642667194792
19870827,18.587926911610968
19870828,3.203013888024159
19870829,0.4167422133347398
19870830,0.019548059896542284
19870831,2.115067243663624
19870901,0.027719491263654698
19870902,0.8088349219104567
19870903,8.180803870191403e-05
19870904,0.0
19870905,0.0020471959962408796
19870906,0.006436904824911161
19870907,0.33142053376993225
19870908,3.3415614683025816
19870909,0.048737336934994165
19870910,0.9156090343348021
19870911,5.930959848092595
19870912,5.771570429240284
19870913,0.056490118354726525
19870914,0.002444855960733178
19870915,9.4875965801575
19870916,8.13262544881316
19870917,7.233886742117952
19870918,3.514980800288283
19870919,1.0436300197798951
19870920,0.7365699057192783
19870921,1.5271299772333955
19870922,1.5064219835952888
19870923,0.034311232394612604
19870924,0.14179181847300715
19870925,0.0002324196336078038
19870926,0.0
19870927,0.004810728596315394
19870928,0.01091962946094668
19870929,11.620433750455865
19870930,0.7337523912151468
19871001,1.6164683703323587e-06
19871002,1.334480309734245
19871003,1.1113561987485008
19871004,0.0
19871005,0.562125358507075
19871006,3.876770657981497
19871007,3.3386132765894523
19871008,0.19717197313689716
19871009,1.9363939961102175
19871010,3.800414457980014
19871011,4.412741320811022
19871012,0.012768819005117048
19871013,0.0
19871014,0.0
19871015,0.021008547498536444
19871016,0.06600014148582906
19871017,3.399018571840026
19871018,0.0034055534332658546
19871019,0.22479106236525914
19871020,1.8298547405090675
19871021,1.442144731267416
19871022,1.4948172168027838
19871023,0.49193835174851996
19871024,8.048664661183171
19871025,0.05716842320349127
19871026,0.0003720811993507409
19871027,17.820972022482405
19871028,0.5705071051408503
19871029,0.12008577814841141
19871030,0.0
19871031,0.0
19871101,1.7188365414618443
19871102,0.3645859364377671
19871103,0.5368428424717405
19871104,0.3472042628931521
19871105,0.11583620262609
19871106,7.274107666492594e-06
19871107,0.038898911594748
19871108,2.746675353212641
19871109,5.792079105986833
19871110,0.06662188993552051
19871111,0.12790768850388784
19871112,0.0
19871113,0.0
19871114,0.0
19871115,0.0
19871116,0.0
19871117,11.843174489057807
19871118,0.31866811302697284
19871119,0.0006111215374473007
19871120,1.7291110446798372
19871121,0.1717222721234306
19871122,0.0
19871123,0.8584388294762008
19871124,0.021588657640649097
19871125,34.81426871207665
19871126,0.610960445724541
19871127,1.5772667110403562
19871128,1.3974484486562306
19871129,8.355364074437972
19871130,0.9732677115822735
19871201,4.635567199070839
19871202,0.6377334992030046
19871203,7.35304580039466
19871204,4.418106621114019
19871205,0.4238734624024369
19871206,2.0642162895527745e-07
19871207,5.352639194328736
19871208,3.1996429106059634
19871209,6.667483546410018
19871210,0.016109859630125997
19871211,3.3308496211632734
19871212,0.9468994594064778
19871213,0.009784319973540715
19871214,2.1136116339579423
19871215,21.957310570352796
19871216,2.3758343949408123
19871217,0.6239317319866359
19871218,0.016408608818085615
19871219,3.6523531989215723
19871220,16.58693328435225
19871221,0.002451602253245579
19871222,1.639065456888519
19871223,0.20512301896399282
19871224,0.7800404451831512
19871225,6.558289164663639
19871226,2.469152365952411
19871227,0.0
19871228,11.565176616815656
19871229,3.0914607394081397
19871230,0.00024994489337583684
19871231,1.4119694951477824
19880101,0.09947889659296556
19880102,0.0010510864876256112
19880103,1.9618078348819207e-05
19880104,0.4659291329288818
19880105,0.06544996741685608
19880106,0.01749424568140555
19880107,0.47679085812530697
19880108,0.3983786011189594
19880109,0.0804686879494321
19880110,0.0035734766047644875
19880111,0.004297966457917531
19880112,0.08728631460020753
19880113,1.2559570987563986
19880114,0.051010225060646175
19880115,0.22844961093724483
19880116,0.0
19880117,11.532079617255153
19880118,2.673450456199278
19880119,6.415033493450841
19880120,10.652384495974498
19880121,0.7835933279070642
19880122,0.04887416105249304
19880123,0.6033838091018566
19880124,2.2731168842059843
19880125,1.5626381782604672
19880126,4.519724993698233
19880127,0.37987910314147527
19880128,0.06682174991699279
19880129,5.227917872373982e-05
19880130,0.00011792749947698086
19880131,3.760215383602814
19880201,7.573808324689205
19880202,7.2155479455025455
19880203,3.793140842689005
19880204,6.997182816791755
19880205,0.954944000834454
19880206,0.10583903105370655
19880207,0.8176150708184375
19880208,0.34855550305747923
19880209,0.881061142632853
19880210,0.6293630543364809
19880211,9.773747991312966
19880212,4.868440969616843
19880213,0.007526534953138414
19880214,0.032197713739043746
19880215,2.4719518466337287
19880216,0.13345226627192933
19880217,0.010082331466312999
19880218,0.0
19880219,8.8243507312318
19880220,3.1902818720129953
19880221,0.0032463327235481626
19880222,0.06497539977052977
19880223,1.7001599597361643
19880224,0.15769385368996058
19880225,0.09035391592076793
19880226,9.766121884593391e-05
19880227,0.008748172188019173
19880228,3.040217519829134e-05
19880229,0.21809585681819846
19880301,0.16036479511096285
19880302,0.7970740215199011
19880303,8.867358675837846
19880304,1.7819397843292137
19880305,0.0
19880306,0.0
19880307,0.003093464468373864
19880308,0.3547780006416774
19880309,2.419969922248573
19880310,0.0021079576580488226
19880311,0.001045021692453859
19880312,3.8487478916619953
19880313,1.598111307137895
19880314,1.4709585859492968
19880315,0.39512233593140583
19880316,0.09671860048686128
19880317,0.021556190929803206
19880318,2.1816384294341877
19880319,0.08235576077536569
19880320,2.1560874640025194
19880321,0.7852640541488064
19880322,0.0245022789520568
19880323,0.15308765133540642
19880324,7.4930380808659605
19880325,15.528055521998544
19880326,0.997121970222106
19880327,0.0027621994940681353
19880328,0.9670381840944599
19880329,3.612765881281118
19880330,4.105984397423304
19880331,0.7472586738988127
19880401,3.9301021784990797
19880402,1.83641849289583
19880403,18.65149578567443
19880404,3.781103566553333
19880405,0.0
19880406,12.725701614780508
19880407,8.689559345862657
19880408,0.0006515080291342904
19880409,0.0
19880410,0.0
19880411,0.0
19880412,0.0
19880413,0.0002252872828499974
19880414,1.1932025669872928
19880415,0.9972245266305028
19880416,0.0018805554638103388
19880417,0.0
19880418,4.067619788153455
19880419,0.04220484614448522
19880420,1.669714318377813
19880421,1.1164247237913378
19880422,0.33372195198986065
19880423,7.792823476838747
19880424,0.021617179474709813
19880425,0.0
19880426,0.08237521722693406
19880427,3.6435382354731174
19880428,3.971225311675547
19880429,0.008898416151947844
19880430,0.0017619570346859607
19880501,0.00014218458554045857
19880502,0.0
19880503,0.021268546199986957
19880504,0.034682818917758935
19880505,1.702724065451899
19880506,0.0299132159910325
19880507,0.0
19880508,0.12650030132374263
19880509,10.477069657573665
19880510,0.942648502385131
19880511,0.025401865654269405
19880512,0.503926728824203
19880513,0.8475350682181012
19880514,7.0715740162380204e-06
19880515,0.7458458705753314
19880516,4.403890502124801
19880517,0.16640706134321123
19880518,0.0025374804297173216
19880519,0.6526756833227829
19880520,2.047095508583519
19880521,0.6843664399352279
19880522,0.06655003433473564
19880523,7.884126349922256
19880524,15.790920752379412
19880525,0.0
19880526,0.0
19880527,0.0
19880528,0.009870695521634063
19880529,9.96865448402549e-06
19880530,7.805166276329108e-05
19880531,2.6518402560894087e-05
19880601,0.04309999726830417
19880602,5.343571722545854
19880603,0.017767363307556825
19880604,0.0011906219070827273
19880605,0.0
19880606,0.0042749996211732455
19880607,0.0
19880608,0.16229398792187882
19880609,1.073197488864059
19880610,0.0
19880611,0.0
19880612,0.0
19880613,0.0
19880614,0.0
19880615,0.06793073856646956
19880616,4.895698195751258
19880617,0.001069764380275077
19880618,2.651840256090013e-06
19880619,0.0
19880620,0.11716487734506371
19880621,0.17016080738458197
19880622,0.07741106230764265
19880623,6.43985086627391
19880624,0.09710302786336833
19880625,0.11476976336846297
19880626,0.16727858059972273
19880627,0.0
19880628,1.3256575936844297
19880629,1.3037407549758149
19880630,0.0
19880701,5.9264592731491404e-08
19880702,0.0
19880703,0.0
19880704,0.0
19880705,0.0
19880706,0.0
19880707,0.0
19880708,0.027215518077031285
19880709,0.05289535558978194
19880710,1.9383082533683678
19880711,5.195632364850812
19880712,0.00018005679251315493
19880713,0.19825016730105469
19880714,0.0619664875490603
19880715,0.05858225692119827
19880716,0.7141189607695074
19880717,8.8186017417366
19880718,5.5124161984477995
19880719,13.984683922810536
19880720,5.038407302415457
19880721,5.007854657160625
19880722,3.7038216878280554
19880723,12.229639330734388
19880724,0.35361998244470005
19880725,2.916463213109445
19880726,6.145163120908189
19880727,0.0327180413597293
19880728,0.05405981841976745
19880729,0.10318656304287802
19880730,7.980655889251751
19880731,5.17659610012546
19880801,0.5921716694290575
19880802,0.8708372546444807
19880803,0.42155127145373883
19880804,1.8995710880304233
19880805,4.3297113906436016
19880806,6.192886837712568
19880807,0.00026560824818831714
19880808,4.320611512492063e-06
19880809,0.5896305456219693
19880810,7.04742377736392
19880811,2.5557537467690024
19880812,1.2020170215209964
19880813,0.7789347240468187
19880814,2.4087474628322547
19880815,4.21282663325181
19880816,0.05748686758964627
19880817,0.00013921434418498894
19880818,1.8677633327344192
19880819,8.957153471788677
19880820,0.8262108169023183
19880821,0.0024430614792164585
19880822,0.0
19880823,17.054265563571303
19880824,0.3008238736174884
19880825,0.23479080719926246
19880826,0.09241488650122825
19880827,0.10015517988776393
19880828,30.1271628299017
19880829,0.1935915513930939
19880830,0.06896590080443299
19880831,0.0017288495343496372
19880901,0.0
19880902,1.8847854441464338
19880903,15.61239348042039
19880904,4.887325946955586
19880905,0.40058635668658715
19880906,0.01262101436877724
19880907,0.0
19880908,0.0
19880909,0.02803952481711473
19880910,0.0
19880911,0.0
19880912,4.8572708661769
19880913,1.1170608556956894
19880914,0.0
19880915,3.379484731818937e-05
19880916,0.00039276002192442
19880917,7.094598907510239
19880918,0.9993563572419828
19880919,11.99304625863905
19880920,10.639703915409182
19880921,0.005192311866857449
19880922,2.0031881715893856
19880923,10.161905752084381
19880924,0.005657718511169916
19880925,0.0012678506118732806
19880926,1.7794317769285822e-05
19880927,3.980344971207443e-07
19880928,0.0806278923628718
19880929,0.2556076540956419
19880930,1.0200149778674716
19881001,4.352161760771164
19881002,7.343217041788943
19881003,1.8676909426609955e-05
19881004,0.26826354667277363
19881005,0.005588930740876542
19881006,0.058673734737804524
19881007,0.44607867071719287
19881008,0.00613774915549492
19881009,3.729849629550185
19881010,1.418298716732415
19881011,0.34860920043877086
19881012,0.19866560363751712
19881013,0.0
19881014,0.0
19881015,0.5318844058405782
19881016,10.751794388011037
19881017,3.111463662265401
19881018,25.698596296459765
19881019,1.1538740833931345
19881020,0.007243679156168379
19881021,6.140666256105323
19881022,0.650524131613838
19881023,7.619491973988682
19881024,0.840907649648068
19881025,0.17040381949989938
19881026,0.1832569842486852
19881027,0.0
19881028,5.018200165357305
19881029,3.7232129348185615e-07
19881030,0.01398703655803519
19881031,0.0
19881101,0.9803837000673112
19881102,0.05863468925939771
19881103,0.7220279123933606
19881104,6.3600186867424
19881105,27.885235759412677
19881106,6.170150354958904
19881107,1.8444392826698524
19881108,3.4815656802287194
19881109,0.9312791044484658
19881110,16.87319048525999
19881111,0.18510679921693804
19881112,4.029780437253885
19881113,8.841976225649018
19881114,0.0
19881115,0.0028777608709336278
19881116,8.344013172490142
19881117,5.7036396311576933e-05
19881118,0.004760011414693978
19881119,3.709300003112862
19881120,22.951926975513558
19881121,0.18375250896776993
19881122,0.012670748276699183
19881123,5.0307539002378935e-05
19881124,0.0
19881125,0.0
19881126,3.786390856613796
19881127,13.415661063073033
19881128,1.0249292325599861
19881129,0.028392033523928942
19881130,0.5202420307307017
19881201,0.9466993060031892
19881202,0.04589213280414486
19881203,0.0
19881204,3.435190955817387e-06
19881205,0.0
19881206,0.0
19881207,0.009194809114834638
19881208,0.007611081660564189
19881209,0.1251728508928749
19881210,1.6438556766609695
19881211,0.10069638870119231
19881212,0.0004925205923003991
19881213,3.2245921316931456
19881214,0.026142750388382773
19881215,0.30917799899300014
19881216,0.012080989993118602
19881217,1.60351200254088
19881218,1.3041940428892493
19881219,0.013361901311796917
19881220,1.5634546281811204
19881221,0.3479502395696539
19881222,0.25572926950225366
19881223,9.319472971923227
19881224,7.913833582801991
19881225,0.3009615089940993
19881226,2.6488458902739804
19881227,2.625437541144822
19881228,27.856505627164587
19881229,0.03970748993568224
19881230,0.016499330237851058
19881231,0.015490727616946287
19890101,0.015804542053935704
19890102,0.10956446589405766
19890103,2.100316312379447
19890104,0.4480604518107461
19890105,0.32261409696525595
19890106,14.424380826369005
19890107,0.36538121043227006
19890108,6.647396394949274
19890109,0.0011670650414448154
19890110,3.6893139275327085e-05
19890111,0.02502325767001969
19890112,3.4821053143051977
19890113,0.0014260974523036065
19890114,10.28799250103
19890115,0.6780556323053765
19890116,0.047883144739465526
19890117,1.7576566806910788e-06
19890118,0.010554368219591275
19890119,0.0533662782461442
19890120,0.6010114657040023
19890121,0.0012150413004289522
19890122,8.326672684688674e-14
19890123,8.326672684688674e-14
19890124,0.37210723948072366
19890125,1.2539535013846472
19890126,17.564889047644073
19890127,0.006249147570352093
19890128,8.326672684688674e-14
19890129,3.714017759257072
19890130,0.7001222914126145
19890131,0.0016102699119600794
19890201,0.0028949639984008073
19890202,1.7016874256845036
19890203,2.8389369379012908
19890204,1.0313046036142142
19890205,4.136078901826076
19890206,2.9339268473973945
19890207,0.5712693382518135
19890208,0.2198676042408405
19890209,0.1947828374543259
19890210,0.4360188583339219
19890211,0.0015585069130406332
19890212,0.00047988196677936504
19890213,3.9377675918499717
19890214,1.082488377731616
19890215,5.932045482933848
19890216,0.3373325813812591
19890217,8.326672684688674e-14
19890218,0.026184174741226796
19890219,0.619956408802207
19890220,2.4771930003441707
19890221,5.449567587870027
19890222,0.9414442270722416
19890223,0.5733577265532079
19890224,8.326672684688674e-14
19890225,0.004055571684694382
19890226,2.5542583617379258
19890227,0.15999254795285053
19890228,0.09348046498816982
19890301,0.0006456227162986805
19890302,0.31964920994273144
19890303,0.16871128012904613
19890304,4.059040733057028
19890305,10.506275788354351
19890306,8.972537610867166
19890307,0.6387044017977327
19890308,8.326672684688674e-14
19890309,8.326672684688674e-14
19890310,8.326672684688674e-14
19890311,8.326672684688674e-14
19890312,0.00018081742175908604
19890313,0.0009226753924913056
19890314,0.49103794016661007
19890315,5.034926732534002
19890316,0.011252025505147114
19890317,0.1730264613798592
19890318,14.160220541495233
19890319,0.0367465494981631
19890320,8.467168960309056
19890321,1.138563287880571
19890322,8.326672684688674e-14
19890323,8.326672684688674e-14
19890324,0.00021597398686337992
19890325,0.02128921328373437
19890326,0.000684110081269106
19890327,0.3348162093224704
19890328,4.838980942102829
19890329,8.133763084117993
19890330,10.17008948407341
19890331,6.598419743537173
19890401,0.017783739903462197
19890402,5.696354798871254
19890403,14.430050565838119
19890404,23.839074048483823
19890405,1.7248527049949092
19890406,1.9081380825559644
19890407,0.5100495819679599
19890408,5.240515038313561
19890409,1.4375343867818835
19890410,0.05097635190810592
19890411,0.22456512976604356
19890412,3.2568587120986123
19890413,1.7799845964953773
19890414,0.04754599655257648
19890415,4.088266963985137
19890416,0.0004684416149339857
19890417,7.94491494663373
19890418,5.986529490549147
19890419,0.12074649044049078
19890420,8.326672684688674e-14
19890421,0.009603457950121672
19890422,0.0020782077872612504
19890423,8.326672684688674e-14
19890424,8.326672684688674e-14
19890425,18.740850886906212
19890426,0.7306120375073941
19890427,0.0678311388386632
19890428,8.976401999330534
19890429,4.3991916493846
19890430,0.5312504590680808
19890501,1.3634774466955435
19890502,2.1379082791543897
19890503,1.0184934161641734
19890504,0.11656376696101978
19890505,10.320502806440738
19890506,3.2310970063515136
19890507,0.7197700602664252
19890508,0.008266153034809653
19890509,15.105331218476103
19890510,1.5435558046283266
19890511,0.08934651581636605
19890512,4.428371859596348
19890513,14.358600177580884
19890514,0.8528447942512443
19890515,2.690469661971434
19890516,0.8284619373584537
19890517,8.326672684688674e-14
19890518,8.326672684688674e-14
19890519,3.599959826787513
19890520,5.356143101507068
19890521,0.11176248493478774
19890522,0.48010217594149646
19890523,19.270728533406135
19890524,0.002430414730627864
19890525,11.0347413369932
19890526,36.30437977866618
19890527,0.004217398468157504
19890528,8.326672684688674e-14
19890529,0.5074949847818777
19890530,1.031733130585347
19890531,1.5459041108441678
19890601,8.251931879464157
19890602,0.5909579221493052
19890603,13.655850163813936
19890604,3.6895280096276237
19890605,6.569841938257586
19890606,0.09353522419150836
19890607,0.3669122889789351
19890608,0.2015146264121739
19890609,2.0576238376072786
19890610,0.02434427816085581
19890611,0.00010082193763106879
19890612,17.284558074814193
19890613,3.6416881429304966
19890614,10.756994137512047
19890615,1.9462127685589448
19890616,2.844267803505074
19890617,0.06349209864672138
19890618,1.0103921761122494
19890619,9.184414164004592
19890620,7.99010817990767
19890621,2.0483204829722546
19890622,0.6308781033213676
19890623,0.20171676450382114
19890624,0.925505959693873
19890625,0.8662410516828292
19890626,0.36349734060601224
19890627,13.842837373212745
19890628,1.2063998635733963
19890629,0.00047634105876753557
19890630,8.326672684688674e-14
19890701,6.519974514216815e-05
19890702,6.640240304566796
19890703,5.363019924781477
19890704,2.6259012032456592
19890705,0.7185917910888437
19890706,0.045039405296477104
19890707,0.16242665435519835
19890708,0.0038498486042889335
19890709,5.427381018461954
19890710,0.12594150191736894
19890711,9.307376943403279
19890712,11.954968998352228
19890713,0.719772612202257
19890714,0.1757184079742265
19890715,0.5754984222877018
19890716,0.13503733164591858
19890717,0.0028114648293040105
19890718,0.0017357741560046444
19890719,6.344533031653484
19890720,15.857467779011968
19890721,4.396782998329465
19890722,2.0973183677201503
19890723,0.42904803423156257
19890724,0.4689470097769838
19890725,4.935261786573024
19890726,4.685099799652952
19890727,3.6293426766883794
19890728,0.4455909439559124
19890729,8.326672684688674e-14
19890730,16.991256955361084
19890731,0.13693003485800215
19890801,0.19429027549016883
19890802,6.945045559214017e-05
19890803,0.009638950280380237
19890804,5.3808428733996685
19890805,4.938611625478151
19890806,0.17241137542323712
19890807,0.06392409305050659
19890808,0.0952171210358403
19890809,0.3045974774758593
19890810,0.2726883114251242
19890811,0.8926439826969079
19890812,5.556597236788141
19890813,1.343213814757884
19890814,0.44043194631074933
19890815,5.277027951044661
19890816,0.051572775130378445
19890817,0.03488079606930583
19890818,0.09852633650168897
19890819,1.026131547590831
19890820,5.650962172603307
19890821,1.2016124672387465
19890822,15.114347739128267
19890823,3.2686878636332666
19890824,0.22680201031743594
19890825,0.0006448657916769855
19890826,0.024523686839715928
19890827,0.4969754104593869
19890828,2.4521969077161474
19890829,24.586210040325035
19890830,0.03733283175014479
19890831,0.0026333444913677643
19890901,38.43522779691752
19890902,0.4228682767801722
19890903,0.0014143426499823315
19890904,0.026266743892154214
19890905,0.5804344260919958
19890906,1.8998559803388424
19890907,3.3031322033323423
19890908,8.548876698512414
19890909,7.541513371073796
19890910,21.293927883326102
19890911,0.06702933235772696
19890912,0.06819449412074297
19890913,0.8924446232595331
19890914,32.50925831753046
19890915,0.4088720116528554
19890916,12.578189768393905
19890917,1.742577297750451
19890918,0.020919709446378162
19890919,0.03124940903759499
19890920,0.03254817300141015
19890921,0.011095500307111624
19890922,4.47719769024881
19890923,0.41801271761365494
19890924,8.326672684688674e-14
19890925,8.326672684688674e-14
19890926,8.326672684688674e-14
19890927,8.326672684688674e-14
19890928,8.326672684688674e-14
19890929,8.326672684688674e-14
19890930,8.326672684688674e-14
19891001,0.1087627411081049
19891002,1.152995550592799
19891003,0.019221221059798226
19891004,8.326672684688674e-14
19891005,0.28789389596488396
19891006,3.7289243181002205
19891007,0.005579799526702311
19891008,1.0611535343366543
19891009,8.326672684688674e-14
19891010,7.502098802587755
19891011,8.326672684688674e-14
19891012,8.326672684688674e-14
19891013,8.326672684688674e-14
19891014,0.0038100998205862434
19891015,8.326672684688674e-14
19891016,1.2745276134074865
19891017,18.009432014362886
19891018,0.3373251359789246
19891019,18.035365717536862
19891020,3.7498465349486385
19891021,4.82978396231953
19891022,4.4665056546616294e-05
19891023,8.326672684688674e-14
19891024,0.0005917909172297631
19891025,0.0010363701005935131
19891026,8.326672684688674e-14
19891027,8.326672684688674e-14
19891028,8.326672684688674e-14
19891029,8.326672684688674e-14
19891030,8.326672684688674e-14
19891031,4.929156701379523
19891101,0.030878289024532962
19891102,0.36667397602025026
19891103,0.5478350357574796
19891104,0.30883133917008726
19891105,0.25577133013127895
19891106,6.963688697870506
19891107,11.255329283424084
19891108,9.636097202749513
19891109,0.3549436247832659
19891110,2.5608822824979973
19891111,0.47777636516557576
19891112,0.13409419557374075
19891113,8.326672684688674e-14
19891114,4.569448984016804
19891115,14.332422612511172
19891116,9.346451169803117
19891117,0.2918406267557735
19891118,0.655477043459148
19891119,0.05225720262236729
19891120,0.015529628506504885
19891121,0.042881301694778474
19891122,0.3883642365730486
19891123,0.13471095307344297
19891124,0.01541678056633802
19891125,0.07621590026823356
19891126,1.508727183444691
19891127,0.5261845990261906
19891128,1.521549548405962
19891129,0.16473523316318517
19891130,0.00032236239985563805
19891201,1.9369397733475597e-05
19891202,0.6463486213034985
19891203,0.8538541088727976
19891204,1.820652624417172
19891205,0.045650510546508864
19891206,1.3389376049034971
19891207,0.008318611148015088
19891208,0.0822858318206963
19891209,4.8997397100517086e-05
19891210,0.02751488826962612
19891211,3.581139718786035
19891212,0.11252551366826441
19891213,0.04826620464939339
19891214,1.0469934710045006
19891215,3.477780502357527
19891216,0.09155511185086598
19891217,5.457406134148008e-05
19891218,0.0005551865573826511
19891219,2.797613325828598
19891220,0.0549825395024189
19891221,1.3703362997709556
19891222,0.0276402030993204
19891223,0.031108326068755035
19891224,0.0011769595006925235
19891225,1.2215309355072645
19891226,3.262713131567416
19891227,1.5657897191623371
19891228,0.1366692031369915
19891229,2.882466474145767
19891230,4.755762047913308
19891231,9.976416944185734
19900101,0.6274389199442257
19900102,0.008773910517128294
19900103,0.01437797721746993
19900104,8.978321250352892
19900105,0.03694762939357327
19900106,0.000596738430187521
19900107,0.0
19900108,0.0
19900109,3.7952760192204216
19900110,2.015835105819009
19900111,0.03366539009479831
19900112,1.2757862640144984
19900113,0.016637230259283795
19900114,0.0
19900115,0.14202199515727262
19900116,0.13641358712928844
19900117,9.875880211166322
19900118,5.145625245175614
19900119,2.5504658438017053e-05
19900120,16.072328254031508
19900121,0.9953008356586294
19900122,0.09669043868999398
19900123,1.1791734682368495
19900124,0.1671065400014764
19900125,6.208714313543412
19900126,0.36804088605426644
19900127,9.959251009410398e-05
19900128,0.08971524302219004
19900129,7.035245114673107
19900130,0.03414609879364175
19900131,0.0003122729284597699
19900201,6.083441727854039
19900202,17.502353568516632
19900203,0.1921152850590868
19900204,5.191278101748007
19900205,0.00011479652207810056
19900206,0.0003398867803609831
19900207,0.5933951067341454
19900208,0.0018359996693635863
19900209,4.91509073924706
19900210,0.26746819269727595
19900211,0.4879580174231039
19900212,0.2928043120178495
19900213,0.09716592241723696
19900214,7.749215976662866
19900215,39.64362341481313
19900216,8.321306049783859
19900217,0.3415656210995844
19900218,0.0
19900219,9.059999849952087e-07
19900220,0.0
19900221,0.0
19900222,39.447867187935636
19900223,8.397112360708633
19900224,5.855245448751289
19900225,0.11592952785440987
19900226,6.977228492714523e-05
19900227,0.20057544564696342
19900228,0.004116229092514159
19900301,0.0
19900302,0.0
19900303,0.013703644601843952
19900304,0.04532045950893115
19900305,1.1828534179893653
19900306,0.8424669735725897
19900307,0.0
19900308,2.668662854249817
19900309,7.98374819908036
19900310,0.36707522692001376
19900311,6.508971212885959
19900312,0.3351751334565706
19900313,0.11509088720224832
19900314,0.0047849082666051234
19900315,1.5747290292087337
19900316,24.567350189374082
19900317,0.034311059052916947
19900318,0.4224324511721883
19900319,4.355728838169855
19900320,0.0804184392468011
19900321,0.0034121227773838306
19900322,3.209366221831276
19900323,0.7962314989773611
19900324,0.4003697564491464
19900325,1.529834747136749e-06
19900326,0.006937907157820455
19900327,0.0013349047833388994
19900328,8.162545016379891e-06
19900329,5.508042227098122
19900330,6.161824032910933
19900331,6.110209210104676
19900401,8.87626539066916
19900402,4.027320669566976
19900403,0.8494209782909508
19900404,0.0723724171830861
19900405,0.9353758173143251
19900406,0.22937564826736478
19900407,0.0594869221580981
19900408,0.00016105780456727152
19900409,0.09220927241773073
19900410,30.41083323102282
19900411,2.527091414386294
19900412,0.40400669406963546
19900413,0.013883862890487058
19900414,6.937574176203559
19900415,0.06909786675082581
19900416,0.06545005521291439
19900417,1.0083853239925074
19900418,0.0
19900419,0.307061513398308
19900420,9.183565130979279
19900421,9.091906965163703
19900422,3.6017213175859472e-06
19900423,0.0
19900424,0.008283369858958972
19900425,0.8247586212073732
19900426,0.006076105959812842
19900427,1.783571626404548e-05
19900428,0.22322311297807534
19900429,0.2776011914502137
19900430,0.010901755844513392
19900501,0.1881868657816465
19900502,0.0
19900503,3.367742185940956
19900504,25.590975031115555
19900505,8.574136244665418
19900506,0.11421431220922036
19900507,4.284677185965421e-05
19900508,0.0
19900509,0.06693808842300608
19900510,5.553135391664531
19900511,0.8151134980962316
19900512,11.576359971714842
19900513,19.060013613314112
19900514,0.17089731623442822
19900515,3.423940220760378
19900516,33.8464567814675
19900517,18.453651292005226
19900518,0.0005045529285460648
19900519,0.9754159426557221
19900520,8.704013457807468
19900521,0.24293190892235006
19900522,0.041674476259760264
19900523,0.06598916824432165
19900524,0.44989841972031375
19900525,7.424666623882322
19900526,14.776354747230856
19900527,0.385827036681958
19900528,0.49928932140838495
19900529,2.4250128610530073
19900530,0.0001888125854166015
19900531,0.0
19900601,0.0
19900602,4.617796379911222
19900603,10.52330282370316
19900604,1.796390571095359
19900605,0.07348758454421156
19900606,1.228785076811286
19900607,0.9545575548691967
19900608,13.63258481833282
19900609,3.562856955182978
19900610,0.036924856781122374
19900611,0.0006716568254822239
19900612,0.7641933309528873
19900613,0.0
19900614,4.7802971025378245
19900615,0.2134056288003644
19900616,0.0
19900617,0.4891957865272852
19900618,4.784186667307602
19900619,0.0008829559878052325
19900620,3.6075009825372737
19900621,0.6355570339094349
19900622,7.181806708658464
19900623,6.762029175145162
19900624,0.5395415121833269
19900625,0.0
19900626,1.0863067984080992
19900627,3.9518941042431006
19900628,1.7467043698401548
19900629,7.699195081607386
19900630,4.403115383133176
19900701,0.3410837206933433
19900702,0.0
19900703,0.0
19900704,0.0
19900705,6.0301633756638395
19900706,0.1021991542402132
19900707,2.6616995740950194e-05
19900708,0.04110861015336586
19900709,3.3154454719279807
19900710,1.2516654233482656
19900711,23.697474546266548
19900712,8.562423156748832
19900713,5.049514259583577
19900714,11.827063741084483
19900715,0.2929317351940783
19900716,0.1029099535899757
19900717,1.3322325624846274
19900718,0.0024990726166653553
19900719,0.19736546078430264
19900720,19.52416891615099
19900721,3.847797512214446
19900722,36.8493870276783
19900723,0.2562986332471739
19900724,0.2464854298946087
19900725,0.11373645503334187
19900726,0.00490507493919397
19900727,6.047767894444177e-06
19900728,0.0027535733887133424
19900729,0.03987364180764771
19900730,7.9860769057642775
19900731,0.5971325190165627
19900801,0.0
19900802,0.0
19900803,8.054643146759707e-08
19900804,9.649582493682576
19900805,11.998749490988361
19900806,1.7291431051949382
19900807,0.1383318296061901
19900808,1.993778682232366e-05
19900809,0.0
19900810,0.011456879413654492
19900811,0.2540341309796532
19900812,3.970763184525649
19900813,23.57285776162077
19900814,0.12441385307822272
19900815,0.06326661631970425
19900816,0.08919570308315712
19900817,0.054738136005148076
19900818,19.240893485968495
19900819,11.283929837439858
19900820,2.024438704376211
19900821,33.58251490317845
19900822,3.1010789316883987
19900823,1.0371579145648904
19900824,0.716509980273977
19900825,0.04956276655407772
19900826,0.004408879894358618
19900827,0.21800750150635378
19900828,4.1548933236412235
19900829,5.101550493229728
19900830,0.34132181736809214
19900831,1.358999977491024e-06
19900901,0.0011297874875026979
19900902,0.42728352582804063
19900903,0.0015236756509315894
19900904,0.0
19900905,2.6917070345990988
19900906,2.139914967506849
19900907,5.835315230317633
19900908,0.18404081920060922
19900909,11.74959644567455
19900910,0.23946824822418594
19900911,0.6058522972421704
19900912,1.2656025180735146
19900913,0.4777360153545482
19900914,11.921170187327526
19900915,0.5127622112100226
19900916,6.587311725965089
19900917,6.0448508655014594e-05
19900918,0.4288630890658325
19900919,11.35263084003977
19900920,0.11003900346270437
19900921,6.276175431571555
19900922,3.2237895154198704
19900923,0.8784155939954779
19900924,0.006310011334086432
19900925,6.1193389885409555e-06
19900926,0.012302509269075333
19900927,0.0
19900928,0.10815067963296154
19900929,7.601192893442248
19900930,3.207270747366925
19901001,0.01783542116286703
19901002,0.08691057078683391
19901003,0.04793222045548383
19901004,28.624028733458992
19901005,0.32122072646658123
19901006,0.0
19901007,2.2805549189563097
19901008,1.597596427555374
19901009,41.13641297200012
19901010,19.655224143334674
19901011,0.016783485225806426
19901012,4.05678606076022
19901013,0.5312781933376418
19901014,0.003121831808359645
19901015,0.8142235083771456
19901016,0.0
19901017,0.0
19901018,10.386343394663632
19901019,0.07465450166926522
19901020,0.0
19901021,0.20301502716753386
19901022,6.397612178638233
19901023,0.0135942209179859
19901024,0.16293345895484837
19901025,0.011073577107616596
19901026,2.05136866054709e-07
19901027,5.888999902461701e-06
19901028,0.10759723155654376
19901029,0.0
19901030,0.0
19901031,0.0007988455984515096
19901101,0.0
19901102,0.0
19901103,0.0
19901104,0.8137994727572396
19901105,18.996809783275634
19901106,0.2576121936975795
19901107,0.17651641068770457
19901108,0.0009508591001081058
19901109,3.607659111344895
19901110,1.1618959719619257
19901111,0.9427175143744789
19901112,4.482858785262733e-05
19901113,0.0
19901114,0.0
19901115,0.0
19901116,1.032573931901633
19901117,0.027940253318401765
19901118,0.0
19901119,1.0998381669149331e-05
19901120,0.0
19901121,0.04528504731882001
19901122,11.35762838278083
19901123,0.4599692283441819
19901124,0.006742699587440525
19901125,0.0006838373480519714
19901126,0.2487692022196355
19901127,2.4482793204493865
19901128,13.497183808211789
19901129,0.015613512648174743
19901130,0.0
19901201,0.8657894057775379
19901202,0.024359565165578564
19901203,28.1161585841997
19901204,1.7928805197616016
19901205,0.42933746874350215
19901206,0.005051970331024092
19901207,0.008502268917309984
19901208,0.0
19901209,0.0
19901210,0.0
19901211,0.0
19901212,0.0004317254315836388
19901213,0.9514603071195004
19901214,1.0736695852515788e-05
19901215,10.348417598191071
19901216,0.22470619802721817
19901217,2.8140690785678313
19901218,23.02042553557788
19901219,0.08001992841589235
19901220,0.0031027147959031996
19901221,8.624353921131977
19901222,4.078021088158924
19901223,3.8011211208061884
19901224,3.0258114310028055
19901225,0.04580562716016
19901226,0.019099647442904266
19901227,2.7302861179370566
19901228,5.558914842349737
19901229,14.43855453024163
19901230,31.951676288566787
19901231,2.0968151594382602
19910101,4.163336342344337e-14
19910102,0.01214864060893979
19910103,0.09659870086641982
19910104,4.783508675231767e-05
19910105,6.246398105962923
19910106,0.6613118787893995
19910107,0.007689315608506554
19910108,0.008580303278134941
19910109,0.6002548706028659
19910110,0.21278190824662568
19910111,17.5828982287729
19910112,1.4446618069870478
19910113,0.23571385064112638
19910114,0.6871062864954306
19910115,0.0009620186232259108
19910116,8.812298341719721
19910117,1.119471512972967
19910118,0.2684059252467312
19910119,0.27102797487810387
19910120,3.576147448250779
19910121,6.554367608509431
19910122,0.44444843471652606
19910123,0.5570332384447946
19910124,0.10467912695926053
19910125,0.0023722943265452627
19910126,1.1357267621862668
19910127,1.8513685316993613
19910128,1.802774096771061
19910129,0.7307323221308373
19910130,5.322850368548946
19910131,0.17099944861025018
19910201,4.163336342344337e-14
19910202,0.0019191192191247764
19910203,4.163336342344337e-14
19910204,0.0036991003138159883
19910205,0.6748650580687606
19910206,3.4376226836500323
19910207,0.6981487192253588
19910208,0.14044541906968858
19910209,4.163336342344337e-14
19910210,8.412938431732831e-05
19910211,0.0001349586304301349
19910212,4.163336342344337e-14
19910213,5.070524383585401
19910214,14.320516137731609
19910215,3.078179932147106
19910216,0.04003028682011561
19910217,2.638772860874593
19910218,3.442956496627433
19910219,2.1292118252698855
19910220,0.13960153654138874
19910221,1.0492506811443809e-05
19910222,0.03816826925666145
19910223,5.188140604280677e-08
19910224,0.05261441888753185
19910225,0.06946466908883568
19910226,0.09449894898295307
19910227,0.25775544590353366
19910228,2.3101853120755442
19910301,0.3205604705123516
19910302,15.549703296419377
19910303,1.8397557137398621
19910304,0.16931649765461843
19910305,4.163336342344337e-14
19910306,8.112700564495897
19910307,0.022698278931885228
19910308,0.0034610753697469554
19910309,3.099296057677166
19910310,0.8169455882225695
19910311,0.008235974368743858
19910312,0.577727662209424
19910313,7.908394537281062
19910314,1.0539684033994492
19910315,4.163336342344337e-14
19910316,4.163336342344337e-14
19910317,2.24915217401601
19910318,12.933737986039826
19910319,0.28670382774820324
19910320,0.06762406622935876
19910321,0.4522274238788554
19910322,5.966446229890305
19910323,11.345782587563049
19910324,2.4660587943096197
19910325,0.0022823458166350567
19910326,4.432953555733763
19910327,2.228254145610104
19910328,5.197713971525007
19910329,0.3234288614530712
19910330,0.00028804678450975515
19910331,1.347799756397412
19910401,1.542293940905874
19910402,4.163336342344337e-14
19910403,4.163336342344337e-14
19910404,1.7509604373518535
19910405,7.895971407632111
19910406,4.163336342344337e-14
19910407,0.011843643579704136
19910408,5.954034091721176
19910409,6.618610613511756
19910410,0.5884721406009474
19910411,0.0061980503184807184
19910412,0.2460782136298363
19910413,5.816857990735442
19910414,15.718131271818674
19910415,28.765198295238378
19910416,0.2783792240697111
19910417,5.478317855846804
19910418,4.163336342344337e-14
19910419,18.10564857981077
19910420,7.201182652295604
19910421,2.315287197362888
19910422,0.1166586672632324
19910423,1.9832909132925975
19910424,8.934497255837744
19910425,4.163336342344337e-14
19910426,0.1037712698272619
19910427,0.5282755215182787
19910428,1.732937136368962
19910429,5.356473867224589
19910430,0.49263873396603636
19910501,1.452436614269838
19910502,0.0005143455546553281
19910503,0.00038163954245931886
19910504,3.7592199187332707
19910505,6.781405984054782
19910506,1.3479511233121835
19910507,0.004287087130579635
19910508,0.13408041869957105
19910509,2.0570919247575987
19910510,0.0005646381109209189
19910511,0.0703369995988912
19910512,0.5183738815805395
19910513,0.6754909198272465
19910514,0.16434259485835603
19910515,0.0006577121119217249
19910516,0.32638618054487595
19910517,6.300860829541689
19910518,0.4052476622443504
19910519,0.0011548943724020942
19910520,0.014610734647285385
19910521,0.010559491066491148
19910522,0.12584721703842072
19910523,1.715217698756155
19910524,3.8911124072779306
19910525,7.869519947350939
19910526,19.07121657441741
19910527,0.6384477559926744
19910528,0.38399904752878433
19910529,0.014984152405269674
19910530,6.984182604327052
19910531,4.31604295953269
19910601,9.77890596030704
19910602,11.695670631917428
19910603,0.03146989813700241
19910604,0.0029404620560083364
19910605,0.025020298688451525
19910606,0.04309286982310723
19910607,4.163336342344337e-14
19910608,4.163336342344337e-14
19910609,4.163336342344337e-14
19910610,0.14671349853788124
19910611,7.363976832916687
19910612,0.8793087455234887
19910613,0.0006633694613434145
19910614,0.07674538306031026
19910615,0.8180106332044312
19910616,3.438317668938966
19910617,0.03289943544514928
19910618,9.21348345077287e-06
19910619,0.13323453246314132
19910620,2.763304046707304e-05
19910621,3.8095318525463005e-05
19910622,5.54546166389203
19910623,1.2574046882079961
19910624,0.350394444302673
19910625,0.3230408170423255
19910626,0.1504655490253497
19910627,4.163336342344337e-14
19910628,0.02965380225410827
19910629,0.11499644897105135
19910630,4.564005038657119
19910701,3.4441783893205957
19910702,4.982472783461619
19910703,0.3234131414130201
19910704,4.2295836972551175
19910705,0.2832800918197804
19910706,0.047287535234339706
19910707,5.835354075649502
19910708,12.30056418468199
19910709,0.3792625100123188
19910710,0.010501671373305311
19910711,0.010731879511105498
19910712,7.089942574516666
19910713,1.866618982348859
19910714,0.42137923091923146
19910715,4.163336342344337e-14
19910716,4.163336342344337e-14
19910717,4.163336342344337e-14
19910718,0.06983299466010812
19910719,0.0007329774074589326
19910720,0.17084750048247066
19910721,0.7741484031643826
19910722,9.337428977879593
19910723,2.0200168671999146
19910724,0.021977105140046617
19910725,0.11484536642114235
19910726,0.5196373754048847
19910727,0.03699667858138967
19910728,0.06136816109312976
19910729,4.96119247929813
19910730,0.4878026182898035
19910731,4.163336342344337e-14
19910801,0.00046637500140559156
19910802,0.00790157237827792
19910803,2.269835575492192
19910804,0.41221887071268465
19910805,0.003085788624606607
19910806,0.1435915046818435
19910807,0.032745682443149564
19910808,20.38455915011968
19910809,6.364458243872275
19910810,0.23314039401238085
19910811,0.02033267213648073
19910812,0.00026584886621408154
19910813,0.5243108848688965
19910814,1.1460020919234077
19910815,0.6014318314077131
19910816,0.031455457057194304
19910817,15.763808221790006
19910818,0.6365044442887045
19910819,19.399096227324858
19910820,11.616488300354371
19910821,0.026377559985093446
19910822,0.3346723765518927
19910823,0.02216095381830699
19910824,0.013927963938546385
19910825,0.0016410652615081098
19910826,0.0008718930053033609
19910827,0.009281660996309211
19910828,0.16884981073606897
19910829,0.4585442832629375
19910830,5.605852846800993
19910831,0.42524032952644547
19910901,3.4616640510354864e-06
19910902,4.163336342344337e-14
19910903,8.094262275862151
19910904,15.971150562416886
19910905,5.6700596432351555e-05
19910906,0.00014624334423650383
19910907,4.363375980978236e-06
19910908,4.163336342344337e-14
19910909,2.097625105361119
19910910,1.0719803107590467
19910911,0.004050393255046583
19910912,7.566742407932268
19910913,1.7867027522898649
19910914,0.37909760621635774
19910915,0.009962076230658963
19910916,1.3004449221133032
19910917,0.04866977901521059
19910918,0.47863103081154773
19910919,0.11808221155282062
19910920,0.0051021830043114025
19910921,4.163336342344337e-14
19910922,1.1373218791700717
19910923,9.977529639414353
19910924,0.04729533629790297
19910925,0.07002951930913855
19910926,0.49243543190190553
19910927,0.00012587413829045363
19910928,0.0007961393397420631
19910929,4.163336342344337e-14
19910930,0.028952677466477093
19911001,0.2687702155018611
19911002,0.002280191432059462
19911003,3.822820457060667
19911004,16.17375965837834
19911005,6.159581693946192
19911006,1.0550121847688232
19911007,0.26628349607617274
19911008,4.163336342344337e-14
19911009,0.01833156474058817
19911010,2.637453689135418
19911011,2.031153750020951
19911012,1.755467607909974
19911013,0.006187476338975122
19911014,8.258869899083447
19911015,0.592644246149444
19911016,0.0007542043087812494
19911017,4.163336342344337e-14
19911018,4.163336342344337e-14
19911019,6.429201177365467
19911020,4.163336342344337e-14
19911021,4.163336342344337e-14
19911022,4.163336342344337e-14
19911023,0.042797385119525105
19911024,0.14769403176932797
19911025,5.080291260233966
19911026,15.541834160349074
19911027,12.485787387747738
19911028,0.019590978260889312
19911029,0.8179199911947805
19911030,7.244911661134477
19911031,0.9999953733726179
19911101,3.870954638692453
19911102,0.063715681357531
19911103,0.001944848569612496
19911104,0.015644694347833416
19911105,0.006035003426388448
19911106,0.2878729569558893
19911107,2.935623828650466
19911108,0.0005611270400349867
19911109,4.163336342344337e-14
19911110,4.163336342344337e-14
19911111,3.142192827528834e-05
19911112,2.3292911617677747
19911113,0.052307242969501185
19911114,0.43412129365782803
19911115,3.3202353060017695
19911116,1.7998446981222953
19911117,4.163336342344337e-14
19911118,5.637252421988838
19911119,4.454425203637943
19911120,39.06563138522174
19911121,2.9039545268287554
19911122,0.016843485185345532
19911123,2.4418605031257243
19911124,0.8515233013246257
19911125,0.3846012987856529
19911126,0.01607536976223652
19911127,3.559542410654322
19911128,3.8263114344596176
19911129,0.5088514342756827
19911130,1.5380971735304878
19911201,0.012651604919590834
19911202,5.336530861662011
19911203,8.781957610037376
19911204,1.4178311708251832
19911205,0.22725633486109767
19911206,0.35024741473267174
19911207,0.23351629485971095
19911208,0.6166773835213282
19911209,2.0931362795164
19911210,0.0014510849420237403
19911211,0.07537529200036067
19911212,4.426951010526413
19911213,3.854666626254806
19911214,0.9974913942802683
19911215,1.064778085359397
19911216,0.359673547920706
19911217,0.09110868810287279
19911218,0.7752819981058612
19911219,0.0008148997747752918
19911220,0.11306412161126772
19911221,5.658915330928304
19911222,0.07620523962971987
19911223,4.614036432146341
19911224,0.007054044985810597
19911225,8.54406772531393e-05
19911226,0.0001158703117823851
19911227,0.0022327135580790664
19911228,1.2150722599440793
19911229,3.4034473899984796
19911230,0.2050080760902199
19911231,0.08027545056797145
19920101,0.09922753199000839
19920102,1.3229488823154534
19920103,12.217398333681805
19920104,0.135222922150865
19920105,0.12945938083951647
19920106,0.03404227011867663
19920107,0.2402818945929633
19920108,1.0319753549971078
19920109,2.4008014630332806
19920110,1.6471140631172643
19920111,0.037855686864896806
19920112,1.56172592913421
19920113,1.0131105614583593
19920114,21.95854321577441
19920115,3.09311399522139
19920116,0.571934802386027
19920117,0.5109249814013319
19920118,0.11156633181090894
19920119,0.05171679640838724
19920120,1.0796837651629343
19920121,0.0004912102407842949
19920122,0.009117049259744386
19920123,3.181796089390104
19920124,1.3594144460950512
19920125,4.536157161424994
19920126,0.14704467020320217
19920127,0.0025456111362470663
19920128,0.047676991528027436
19920129,0.06993515652729523
19920130,0.009219371610993184
19920131,1.736422209525752
19920201,0.833748484234535
19920202,0.0
19920203,0.0
19920204,0.01594299161252261
19920205,0.0
19920206,7.69373031778695e-05
19920207,0.6096017302295811
19920208,1.0035435010749238
19920209,0.0976409486257101
19920210,0.01093397109957289
19920211,0.7499033479740524
19920212,0.018389398327388864
19920213,1.6354482211263683
19920214,0.0785196614980484
19920215,12.828529435791566
19920216,1.2069527676909853
19920217,0.03332365366864564
19920218,2.266998516764016
19920219,6.714078344917388
19920220,0.7690392413212815
19920221,0.01006080875593474
19920222,0.947651187179819
19920223,0.01984860014961154
19920224,0.030663278829785548
19920225,1.0287629796727633
19920226,0.013862511033487356
19920227,0.0040619653695992625
19920228,4.80008138467424
19920229,0.4327960117568058
19920301,0.0
19920302,7.336952404251326e-06
19920303,0.0
19920304,0.005628867469420149
19920305,0.1416487349310921
19920306,6.746037327813131
19920307,8.344801813407036
19920308,0.5565884907767226
19920309,0.20062033929284506
19920310,21.52492143912769
19920311,2.4038728993175646
19920312,0.011451126496027543
19920313,0.14836172698547848
19920314,0.9019189683858728
19920315,0.008142792938886222
19920316,0.0
19920317,3.5758175768356213
19920318,6.675938661804585
19920319,6.996348693529591
19920320,0.6494426047302958
19920321,0.24264188450770605
19920322,9.365110691557916
19920323,0.09639363158947627
19920324,0.027245997416328036
19920325,3.7010897136949383
19920326,2.330759920886093
19920327,2.869968101381589
19920328,6.055428769857734e-06
19920329,1.6771945312703354
19920330,6.287864003034594
19920331,0.10198816340884799
19920401,4.682750410859786
19920402,0.35348943056466037
19920403,0.19350608458036792
19920404,3.12285615294865
19920405,0.10843045321188988
19920406,0.0
19920407,0.3309873817150113
19920408,0.36480996261316845
19920409,2.9665897226762046
19920410,4.204505752192874
19920411,11.339916644334698
19920412,1.1267077260511462
19920413,0.0043519700448178085
19920414,0.7557073952171209
19920415,0.051779945181831766
19920416,18.955165647688702
19920417,11.092651264189529
19920418,23.054680863739026
19920419,0.15802907448161854
19920420,8.219164138094502
19920421,17.860438195156444
19920422,0.5296239943772656
19920423,0.6131905508997864
19920424,5.0687347328962105
19920425,3.517190392191067
19920426,2.9375208100256502
19920427,2.7142010161896835
19920428,0.011889347103730824
19920429,1.5920509147284532
19920430,4.113687630639186
19920501,0.12866580849788206
19920502,1.500055959984877
19920503,0.012751248330149416
19920504,0.7679834632302933
19920505,1.7177482937099704
19920506,0.432723855404631
19920507,0.0
19920508,1.2315758003257982
19920509,10.5045443226617
19920510,4.7405779899265446e-05
19920511,0.0
19920512,0.00420572844286707
19920513,5.7872679544518775
19920514,0.5734290220088692
19920515,0.12218510549290672
19920516,1.8455838700528884e-06
19920517,4.201387427090701
19920518,8.934943217393773
19920519,3.0277143849229973e-06
19920520,0.4667077489435532
19920521,0.0004914450023989977
19920522,0.45366706425771897
19920523,12.877578790270222
19920524,3.9703160521593555
19920525,0.11577900931554694
19920526,1.7175819258528757
19920527,0.9856605904153319
19920528,0.02377120492274607
19920529,0.8873728947908031
19920530,24.62982807972592
19920531,1.179997617452756
19920601,0.0005507404421783797
19920602,0.0008706179935022255
19920603,0.0
19920604,5.165141392553244
19920605,5.3709620243580405
19920606,0.466538896885544
19920607,9.078625520162616
19920608,0.0001963203129361829
19920609,0.03207512846500525
19920610,0.0
19920611,0.0
19920612,3.3255323775509746e-05
19920613,0.0009560465566069113
19920614,0.5340704148219719
19920615,0.005029680190402438
19920616,0.00018166286309572024
19920617,0.8211232718050757
19920618,27.955869236523213
19920619,0.4442035346959913
19920620,0.12078440996655244
19920621,0.003524770555884792
19920622,0.0033220068885983604
19920623,5.498594384291243
19920624,6.3932669433309695
19920625,0.3106850401586548
19920626,1.0346762903864102
19920627,0.011168305984767589
19920628,1.3244606086831988e-05
19920629,0.0
19920630,0.0023182737301213345
19920701,1.510095719068353
19920702,0.8002313178042232
19920703,3.122762923897511
19920704,0.2949741171355944
19920705,5.407645429178378
19920706,0.02623174647149973
19920707,0.0002086522351741772
19920708,5.432359632990503
19920709,1.7318654330986945
19920710,16.97742931173525
19920711,0.29247355428045446
19920712,16.792802536006608
19920713,27.668412984925297
19920714,6.394036411090244
19920715,29.201114469599347
19920716,2.740698030880223
19920717,27.32090080090987
19920718,3.7997026011900426
19920719,0.6358142949883929
19920720,10.276016802517516
19920721,4.116848865933021
19920722,0.07692794023215524
19920723,6.668536010936303
19920724,4.725808779605105
19920725,0.1889538739893136
19920726,21.626966197376685
19920727,0.13670567211587792
19920728,0.004055945071388574
19920729,8.275941236761872
19920730,17.745176368553864
19920731,12.70338859958236
19920801,0.0018793247411354867
19920802,0.012070411162247956
19920803,1.2413325559689836
19920804,0.44370253790660164
19920805,0.09034386205283748
19920806,0.0005359271617888904
19920807,0.05411953908411983
19920808,5.78559266338721
19920809,0.5223777663392061
19920810,3.6544898096288523
19920811,0.9014440728157609
19920812,0.4244153694074762
19920813,4.239032700134783
19920814,0.8048122186901899
19920815,1.183550565469081
19920816,0.31154340490327553
19920817,0.0249475299435511
19920818,0.2629012579459224
19920819,1.9986298650829935
19920820,0.009018506192220525
19920821,7.336952404251326e-06
19920822,0.012796931169287361
19920823,0.28422348652834206
19920824,2.232364781525239
19920825,0.46304580048204413
19920826,3.1846116998017244
19920827,17.345458478861687
19920828,29.478200711735155
19920829,0.0021047780943473783
19920830,1.0197027467997206
19920831,0.007525294361536679
19920901,0.0005192766269357265
19920902,3.167149101631141
19920903,4.082325930243338
19920904,0.023074379165452477
19920905,2.84359244388918
19920906,1.5905289688959685
19920907,9.209710956158327
19920908,3.4714290153109584
19920909,12.10924086183302
19920910,3.291966535855351
19920911,0.30730060440793405
19920912,3.552064737383176e-05
19920913,0.0
19920914,0.0
19920915,0.0832979112765073
19920916,0.0020001673117670724
19920917,0.05077851460485063
19920918,8.044194620748813
19920919,0.004410376077700448
19920920,0.08263035227462087
19920921,14.525852202785082
19920922,15.184418086076438
19920923,0.0
19920924,0.0
19920925,0.0
19920926,3.0396778946149188
19920927,5.2227495804602295
19920928,0.007368620231563747
19920929,0.0
19920930,0.0
19921001,0.0
19921002,0.0
19921003,0.0
19921004,0.002404099119360066
19921005,0.0
19921006,0.0
19921007,0.0
19921008,2.0750411562476594
19921009,11.639392012076401
19921010,2.8079437242513103
19921011,3.704056134446231
19921012,0.11966136223675308
19921013,0.004065120256056889
19921014,11.12255456607719
19921015,9.103159096729101
19921016,8.384209158081092
19921017,0.005988170072619828
19921018,1.3877222960646756
19921019,0.010491548112444021
19921020,2.835345604323073
19921021,0.09036101224370709
19921022,0.0
19921023,0.04390531033696245
19921024,0.2728352806065245
19921025,5.223472646429446e-08
19921026,0.003278788021633295
19921027,0.0023654761849642904
19921028,4.554738023156838e-05
19921029,0.5962881717620702
19921030,0.985983805623281
19921031,0.006286629246770323
19921101,14.3275305869936
19921102,22.22423538582697
19921103,1.0357450387875702
19921104,5.577242098042312
19921105,0.8988162401597731
19921106,0.08412941428841757
19921107,0.10419193462023653
19921108,0.026222741720905884
19921109,1.1884095894259776
19921110,3.3839965043548372
19921111,7.9666156671185435
19921112,45.92863585798717
19921113,3.9328913470204605
19921114,0.24120755965521476
19921115,0.4817231360276096
19921116,0.6755764887820098
19921117,0.21075854974900063
19921118,0.2854437277648078
19921119,0.8519847506120465
19921120,0.08173153594792763
19921121,5.601582228127218
19921122,20.532483052981995
19921123,12.537581603282955
19921124,0.9662607267038911
19921125,5.095320485547701
19921126,0.822149836513426
19921127,0.08972792861505265
19921128,0.3770858592119972
19921129,0.022107857284795345
19921130,0.08862174642622642
19921201,0.25891210561960487
19921202,3.069100395928754
19921203,0.6175094701062039
19921204,0.27859912965140754
19921205,0.5161937277146134
19921206,0.6825789268154168
19921207,0.1773322607105365
19921208,0.19036830429290194
19921209,0.017974353557613447
19921210,12.538065114351985
19921211,0.6188360223644274
19921212,0.11445850092105271
19921213,0.03160609811030305
19921214,0.0023053124189358117
19921215,0.050853203485138346
19921216,1.9025062115028366
19921217,0.4658067782154689
19921218,0.03513989130275247
19921219,0.1732182838300269
19921220,5.571792793151338
19921221,0.0015770483973033985
19921222,0.0006972436003617876
19921223,0.017593788600515053
19921224,0.44602287049306377
19921225,0.052374575302762814
19921226,0.004006086707745192
19921227,0.0
19921228,0.23386887953559077
19921229,5.088483693839988
19921230,7.807020286993288
19921231,3.8721799787678535
19930101,0.09014219219566807
19930102,0.1757047968452601
19930103,4.665790451934498
19930104,30.862427796085832
19930105,10.350842778583974
19930106,0.05468007612611062
19930107,0.0003208976477963898
19930108,1.9282954520234372
19930109,0.07509087212859428
19930110,12.809566066392922
19930111,0.14114003408532289
19930112,0.9874399681399268
19930113,7.942721908202918
19930114,0.8259483277920799
19930115,0.10299171685997839
19930116,0.023562977367365442
19930117,0.17923027537646413
19930118,0.10584326944238275
19930119,1.3077343327279718e-05
19930120,0.0
19930121,16.10311485784408
19930122,3.6847429633725
19930123,0.6335209526466603
19930124,11.179055444386478
19930125,0.06352246927829279
19930126,0.10934944774031595
19930127,0.022871046272493496
19930128,1.0758738888964277
19930129,0.4099221562153675
19930130,0.0
19930131,0.0
19930201,0.030314771571678868
19930202,0.0
19930203,0.0
19930204,0.0
19930205,4.265290364143177e-07
19930206,0.14698221371086467
19930207,0.0006305794719610813
19930208,0.1874415476953194
19930209,0.06460978426323984
19930210,0.06294925564688926
19930211,0.13750237278111255
19930212,15.401253785302782
19930213,2.118036577833877
19930214,0.6928844838060043
19930215,0.1322511851734139
19930216,11.908701076923226
19930217,0.8683639572096227
19930218,0.1070076159676614
19930219,0.059978060309574366
19930220,0.3329128975683091
19930221,13.462333533242079
19930222,2.820929945817319
19930223,1.573938738730257
19930224,0.5541122888756488
19930225,0.68617877715321
19930226,6.398231926675458
19930227,0.0009110174881900331
19930228,0.006171072762976487
19930301,0.0
19930302,0.04294585857220411
19930303,4.186845686774296
19930304,24.534118947833427
19930305,5.363494018163639
19930306,0.1126283483755707
19930307,0.4798143333104949
19930308,4.073243011137272
19930309,0.2479612143451751
19930310,10.123351528742859
19930311,1.0819610913711855
19930312,1.2998834533623913
19930313,1.730877472121643
19930314,0.2748721453671826
19930315,0.07311684152945627
19930316,7.785432126284176
19930317,6.6820738515575
19930318,0.0048782836061153105
19930319,0.6537144708393096
19930320,6.038536856479142
19930321,1.0397409057963254
19930322,2.5369661752944865
19930323,16.68360229762456
19930324,4.189796790655088
19930325,0.20199756488714596
19930326,0.0033819872306260416
19930327,0.024138748629936188
19930328,0.21068711140821403
19930329,0.248095149624912
19930330,0.132785266661551
19930331,6.164317996591274
19930401,9.925732316564599
19930402,0.6905507704222329
19930403,0.012918507648067653
19930404,0.0006253444786747198
19930405,0.8165783511248994
19930406,0.6536118151711036
19930407,0.04158778170513589
19930408,0.5575950986765041
19930409,11.02239197850902
19930410,3.625894514812062
19930411,4.430624292271258
19930412,0.8254071239416781
19930413,1.141888590226646e-05
19930414,2.15429431995493
19930415,6.1956127193676345
19930416,4.234771362877781
19930417,0.33649713410654497
19930418,0.47510422032822064
19930419,6.351416286619339
19930420,8.792655567089824
19930421,1.4051942330211402
19930422,0.1800752575438001
19930423,0.0005050888690237383
19930424,6.750200839399672
19930425,29.123758913585664
19930426,0.25685821829199074
19930427,0.0
19930428,0.0376432378223551
19930429,2.190817817704317
19930430,3.8810824228608776
19930501,0.0010785309586835126
19930502,0.8161427974773466
19930503,4.6942225836528095
19930504,11.813675102254892
19930505,3.1411428700037876
19930506,0.0022476157982851998
19930507,0.0
19930508,0.0
19930509,0.1511400493040742
19930510,0.14348564190809365
19930511,1.3406773332426591
19930512,0.27019507487032535
19930513,0.003324272174077739
19930514,0.0
19930515,1.0837730240553993
19930516,0.8542259590060653
19930517,0.0
19930518,0.6319887337126252
19930519,1.3292351664244113
19930520,0.4733439530111879
19930521,0.2754489245403698
19930522,0.034747912588084025
19930523,9.498372464517736
19930524,6.565543060231549
19930525,0.15902621984402102
19930526,2.798915010249782e-06
19930527,0.8873649400624632
19930528,0.5345264271465406
19930529,9.418643600131864
19930530,0.07414206275033758
19930531,14.529032274546564
19930601,0.0001273643382555945
19930602,0.7422105309805628
19930603,0.5302932731326142
19930604,3.214057468506441
19930605,11.819833943783284
19930606,0.0
19930607,15.990384995819173
19930608,9.985018122365688
19930609,2.019830345653334
19930610,0.9671466012542467
19930611,0.22601035409028084
19930612,0.12385930213966702
19930613,0.017996882043689048
19930614,7.12525042422091
19930615,1.3897954706639806
19930616,0.05321552586419234
19930617,0.0
19930618,1.9333618539722734
19930619,2.6402309685863457
19930620,8.286808647644452
19930621,7.914086145067453
19930622,0.26372976709219104
19930623,0.047797435549699424
19930624,0.022803224655992566
19930625,16.331647198061017
19930626,3.254492966371862
19930627,5.101691581596961
19930628,6.887616332330179
19930629,1.0235571392788232
19930630,14.883259421803347
19930701,6.337314845839462
19930702,6.9114387687233565
19930703,3.998713100011148
19930704,0.22766279451864635
19930705,0.379845792677999
19930706,2.9113539325680353
19930707,5.799196955155103
19930708,4.148528773478155
19930709,0.6242963342745579
19930710,3.720976024518755
19930711,7.047538287880208
19930712,2.649479588338081
19930713,0.0
19930714,13.951664192529202
19930715,0.10362512574110196
19930716,7.789519114286841e-06
19930717,0.12874033597230902
19930718,3.7568449220136015
19930719,10.198457253373602
19930720,5.346321707980001e-07
19930721,0.012679423406143893
19930722,0.00959798750292527
19930723,0.39462157648149393
19930724,0.15658459155619395
19930725,3.5686959810067127
19930726,21.5063104289224
19930727,0.0
19930728,6.848148276981212
19930729,1.0936845602554162
19930730,0.021261270243374174
19930731,0.0
19930801,0.5113168251814005
19930802,8.90576233598886
19930803,0.2770426528277342
19930804,2.3994405316864027
19930805,0.08272121097160698
19930806,1.772750128857944
19930807,0.7405200216436238
19930808,0.04602955370957558
19930809,0.0017700065128974272
19930810,16.93546012702687
19930811,0.8078627299430351
19930812,1.8269187446681965
19930813,0.8471496864449439
19930814,0.11815876384698067
19930815,0.2136765371013203
19930816,7.88649995866197
19930817,1.941366304116668
19930818,0.42101676516290454
19930819,0.0753894490166717
19930820,9.622082189918219
19930821,0.006356502555529137
19930822,1.4404391862607585e-06
19930823,2.510147884468337
19930824,1.8513960605228996
19930825,0.17677703499097114
19930826,1.9372550561714945
19930827,0.5442668256497981
19930828,0.17400065312498372
19930829,1.1626988020151119
19930830,2.4324872980116767
19930831,7.951322211740072
19930901,0.863902576404999
19930902,4.136823665452038
19930903,29.167357412397852
19930904,0.03354366896645624
19930905,0.5448760477209721
19930906,11.538138944342002
19930907,0.08931679724761737
19930908,0.3980526975507404
19930909,0.05129728945122458
19930910,3.357166320848982
19930911,0.0003556402513634445
19930912,3.3348906784635983
19930913,6.381809519808687e-05
19930914,0.2181545335557132
19930915,12.237888118378853
19930916,0.09622984179171133
19930917,0.160729342090284
19930918,0.18584672498301175
19930919,0.2837512834161978
19930920,1.872251554456718
19930921,1.2358282500868445
19930922,0.9698520200755648
19930923,2.7073885370968815
19930924,0.0
19930925,5.545134484235669
19930926,17.00747982097075
19930927,18.584554482178703
19930928,1.9184075471415032
19930929,3.6900820358602235
19930930,0.5940182000872051
19931001,1.0381859501161068
19931002,7.292645814287072
19931003,0.0
19931004,0.011265971206974456
19931005,0.06098402442967519
19931006,0.0009652998611936033
19931007,0.0
19931008,4.628477639841658e-05
19931009,18.333120578671938
19931010,0.0006681250598078725
19931011,0.0
19931012,0.11515502042521138
19931013,0.013212232335395688
19931014,0.002354569135158865
19931015,0.036771920158147155
19931016,5.070870576321629
19931017,17.153239848326688
19931018,0.008028664065437983
19931019,1.7000847092289904
19931020,4.111392945815382
19931021,13.525680267895607
19931022,0.0
19931023,0.0
19931024,0.0
19931025,0.0
19931026,0.01749646541571503
19931027,0.8602775927698773
19931028,0.02133415651376798
19931029,0.008019071045501142
19931030,4.324454176728285
19931031,3.797717010952251
19931101,0.08793605016571246
19931102,0.0
19931103,3.527522865936545
19931104,0.17026688433554604
19931105,1.5153661537413763
19931106,1.2451396383261926
19931107,0.3778519605001548
19931108,0.0
19931109,0.0
19931110,0.239969124206866
19931111,0.001612160107004684
19931112,0.30912881018732247
19931113,5.003673645344683
19931114,39.6299272888367
19931115,7.550797565234294
19931116,0.058015490849673786
19931117,29.76838399897641
19931118,0.006750370405248944
19931119,1.4390343807469266
19931120,0.03983707734579597
19931121,0.0
19931122,0.0
19931123,0.04069291766658861
19931124,4.16694726694948
19931125,0.486948899496084
19931126,6.620340112602157
19931127,14.134935928350773
19931128,0.8989446308596052
19931129,0.7040057800110934
19931130,0.007522960087912389
19931201,0.0
19931202,5.002997553165909
19931203,0.1564603149641261
19931204,16.266263564384708
19931205,0.4106069037333728
19931206,1.3352297742553947
19931207,0.15679318292611352
19931208,0.035229883366689946
19931209,0.0598607696280683
19931210,1.7063160438277696
19931211,0.07963978097389977
19931212,0.0
19931213,0.0
19931214,0.028604694105111624
19931215,3.8664383126848523
19931216,0.004164432445348396
19931217,0.5274148869412609
19931218,7.0066202496865095
19931219,1.6702822994236872
19931220,2.8153174226793176
19931221,2.538917069760548
19931222,0.6989993861994694
19931223,0.2629036092004757
19931224,0.18777760981033076
19931225,1.3715567072691206
19931226,1.0776494371456087
19931227,0.08275689189953989
19931228,0.05032753920094519
19931229,0.4285025363251481
19931230,0.5081721902393155
19931231,0.257489293096657
19940101,2.710574012747404
19940102,0.39425902062923174
19940103,0.23427449010392132
19940104,1.327645978651148
19940105,0.38207087646417626
19940106,10.780046392180951
19940107,3.777600811800535
19940108,0.45905011405999946
19940109,0.010198010639653516
19940110,0.006612616864904216
19940111,2.0824990056428327
19940112,0.08396192999608214
19940113,0.35778898996516206
19940114,1.4145907887118765
19940115,0.37282425911179556
19940116,0.9316521133778045
19940117,9.12332834118545
19940118,0.06536349862621013
19940119,0.5302979987894979
19940120,0.7068403138800545
19940121,0.005295782190406765
19940122,0.0025654991679764957
19940123,0.621665707518786
19940124,0.41142574461717923
19940125,9.242711905689054
19940126,1.0921537344304244
19940127,14.792942369017828
19940128,20.171221258571187
19940129,0.5547967431739197
19940130,0.12440203981652141
19940131,0.864337032888057
19940201,0.02605558446769518
19940202,0.1765160895963782
19940203,0.411371797242096
19940204,1.1504175340346987
19940205,0.0
19940206,0.0
19940207,0.02769793914384057
19940208,10.112820246758828
19940209,3.7270052016065964
19940210,0.01792764271640693
19940211,0.00034878507460500745
19940212,0.46648056575405183
19940213,1.0911942440069329
19940214,0.00802720632325502
19940215,6.224285289597531e-05
19940216,4.935722541684766e-06
19940217,0.0
19940218,0.0
19940219,8.939952442147843e-05
19940220,5.116310824918316
19940221,0.15068820333011268
19940222,0.10569988634212882
19940223,13.231483747798793
19940224,0.82281104464738
19940225,7.076859753885696
19940226,1.3425834944313912
19940227,9.800975756621544e-05
19940228,0.4276881998182119
19940301,0.7101577246017051
19940302,0.003658379876612228
19940303,0.00109302513124566
19940304,0.00038467069837343665
19940305,0.011749871949277861
19940306,1.8610373648506577
19940307,9.726747320960273
19940308,0.01874692122598796
19940309,2.9850586031072956
19940310,2.4402249462316954
19940311,0.0002737714210153149
19940312,4.130979751109387e-05
19940313,4.322234676317492
19940314,0.11684525289370074
19940315,1.1709186535790022
19940316,0.0005783466874097263
19940317,0.14543160335788302
19940318,4.398323524338365
19940319,0.1686752534155944
19940320,0.00652451566780097
19940321,20.303802565788004
19940322,0.0
19940323,0.013072349943156576
19940324,1.8409019910293638
19940325,0.0
19940326,0.7332563241855995
19940327,7.3692441504850725
19940328,1.0706781068324003
19940329,1.8658170019406894
19940330,0.20751824282810435
19940331,0.0
19940401,0.0021515945821675314
19940402,0.1473829263196233
19940403,8.38833443324435
19940404,0.0
19940405,6.761553438073104
19940406,18.583674288085405
19940407,1.9229231303324794
19940408,0.002019360871803472
19940409,1.2594794261082047
19940410,15.699762537541082
19940411,6.6713293430411795
19940412,23.890240774254323
19940413,6.532257636205873
19940414,0.05630098491787137
19940415,5.138020642697412
19940416,0.7218844174083276
19940417,7.087122003329519e-06
19940418,0.898104051711361
19940419,0.08887427435976157
19940420,0.0
19940421,0.0026022901869450234
19940422,0.0
19940423,0.0
19940424,0.0
19940425,0.2120475720346006
19940426,0.358459936555771
19940427,12.887244879541058
19940428,12.899702458215286
19940429,10.361881351071647
19940430,15.157232998311558
19940501,1.1864420345083568
19940502,0.114384470712657
19940503,0.05172060213166905
19940504,0.49447191581154126
19940505,0.541092093763133
19940506,1.4982565621795756
19940507,14.533370502487752
19940508,0.17530412092116165
19940509,0.3791145049332906
19940510,0.055074154815567544
19940511,1.7995415975049351
19940512,7.838240193445093
19940513,0.0
19940514,0.044199085983638885
19940515,6.3667543608154515
19940516,0.0016114645443135293
19940517,0.00017489903474464486
19940518,0.00023935177732194908
19940519,3.124955448143617e-05
19940520,0.0
19940521,0.0
19940522,0.0
19940523,0.034471652980361714
19940524,5.400175427763416
19940525,10.397059375111159
19940526,6.69584187624789
19940527,0.003628025666635143
19940528,0.0
19940529,3.7298620611100473e-06
19940530,0.36096888964719853
19940531,2.5906724571236284
19940601,2.0112394013493686
19940602,0.11051422828153147
19940603,0.0
19940604,0.0
19940605,0.0
19940606,1.959059346616786
19940607,0.004187593337994901
19940608,4.517623736452046
19940609,0.0
19940610,0.0016743311139372431
19940611,0.10998449794089969
19940612,0.3113647325492824
19940613,5.297513381620858
19940614,0.8650009470606485
19940615,1.2644804378505436
19940616,0.6755873286368839
19940617,0.45999573769906127
19940618,0.2733698332018164
19940619,1.4947828682560211
19940620,6.096338877445428
19940621,3.8575626890323824
19940622,0.00022990305969103326
19940623,6.404047832271149
19940624,31.825671547260377
19940625,3.7783856078130076
19940626,10.67249305592857
19940627,0.24783913459485155
19940628,2.5024904825464054
19940629,10.525617399497838
19940630,0.11612883882687748
19940701,0.023473908112421026
19940702,1.330301660066514
19940703,5.914351686407181
19940704,0.13852228608112563
19940705,0.21498210252713987
19940706,0.9947462019445051
19940707,17.939644398696576
19940708,5.86600819989433
19940709,1.4064882797056388
19940710,0.0615134645197725
19940711,0.0023557141304138343
19940712,0.42970341508984844
19940713,1.1944388495972882
19940714,4.952618645118452
19940715,1.3376458297826685
19940716,0.005590101751499355
19940717,1.2717723660634372
19940718,0.4588168216613805
19940719,0.05766199393757662
19940720,4.333134392291879
19940721,10.563829817644624
19940722,9.775193171592539
19940723,0.7948152878316223
19940724,1.7217154201081708
19940725,0.48879096046461146
19940726,0.06595486015125279
19940727,0.9338560621131782
19940728,1.2950864349365518
19940729,3.2918232842407393
19940730,1.4837695743481671
19940731,0.28520345021743787
19940801,0.0349145353944937
19940802,5.552277023439518
19940803,1.0272392176743639
19940804,12.447736725000135
19940805,0.4030879027127728
19940806,0.0007268255262771728
19940807,0.0
19940808,0.18681926374079288
19940809,0.668859833861149
19940810,0.009835970009755692
19940811,12.172883822074049
19940812,1.441146439220858
19940813,19.067790546105446
19940814,17.974741390938256
19940815,0.04217333891321454
19940816,0.0008343412915027876
19940817,0.05254825831708069
19940818,0.013264842274797396
19940819,0.07320634211429068
19940820,10.883733882852079
19940821,7.187668822877958
19940822,0.030944716324932797
19940823,0.02862209400861694
19940824,0.017003024388455874
19940825,0.8587379178093275
19940826,0.6548476547298038
19940827,0.885685084027731
19940828,10.055882392887298
19940829,1.838163629116008
19940830,1.3843847833058398
19940831,4.24886815235802
19940901,1.744512081510178e-05
19940902,0.00512696581002592
19940903,0.16318721198724925
19940904,0.01295361431824232
19940905,0.04233312746416516
19940906,3.0597148739167395
19940907,0.230083843397124
19940908,0.4910977816943825
19940909,0.3813610221185137
19940910,3.2788835197142974
19940911,0.003922112045479079
19940912,0.0035637658750192753
19940913,7.921313283252211e-07
19940914,0.15944940692226575
19940915,0.0505006291333723
19940916,0.011951289924258044
19940917,1.195401985829366
19940918,0.03391099359145111
19940919,3.410401285892862e-05
19940920,0.0
19940921,0.0
19940922,0.002874814683402194
19940923,0.008355341016004016
19940924,2.8208745995923747
19940925,11.97026563289577
19940926,3.9582712562025373
19940927,5.094847825345509
19940928,0.71124611597687
19940929,0.01774202340538428
19940930,0.35154326120889223
19941001,0.5680014371208552
19941002,0.0316875148213889
19941003,0.0
19941004,0.00969347984153454
19941005,0.00395192680082712
19941006,0.0
19941007,0.0
19941008,0.18275982713455097
19941009,12.74454780696229
19941010,7.921313283252211e-07
19941011,0.0
19941012,0.0
19941013,0.1412175139053209
19941014,0.27628995540033113
19941015,0.0
19941016,0.0
19941017,0.0
19941018,3.468995849794867
19941019,9.260335672519995
19941020,0.29819870312041097
19941021,0.005626472055005757
19941022,9.743043323256921e-06
19941023,0.02647050222098527
19941024,1.1456628174152925
19941025,0.16993896707820388
19941026,0.2995914148316594
19941027,0.00017189867989447535
19941028,0.0
19941029,0.0
19941030,0.38076557711842207
19941031,3.8186015374542657
19941101,17.624132452122744
19941102,0.0054211897551748114
19941103,0.0010716832795196996
19941104,10.628133230210452
19941105,11.483133503740138
19941106,5.072046968710355
19941107,0.0
19941108,0.0
19941109,13.325950795845868
19941110,2.8026508665179732
19941111,0.0
19941112,0.033192589637698444
19941113,0.2515019439005194
19941114,2.409819417607901
19941115,0.9782591857658829
19941116,0.15567887021330362
19941117,0.030971646453831044
19941118,0.000267455580672618
19941119,0.0
19941120,0.8079412343315928
19941121,6.904599259003281
19941122,1.2514343567364522e-05
19941123,0.017392147551857556
19941124,0.0001902077580675631
19941125,0.0
19941126,0.0
19941127,12.10560444695432
19941128,5.994813803592579
19941129,0.00048297482617997974
19941130,0.043117713262869437
19941201,0.00027684722480346316
19941202,0.0
19941203,0.6238294301577595
19941204,0.4547678847334907
19941205,5.329798405849101
19941206,3.1982046758048637
19941207,17.066615932536294
19941208,0.000630282650551543
19941209,8.008247611363698
19941210,6.4228117082223815
19941211,1.1487568113006754
19941212,0.009267556698019033
19941213,0.0035266103362004983
19941214,0.017444225801369433
19941215,0.016354920028625094
19941216,9.502526837329121
19941217,3.856313745666487
19941218,0.46301331088421926
19941219,0.02059086282350247
19941220,0.0
19941221,0.0
19941222,1.0740741359730143e-05
19941223,0.021675551189009015
19941224,0.07629963933188845
19941225,0.0
19941226,0.0016902247659436075
19941227,0.0
19941228,0.090799513481055
19941229,0.021510149155675076
19941230,0.0
19941231,3.691473022168898
19950101,3.7567393959328825
19950102,0.07597040072698903
19950103,0.09740176890157534
19950104,0.24886592496816798
19950105,0.022290674576120842
19950106,5.451612630837121
19950107,6.865854549158514
19950108,0.06960554573556664
19950109,0.00943234142789266
19950110,2.209330618642734
19950111,0.9860017734968374
19950112,3.169032283084076
19950113,2.3568708837454895
19950114,5.7673872902674095
19950115,1.3131628360854122
19950116,0.4812035612665326
19950117,0.002384793991770532
19950118,2.2615470290484083
19950119,3.0658357538473533
19950120,16.913785725336474
19950121,9.604581567005779
19950122,5.856154110689648
19950123,1.4225203038488747
19950124,0.8022315364892549
19950125,0.02046174933372059
19950126,0.024778339601630953
19950127,0.017624570219855893
19950128,0.3137313666833725
19950129,0.005281125003793928
19950130,0.0002045895549648431
19950131,0.0066616510365408695
19950201,0.5991274358541399
19950202,0.06373547804297268
19950203,0.23126188462634303
19950204,1.345416103933299
19950205,0.14639152689169416
19950206,0.430964528353247
19950207,0.3627123534292905
19950208,0.6993710116271472
19950209,0.03656053984562668
19950210,0.12863366731971737
19950211,0.09412980044844034
19950212,0.02569622242486927
19950213,0.024642694441128543
19950214,4.6179960849382073e-05
19950215,2.713671338959366
19950216,0.10552499872885675
19950217,-4.163336342344337e-14
19950218,-4.163336342344337e-14
19950219,-4.163336342344337e-14
19950220,0.03783085454572664
19950221,0.3280400174660193
19950222,0.0007008992628156087
19950223,0.5289571052544854
19950224,0.2467037527458775
19950225,0.3012113841215396
19950226,1.0919634263610594
19950227,8.637240509009427
19950228,4.862516279152633
19950301,0.10601045300813758
19950302,0.0030482768550717117
19950303,0.00025408772582542635
19950304,0.0005074376850619142
19950305,7.607839553821327
19950306,1.1372526716768057
19950307,21.211347613299562
19950308,9.693246890759369
19950309,0.041124872557539924
19950310,-4.163336342344337e-14
19950311,-4.163336342344337e-14
19950312,-4.163336342344337e-14
19950313,-4.163336342344337e-14
19950314,-4.163336342344337e-14
19950315,-4.163336342344337e-14
19950316,0.06059361449456576
19950317,0.0003252808969984792
19950318,-4.163336342344337e-14
19950319,0.11258108547249819
19950320,4.584336982946424
19950321,0.5850664684785967
19950322,0.00246590428154203
19950323,0.33279646328392054
19950324,-4.163336342344337e-14
19950325,-4.163336342344337e-14
19950326,0.03442142696067088
19950327,5.123644435306091
19950328,1.4898570636050394
19950329,2.17277006917753
19950330,1.5975726669293016
19950331,0.28269276281213673
19950401,0.2698890271350133
19950402,0.5186504070556494
19950403,1.8810066910770913
19950404,1.4679792233308349
19950405,6.038246398268234e-05
19950406,2.4955914893425266
19950407,0.11070410789431431
19950408,8.806172221948628
19950409,14.424639950905764
19950410,5.880309878181082
19950411,0.7660911438278679
19950412,10.551712816058478
19950413,0.24342644177159528
19950414,-4.163336342344337e-14
19950415,0.018345064062284484
19950416,0.3538666305853826
19950417,6.304233687640709
19950418,11.498446048413483
19950419,0.44504551369120593
19950420,4.772218103702099
19950421,17.258857681042283
19950422,0.1293699668865962
19950423,0.05286502062914247
19950424,0.26579718625496496
19950425,1.3214654632734548
19950426,0.5706294191537198
19950427,3.2389350660856895
19950428,0.11468708487578876
19950429,0.03889436934189711
19950430,7.285555142791617
19950501,0.03869064298527346
19950502,0.8018431372582726
19950503,0.18396764975306307
19950504,6.148918791526996
19950505,5.425145872573303
19950506,0.019731983741090135
19950507,-4.163336342344337e-14
19950508,0.019814490544906325
19950509,15.071082533933303
19950510,12.548052741174079
19950511,0.5692717112805313
19950512,0.08509671942975587
19950513,1.4139041603033398
19950514,3.6254024008884067
19950515,-4.163336342344337e-14
19950516,0.5721142129995739
19950517,9.741815107282841
19950518,28.74626211109181
19950519,1.1811699875770032
19950520,1.2852847567310213
19950521,0.49244707438876156
19950522,-4.163336342344337e-14
19950523,0.2934440014886629
19950524,12.272861202591397
19950525,10.32613397451067
19950526,0.041572207534930995
19950527,1.3048922857871772
19950528,5.821443077374877
19950529,1.2980116934911914
19950530,0.17478562522294608
19950531,-4.163336342344337e-14
19950601,1.4518082572080422
19950602,11.20640738074379
19950603,2.8779473179536454
19950604,0.1867057756513971
19950605,0.05152909880832659
19950606,0.0951863740382132
19950607,0.8603845506552221
19950608,5.470202968395254
19950609,14.676324110819303
19950610,6.571364674691069
19950611,0.23941325150924647
19950612,0.198572528755808
19950613,0.0017121113438248454
19950614,0.27658661686002034
19950615,0.22263757039314314
19950616,0.17121467384687256
19950617,0.16785115443772108
19950618,0.06298591762500146
19950619,0.002673449446558286
19950620,0.41521943024657526
19950621,5.051085619129064
19950622,2.605040965783168
19950623,1.7309613447829166
19950624,2.7002885591507875
19950625,4.176948166107379
19950626,7.429915771819179
19950627,16.31900511479807
19950628,8.681418035523459
19950629,13.154599052626704
19950630,6.852843681097572
19950701,0.05917594510501919
19950702,-4.163336342344337e-14
19950703,-4.163336342344337e-14
19950704,6.753891552939022
19950705,13.450451647139607
19950706,7.062554998813619
19950707,0.39020232368197155
19950708,0.00014358419468697115
19950709,1.337170422295158
19950710,0.4198744877583632
19950711,0.7046516129581799
19950712,0.43373229038665956
19950713,0.007782183249143876
19950714,0.00066413848297661
19950715,9.425915036874612
19950716,1.8961322331113744
19950717,1.9894432445100632
19950718,0.03902355899801558
19950719,0.0012526258198452458
19950720,1.6618948534516569
19950721,5.591670575595518
19950722,0.9243531101135054
19950723,9.64853549784905
19950724,10.396456147586118
19950725,10.840275429550312
19950726,3.3276493384959256
19950727,1.8106233355169867
19950728,1.063115157115695
19950729,0.006035754489357767
19950730,0.00204422726341501
19950731,0.0903970845003647
19950801,5.456078107254246
19950802,7.5020804265064065
19950803,2.915453750867033
19950804,11.127150634909414
19950805,34.66071995350957
19950806,0.16058826035974086
19950807,1.6580195785793368
19950808,13.729489094032763
19950809,1.3938466370597298
19950810,1.2510216825507887
19950811,0.7500018390466116
19950812,0.18555282946643112
19950813,0.5816702420991283
19950814,0.1503607314263672
19950815,3.050159880708935
19950816,3.050934668667189
19950817,22.597162616839707
19950818,11.00281213111554
19950819,0.8985307702317139
19950820,0.5709875655795708
19950821,0.29764983333959816
19950822,-4.163336342344337e-14
19950823,-4.163336342344337e-14
19950824,0.30486430710682144
19950825,0.002107918039090686
19950826,4.924361969523408e-07
19950827,0.4527862123905541
19950828,0.0046650946018375085
19950829,2.4350593540717265
19950830,0.5432677168451973
19950831,0.10289464086022818
19950901,0.17451090599069832
19950902,0.00028491885319045877
19950903,0.07810211079628011
19950904,0.12638832835855332
19950905,0.04150519212417783
19950906,0.020167909083623255
19950907,4.321528445689681
19950908,3.313764537448116
19950909,0.12108540944328407
19950910,0.007907920008030209
19950911,-4.163336342344337e-14
19950912,2.908789949422538
19950913,1.6832686098448557
19950914,1.555860595315495
19950915,3.86199970424753e-06
19950916,0.34281111668199704
19950917,0.6373562286527762
19950918,0.012412573934409844
19950919,0.03742492024428537
19950920,7.859152081795346
19950921,1.9519456220875644
19950922,4.2755273702097245
19950923,-4.163336342344337e-14
19950924,-4.163336342344337e-14
19950925,0.012623568724007357
19950926,0.022004240113058567
19950927,0.0018859835008688175
19950928,-4.163336342344337e-14
19950929,-4.163336342344337e-14
19950930,-4.163336342344337e-14
19951001,0.01766877599051609
19951002,-4.163336342344337e-14
19951003,24.491318758472847
19951004,1.0772428087224153
19951005,40.53283396715767
19951006,3.6807553565612428
19951007,1.0161468920688894
19951008,0.00392373332497858
19951009,-4.163336342344337e-14
19951010,-4.163336342344337e-14
19951011,-4.163336342344337e-14
19951012,-4.163336342344337e-14
19951013,-4.163336342344337e-14
19951014,0.3238783783528649
19951015,0.4415412932210224
19951016,3.280776500312903e-06
19951017,-4.163336342344337e-14
19951018,0.2419283011187579
19951019,-4.163336342344337e-14
19951020,14.382269570410378
19951021,1.3142794670347988
19951022,1.409066309267871
19951023,-4.163336342344337e-14
19951024,1.4557732941619308
19951025,0.0003225491697843252
19951026,0.6669031742768038
19951027,15.333605511066033
19951028,2.2439893202715786
19951029,1.3421489646611724
19951030,0.9930786426192046
19951031,10.064946995844398
19951101,0.6738884079447577
19951102,14.879114804801098
19951103,0.12694202183649347
19951104,0.18530605492151617
19951105,0.0903766011700105
19951106,5.499022931749174e-08
19951107,4.797244261208518
19951108,1.110426434821662
19951109,0.1619725721412447
19951110,1.5804767045436607
19951111,25.810211672305787
19951112,0.323399271006951
19951113,0.12418648417781131
19951114,0.003481950997737486
19951115,0.3890016542134968
19951116,1.6531320162830196
19951117,2.6663080015686496
19951118,3.3977491915235976
19951119,0.01611108484122468
19951120,0.00043778968538040836
19951121,1.4302191731933354
19951122,0.025892615924465602
19951123,0.3249138077709711
19951124,0.0006504550519994692
19951125,7.919997786351055e-05
19951126,0.043026773551720285
19951127,2.204767133851118
19951128,1.1061462956629464
19951129,0.009821568330398092
19951130,0.0032277923297092622
19951201,0.8964113130274456
19951202,0.0003017763327605585
19951203,2.0680155233164466
19951204,0.0013351951688368863
19951205,1.224341509974172
19951206,7.773040399083225e-07
19951207,0.0001720038310978902
19951208,0.7084257344064995
19951209,3.123761639222644
19951210,0.13942782653898378
19951211,0.22686094377535262
19951212,1.0175263690276
19951213,4.064677579701561
19951214,6.226583273005492
19951215,0.04747763117052311
19951216,-4.163336342344337e-14
19951217,-4.163336342344337e-14
19951218,7.472083079760969
19951219,9.911532990065217
19951220,0.1668505515719449
19951221,0.5477008207928322
19951222,0.12573014620366438
19951223,1.3530823406164707
19951224,0.8076346090973449
19951225,1.1114921332790806
19951226,0.78231753571062
19951227,0.3777886439993221
19951228,0.049718717527183875
19951229,0.0005816514237841309
19951230,7.229543542825195e-05
19951231,1.469692270670714
19960101,0.633107555337006
19960102,1.6315919076677234
19960103,7.670512981960302
19960104,0.7455047075264454
19960105,0.24643447095711313
19960106,0.11472453016807693
19960107,2.7052993214295324
19960108,0.08004313323389291
19960109,3.2109352350106333
19960110,0.14465673802118625
19960111,2.6646834527086978
19960112,3.180086255017199
19960113,0.09263629360119252
19960114,8.326672684688674e-14
19960115,0.015386941539838711
19960116,0.12742021093806594
19960117,5.061525765278008
19960118,5.019796927697159
19960119,16.42255925606034
19960120,0.0012931956898537458
19960121,0.4137026332476577
19960122,8.326672684688674e-14
19960123,7.029080045101598
19960124,11.59363099603558
19960125,0.05978180052127958
19960126,1.1263819413117326
19960127,4.957728691449785
19960128,0.0904702392453629
19960129,1.0354926994436682
19960130,0.9987512686972169
19960131,0.2808905385396191
19960201,0.11384745330516291
19960202,0.010504138424279863
19960203,8.326672684688674e-14
19960204,0.0013732664487473246
19960205,0.00012360963600125123
19960206,8.326672684688674e-14
19960207,1.5185230915031858
19960208,6.576362535817019
19960209,0.029985726041030936
19960210,0.02515796609105108
19960211,0.7314582918410545
19960212,0.032645182297812526
19960213,0.09738528169065416
19960214,2.1104952985984173
19960215,0.7496015941444447
19960216,0.13578491795910833
19960217,1.6169907076295456
19960218,0.1611328228617018
19960219,0.30866623581727926
19960220,0.6038108201151103
19960221,1.3275833001982642
19960222,0.020327879972476072
19960223,1.538680914278902
19960224,0.9309854443074539
19960225,8.326672684688674e-14
19960226,9.314160722380736
19960227,12.045891106690416
19960228,2.8520843374980482
19960229,0.05118344037352486
19960301,8.326672684688674e-14
19960302,0.8214212583345523
19960303,0.0802710802025398
19960304,0.012676908502660067
19960305,17.67246463519526
19960306,4.61887178100041
19960307,1.5712632835054539
19960308,0.108991163988711
19960309,0.17793443215938906
19960310,8.326672684688674e-14
19960311,8.326672684688674e-14
19960312,8.326672684688674e-14
19960313,0.07977183146495823
19960314,0.00564998226806119
19960315,0.47524896215500395
19960316,0.01683504060716076
19960317,0.0049254859008450586
19960318,0.4711433869522989
19960319,11.135186501597772
19960320,29.12214794485612
19960321,1.1943486348786914
19960322,0.0622396013474489
19960323,8.326672684688674e-14
19960324,1.143184017369719
19960325,6.04003333704028
19960326,0.04686262827755947
19960327,8.326672684688674e-14
19960328,0.010662046531462351
19960329,1.9113400216093555
19960330,0.00026381858964624023
19960331,0.4740187607387416
19960401,7.341294401660028
19960402,0.19688779427580674
19960403,0.515215807787279
19960404,4.34540990054403
19960405,0.8012434767263957
19960406,0.7643657768309405
19960407,1.2017288297790172
19960408,0.22670412224417302
19960409,1.049974463780332
19960410,0.3563387333115352
19960411,0.022269070243398185
19960412,6.82816727024728
19960413,8.79655758147648
19960414,0.0068577369859485655
19960415,13.46611857873511
19960416,3.2668303427224985
19960417,8.326672684688674e-14
19960418,0.005292709416657114
19960419,3.3784223998971705
19960420,14.16952614238699
19960421,0.0003181669267635439
19960422,28.957230875419757
19960423,21.411811032750787
19960424,1.0463048098952412
19960425,0.4434881438375765
19960426,7.583760390018646
19960427,0.016394829961196067
19960428,4.783510478502101
19960429,19.761684673341236
19960430,19.270708273334673
19960501,3.8947428196233855
19960502,0.009017141643994931
19960503,6.545838950595843
19960504,5.282933979566865
19960505,3.5349071444492566
19960506,0.7180924122727679
19960507,1.7483523896022082
19960508,2.659038629002646
19960509,8.261419796878869
19960510,9.945542107336454
19960511,6.124935226986744
19960512,2.00708836997387
19960513,0.5838013460344713
19960514,0.14170234239069018
19960515,6.259169986539927
19960516,1.4253560917890722
19960517,10.127475635234058
19960518,0.10080067914163945
19960519,0.000254463629502088
19960520,0.2642239566009501
19960521,2.777767536465616
19960522,0.010545257499907123
19960523,2.6118095615525867
19960524,11.202514649361502
19960525,0.6020716774356129
19960526,13.689783365211031
19960527,16.43225274455047
19960528,1.9013134267864764
19960529,2.5185915810246104
19960530,8.326672684688674e-14
19960531,8.326672684688674e-14
19960601,0.18614950335014652
19960602,15.97731757031949
19960603,7.770412042425085
19960604,4.792846287974207
19960605,0.8768138084728561
19960606,12.411966683143097
19960607,20.979294378434098
19960608,1.0884107246573367
19960609,15.787591071123057
19960610,4.593902466243759
19960611,10.46437465965203
19960612,2.221243861276026
19960613,0.42559122425573515
19960614,0.761962076512924
19960615,1.2614658073117897
19960616,0.07739654499710963
19960617,3.930879985021657
19960618,18.392138793339388
19960619,2.2327878535021415
19960620,0.255188598486329
19960621,0.05324134034836296
19960622,1.5812137937286974
19960623,0.0029225260771186786
19960624,16.383784699456545
19960625,0.1939931614083622
19960626,0.0001341864173321195
19960627,0.08018596219419676
19960628,0.00041303323911330786
19960629,8.326672684688674e-14
19960630,0.061553441945206816
19960701,5.512682480495612e-07
19960702,0.6517225980388881
19960703,0.3419963528175754
19960704,8.326672684688674e-14
19960705,8.326672684688674e-14
19960706,8.326672684688674e-14
19960707,0.29690340532652526
19960708,0.18215963091397266
19960709,0.27358671869068685
19960710,0.004299641800507053
19960711,8.326672684688674e-14
19960712,0.061409041265334384
19960713,0.655325585189924
19960714,0.9564021158322381
19960715,22.59701017125906
19960716,0.9229044063186611
19960717,0.2648487373294866
19960718,36.217493901301374
19960719,8.70761052717598
19960720,0.0012918184769977797
19960721,3.02868923490247
19960722,2.151488439474456
19960723,0.4256448727436945
19960724,3.5943026960110114
19960725,4.142013838830326
19960726,0.6218984066587573
19960727,0.35013474013640794
19960728,1.784651339907596
19960729,11.894951162996987
19960730,20.937015801730162
19960731,0.9323767554207777
19960801,0.2280382500908672
19960802,0.45640328574634015
19960803,0.36726038799104577
19960804,0.1084206107967315
19960805,0.009611197532578285
19960806,0.014072504394304828
19960807,0.2012665626900344
19960808,11.941827869720441
19960809,0.04689365157911104
19960810,0.661063012594545
19960811,0.0145440780996051
19960812,0.17903352159301872
19960813,0.5691151134856385
19960814,0.2728618918098095
19960815,2.5183333138014414
19960816,0.2354907914416245
19960817,0.00293657625828495
19960818,0.10483918968871439
19960819,2.0357350400058225
19960820,2.399618125699014
19960821,7.838022367420279
19960822,1.0352164709588612
19960823,7.4006964853853265
19960824,0.7783334687277016
19960825,8.326672684688674e-14
19960826,0.00036402988487353326
19960827,0.29287292582562374
19960828,0.592439981607147
19960829,0.12859277854336104
19960830,0.02472745942640788
19960831,0.000785759176983113
19960901,0.008698209216177132
19960902,0.08589542794682639
19960903,0.022611820902726086
19960904,0.091301564161856
19960905,0.06468406567774267
19960906,0.0421155437083132
19960907,1.2616617560976364
19960908,0.5692411544443629
19960909,10.79045761186237
19960910,0.07252553146702462
19960911,0.9932742817897972
19960912,6.570765739485406
19960913,0.6866635001245751
19960914,1.3296486973177999
19960915,0.5735938743926863
19960916,3.7658490923331445
19960917,0.5605506417914679
19960918,0.02146235137638412
19960919,8.326672684688674e-14
19960920,0.00011010684243611465
19960921,11.892351479716252
19960922,6.974690847008188
19960923,0.002121759089003893
19960924,0.4931973891642186
19960925,8.326672684688674e-14
19960926,4.529863348147204
19960927,41.20761090378942
19960928,16.549438497464212
19960929,5.585094172282423e-06
19960930,5.615372087712406e-05
19961001,0.0865045982868099
19961002,0.7348033354259136
19961003,0.11780369867146802
19961004,8.326672684688674e-14
19961005,8.326672684688674e-14
19961006,8.326672684688674e-14
19961007,0.02171359778690492
19961008,0.2603753221147197
19961009,8.47568691110246
19961010,0.20797388968416072
19961011,0.013420488466378446
19961012,0.33610402094699504
19961013,0.002580146495461554
19961014,0.03510417029569127
19961015,0.0021271259136521124
19961016,0.0005205191071081608
19961017,0.08958649043652465
19961018,21.81641324102885
19961019,0.00579854640754799
19961020,0.006092440546488328
19961021,0.003251093835673135
19961022,1.4477324795199493
19961023,7.039888583868754
19961024,0.037948342855828356
19961025,0.0023205964810066237
19961026,1.7167388693177605
19961027,0.3141570217974114
19961028,0.7602324938375239
19961029,4.921413185361447
19961030,7.6201348923279015
19961031,8.326672684688674e-14
19961101,0.0002487734457868805
19961102,0.6446543695606624
19961103,0.004055045074352637
19961104,0.0051065593089239195
19961105,0.25639249076809023
19961106,2.0688470535641854
19961107,45.030776208708986
19961108,6.3223647777102965
19961109,6.670772070404779
19961110,0.6584097047230099
19961111,0.4240326594234249
19961112,0.20945840516655456
19961113,0.2787836350919809
19961114,0.14202386005084344
19961115,4.654245157445468e-06
19961116,0.00016361310921347283
19961117,7.574829627785594
19961118,0.2924244022508481
19961119,0.05523270011698832
19961120,0.010069181975368624
19961121,1.8680800302711333
19961122,0.009428168122090942
19961123,8.377641216793293e-06
19961124,3.5661120995162223
19961125,15.968450004245302
19961126,8.369852535777625
19961127,0.03468641686574525
19961128,1.287787325786536
19961129,8.766067781668808e-06
19961130,8.388253247207366
19961201,13.261480971009785
19961202,0.08969070998188244
19961203,2.3343910068520284
19961204,0.2401303230945101
19961205,6.629554553105138
19961206,1.6896908728445037
19961207,0.16393179156891838
19961208,1.0411799255096004
19961209,0.5382491855790118
19961210,0.000941497787826411
19961211,13.912847508166328
19961212,3.171911467308447
19961213,0.2129317350393625
19961214,0.08883549440881854
19961215,1.3441006898138865
19961216,10.089501842057327
19961217,18.410947170103704
19961218,0.5638781889434845
19961219,0.10303236608289
19961220,0.09148925099762971
19961221,0.000982999800454613
19961222,3.121803712965392
19961223,6.218569066154629
19961224,13.82623243717249
19961225,0.12295884989344266
19961226,1.1885602807137434
19961227,0.5234027264755533
19961228,1.4317725385953335
19961229,1.4684500171554014
19961230,0.061784772895068604
19961231,0.2912235459612509
19970101,0.7537689729980672
19970102,1.9727322191727883
19970103,0.7705369749069366
19970104,3.0400546021155566
19970105,7.581907395972314
19970106,0.034318492013480466
19970107,0.022223461910846606
19970108,0.0015066496279808772
19970109,10.056298605882278
19970110,2.284066264616754
19970111,1.1566416872578362
19970112,0.02411957722113581
19970113,0.06182426150133623
19970114,0.05122192858515144
19970115,7.415373482696575
19970116,7.637547419416236
19970117,0.27966583231371345
19970118,0.28770604676875794
19970119,0.03884537270403281
19970120,0.006406141308670992
19970121,1.7088063906243047
19970122,14.113409887707267
19970123,0.1263137843798225
19970124,4.059622582455539
19970125,2.174857191717612
19970126,2.367294836238639
19970127,7.087110150911472
19970128,5.006752214321998
19970129,0.00017301344164585863
19970130,0.02576907936733744
19970131,0.6645017135794804
19970201,0.06767576315421858
19970202,0.16157819520533104
19970203,0.0062669114305603235
19970204,18.738669645664114
19970205,0.2872083286206812
19970206,0.008569933134258518
19970207,0.07925694303318725
19970208,0.4791297515078947
19970209,0.004760471462307795
19970210,0.15900806265307169
19970211,0.25440792061370554
19970212,2.129000723647079
19970213,0.00018016007093548113
19970214,1.3241228021302687
19970215,0.25216750698118645
19970216,5.81631582138025
19970217,0.017110935882572603
19970218,0.0
19970219,0.9987735643039392
19970220,4.857171784233524
19970221,23.154255220547082
19970222,10.82209682748449
19970223,0.5388056004333497
19970224,0.00016608823138324693
19970225,1.9921143672234237e-05
19970226,7.116347588169612
19970227,33.785955218148125
19970228,0.0019695044157376205
19970301,7.820159498356795
19970302,13.555814539295925
19970303,0.025345574393562588
19970304,0.0406901893728958
19970305,8.569843402835518
19970306,3.581498997985013
19970307,0.002926794435005661
19970308,0.6677721259275705
19970309,9.289671493853003
19970310,2.2670942519614767
19970311,0.08083047983670069
19970312,0.0
19970313,0.5258626168519658
19970314,31.533547974419033
19970315,0.16942795126524018
19970316,2.316107942359329e-05
19970317,0.002314061898807478
19970318,4.55450978509256
19970319,0.012156535412100386
19970320,0.2894526256583692
19970321,0.2645727134267405
19970322,1.7502211991692629
19970323,2.520477607635485
19970324,0.0022025251538009367
19970325,12.570839297597766
19970326,0.6870136236275887
19970327,0.0
19970328,5.779241813260371
19970329,7.903807284897375
19970330,3.5445467470155823
19970331,0.027339035181428606
19970401,0.0
19970402,0.0
19970403,0.21746131008966274
19970404,0.23694837594715204
19970405,19.87677958077242
19970406,2.984011126144409
19970407,1.2953699538650852e-05
19970408,0.3379878941910935
19970409,0.002712277169201133
19970410,0.0066641855773941746
19970411,4.773138908079457
19970412,13.234578139060005
19970413,2.0742822128639
19970414,0.0021231775551972436
19970415,0.0
19970416,5.2125133318181955
19970417,1.2772831055673064
19970418,0.016941074896895
19970419,0.15070107721268497
19970420,0.004404966727584695
19970421,0.3573520584666135
19970422,0.5262767895224577
19970423,0.5464297456018912
19970424,1.1462098482689393
19970425,0.47242996387873065
19970426,2.2195716702689358e-06
19970427,1.2975154312666324
19970428,2.2964221429112106
19970429,0.0
19970430,0.1297713003105847
19970501,6.543794576030072
19970502,4.352883578511532
19970503,32.233863811128785
19970504,0.18965420377653652
19970505,6.070115615848803
19970506,1.2150688122560125
19970507,7.373171197899487e-06
19970508,8.185185467905221
19970509,0.5522908500477347
19970510,0.1315915110003224
19970511,0.44428545283995535
19970512,5.9554134745011
19970513,1.8768399309659307
19970514,2.975348592562816
19970515,4.162844634855206
19970516,0.05358192405652794
19970517,0.943081336915109
19970518,6.073025753045176
19970519,18.61439848090915
19970520,0.056658184995218505
19970521,5.17900056396387e-06
19970522,0.0
19970523,0.0
19970524,0.7550641577452155
19970525,28.726530648918562
19970526,0.004366081952472641
19970527,8.258203156788666e-06
19970528,4.296765452239217
19970529,10.282318589124726
19970530,1.3080615613015478
19970531,14.184926103638226
19970601,28.487389817193215
19970602,12.135245328737295
19970603,0.8063347508004465
19970604,0.0001829674011007483
19970605,0.0064095358078441736
19970606,1.616959955594598
19970607,0.9227220676273108
19970608,1.7818520142825904
19970609,0.03792890061734155
19970610,0.0009277595892171772
19970611,0.7131611958825426
19970612,6.923193803911177
19970613,2.929416727228602
19970614,0.04268403335476996
19970615,0.0
19970616,8.111110987644764
19970617,0.8024153804005197
19970618,6.403829358799135
19970619,0.5829435671834091
19970620,0.22608094703518603
19970621,11.523872356348798
19970622,2.2560304289154454
19970623,0.017255824097888985
19970624,0.1178886007980581
19970625,2.3863913900269034
19970626,4.702539408964772
19970627,0.0013738766524020918
19970628,0.06239399215150494
19970629,2.665562571392737
19970630,3.4447297098012517
19970701,2.231002691433572
19970702,1.5996135316410927
19970703,0.1579641056612745
19970704,0.3946997038156106
19970705,7.790757695075247e-08
19970706,0.9238207772195524
19970707,2.442931122387117
19970708,0.3613690734356866
19970709,14.388582752773296
19970710,0.00420041970347303
19970711,0.0
19970712,0.0
19970713,0.0
19970714,2.7569154736700234
19970715,0.6926516278571517
19970716,0.030780055189869277
19970717,0.02016069064353227
19970718,3.29358495424971
19970719,0.28273058027757475
19970720,0.0
19970721,3.546281758474533
19970722,7.5951338035393166
19970723,5.28316227975374
19970724,1.4701781541375665
19970725,0.22399573105056444
19970726,3.9007365436678905
19970727,7.655540927246537
19970728,6.292042545088441
19970729,0.1382304158688102
19970730,3.26101603566538e-05
19970731,0.0
19970801,0.01727472445373708
19970802,1.363081502454377
19970803,0.9612501239143241
19970804,3.7063183698145235
19970805,0.465546454730417
19970806,0.0036253091773290813
19970807,0.020135567244350165
19970808,0.0
19970809,0.5028735613977419
19970810,1.0033139507246567
19970811,3.9137643732466225
19970812,8.525525337701685
19970813,8.125209843350618
19970814,0.09209038365101371
19970815,11.056837568786602
19970816,33.68947998691581
19970817,15.368005736620923
19970818,1.459967004832948
19970819,0.1921239839674662
19970820,1.4206771272267575
19970821,0.9341180956485428
19970822,0.4380179993606345
19970823,0.036202645696136695
19970824,16.247786473925892
19970825,1.612980036277305
19970826,0.09684978371994765
19970827,0.19513920010169894
19970828,0.13038246239018655
19970829,0.10783749852129927
19970830,0.00974612459684362
19970831,1.99941207633326
19970901,0.01528121358491736
19970902,0.7036941685260372
19970903,1.074285062960113
19970904,0.0
19970905,0.08156184701839458
19970906,1.2776439586425656
19970907,0.25235825552722746
19970908,0.561371917314483
19970909,10.141162180303684
19970910,6.724337481090458
19970911,1.1866051793784664
19970912,0.36259038162578916
19970913,0.002822286687048827
19970914,0.14738865646693836
19970915,0.3682234620420778
19970916,0.15530591927996507
19970917,5.795854001707206
19970918,0.0
19970919,1.483772351050127
19970920,10.090776498438098
19970921,0.000761715860546114
19970922,0.06905045758031794
19970923,3.3729014400959882
19970924,0.0
19970925,0.03793760882481173
19970926,0.0019116241982670595
19970927,0.0
19970928,0.35709946752309857
19970929,2.396499518772153
19970930,0.5669291882081515
19971001,0.34332590200430657
19971002,0.0
19971003,1.2638804286485794
19971004,0.89394888650724
19971005,1.1007509985543407
19971006,0.0
19971007,0.0003772132557113328
19971008,1.1105069288770891e-07
19971009,4.865925440400163
19971010,0.09822740757952134
19971011,6.624642927606965e-05
19971012,7.790757695075247e-08
19971013,2.9819838263146843
19971014,10.971894281145332
19971015,0.0
19971016,0.20421153738208805
19971017,0.21584950045980797
19971018,0.0031605847019767494
19971019,0.0
19971020,0.053061494560963166
19971021,0.35711592415334664
19971022,0.04228524662149092
19971023,0.005394223242647265
19971024,3.0222248435247683
19971025,1.61827025695705
19971026,5.8731581148618615
19971027,8.2008815184269
19971028,0.000776871296002703
19971029,0.03039110255590858
19971030,0.0
19971031,2.2797107219785584
19971101,6.82139504537651
19971102,4.132027469454254
19971103,1.3019340320629906
19971104,0.1718726616507596
19971105,0.009353563977754447
19971106,0.25581319419855536
19971107,0.47621505184287344
19971108,0.21556611457671407
19971109,0.002592914382309231
19971110,0.5414534428544573
19971111,0.2919035937621951
19971112,0.08634281444273982
19971113,0.11432360792963148
19971114,13.746578700680214
19971115,5.2487136412015625
19971116,0.5115121852482888
19971117,0.00020092535465731176
19971118,0.0
19971119,1.2199197477672978
19971120,0.17814952549161664
19971121,4.2939964042165215
19971122,5.876877935273247
19971123,0.1495181107795359
19971124,0.08360365662568578
19971125,0.39940411392897407
19971126,1.8288623242205146
19971127,0.0011232911250766094
19971128,8.331131135900863
19971129,3.423924279553991
19971130,1.295580441012172
19971201,0.0782659251845598
19971202,0.009141244927280037
19971203,7.019431107217854
19971204,1.0479598309786988
19971205,0.7383697328078002
19971206,0.5007529446570469
19971207,0.45910121628643513
19971208,0.07464856116111793
19971209,1.9246729505902425
19971210,16.969468112459168
19971211,0.628065187685879
19971212,0.11178000112699403
19971213,0.08193764135398178
19971214,0.01994869769375473
19971215,0.03496015526939746
19971216,0.0
19971217,0.0
19971218,0.0
19971219,0.0
19971220,0.015411457902110551
19971221,0.0332472813136734
19971222,9.822161606658382
19971223,1.1074539336261187
19971224,8.809905854706809
19971225,7.782898831084462
19971226,1.3362914863973974
19971227,0.15726420082146836
19971228,0.0069692853708638244
19971229,0.052748982176636254
19971230,0.9295926711590163
19971231,0.34375668408068705
19980101,0.0010348623278935915
19980102,0.025403281905497288
19980103,0.6464163031561867
19980104,7.227255535426591
19980105,9.732864188863525
19980106,5.131753000537866
19980107,23.571302336990072
19980108,19.93694672683275
19980109,0.687983991095379
19980110,0.03216854186103628
19980111,1.4697631658828243e-05
19980112,2.119912383492681
19980113,3.1502766329799967
19980114,2.5823107155195737e-05
19980115,3.480767895305222
19980116,0.07249561007869393
19980117,0.7703036000118361
19980118,0.3997127460706377
19980119,0.31402342625231267
19980120,0.09160840956271422
19980121,0.3325213349388852
19980122,1.7869028926511932
19980123,7.137362220615271
19980124,0.6097616407187176
19980125,0.2682552588975068
19980126,0.09011868155558626
19980127,0.48804910153893744
19980128,0.08490802757769648
19980129,2.5421867108249376
19980130,0.4543972300545493
19980131,0.020402674076732196
19980201,0.0
19980202,0.0363209846900697
19980203,0.0008833384991082304
19980204,0.18518634191281683
19980205,0.09570152987464757
19980206,0.00013215412522065714
19980207,0.0
19980208,0.0
19980209,0.0
19980210,0.0
19980211,7.477662938895663
19980212,4.8109720576019335
19980213,0.007903851647399315
19980214,0.009259235491595248
19980215,8.060568152498382e-05
19980216,5.110449009431598
19980217,11.813629464486828
19980218,5.265621320259115
19980219,2.410565980347804
19980220,3.6853682501074947
19980221,0.22742728467680082
19980222,0.33157962212904263
19980223,0.010290673203455178
19980224,2.629716719221302
19980225,0.010992169245416825
19980226,0.002095864214004548
19980227,3.829541939471241
19980228,0.9263090285149433
19980301,4.334566960397751
19980302,0.5001996541720968
19980303,2.1514195475435542
19980304,1.7117250830625452
19980305,0.031462704669556724
19980306,0.2095383520275324
19980307,6.518939054560455e-06
19980308,8.033271260810526
19980309,24.477874860571813
19980310,2.2555456959353846
19980311,0.38766623877331247
19980312,0.11439547919133988
19980313,0.09978434330870543
19980314,1.1114546938752516
19980315,0.01254636700576271
19980316,0.11928002088916545
19980317,6.559144109992211
19980318,13.870831029227249
19980319,6.984141404005147
19980320,14.540994318241081
19980321,15.216801860584564
19980322,0.12090701139880838
19980323,0.4777555211511895
19980324,0.04475158718472566
19980325,0.4401572022282495
19980326,2.3190679355798145
19980327,0.0433552050409278
19980328,8.639230058373428
19980329,0.19775896763314516
19980330,0.18937993651445714
19980331,0.07270406563054699
19980401,9.915380145956044
19980402,1.083869651628474
19980403,0.0020210531587058858
19980404,0.08239955344581404
19980405,0.0
19980406,0.0
19980407,0.36655367049142273
19980408,12.572242297367843
19980409,28.710378423217108
19980410,2.6422704068995952
19980411,0.0027142655252367586
19980412,0.0
19980413,0.08197038413685218
19980414,9.104950840768405
19980415,0.03012104374414469
19980416,16.034968700820283
19980417,2.974114777532066
19980418,0.0
19980419,3.411381926441071
19980420,0.6319949552108359
19980421,0.8766749388395034
19980422,2.748788348150816
19980423,0.07741712672852416
19980424,1.0413506854716428
19980425,0.6548127235464314
19980426,21.55613871583835
19980427,0.8287885617588544
19980428,0.0
19980429,6.595148172752499
19980430,5.441982186062587
19980501,7.292372922148056
19980502,9.978741718780311
19980503,5.235122747560455
19980504,10.040285632223956
19980505,0.5911056335976103
19980506,0.24304799198421861
19980507,7.109752973234761
19980508,12.91770917827728
19980509,0.5843196470652589
19980510,0.4510467424940789
19980511,0.9418744744956316
19980512,0.07664810884163092
19980513,4.870497248742556
19980514,0.061451312692073934
19980515,0.0
19980516,5.439217813020531
19980517,0.0
19980518,0.0
19980519,0.012019696188692338
19980520,0.36027072129263954
19980521,0.008419397974617538
19980522,0.11962705467194103
19980523,2.391966945924523
19980524,9.980777599744505
19980525,0.6675563672519532
19980526,0.0
19980527,0.0005783669828615572
19980528,0.035507775541907025
19980529,1.083450069840446
19980530,1.9900928745214852
19980531,1.7912424703493977
19980601,0.03319625765968866
19980602,0.4080023868798889
19980603,2.626620435916211
19980604,0.007968562209898302
19980605,4.01885169197735
19980606,0.25739310646696417
19980607,0.641448855150186
19980608,0.013864946012473685
19980609,8.225187692202258
19980610,4.18473192667028
19980611,6.057121664778768
19980612,16.917432338680932
19980613,8.878100881034046
19980614,0.04027835786007886
19980615,6.052491254001463
19980616,6.74940294013532
19980617,1.9175556996841274
19980618,0.21589215372108136
19980619,3.0377765013295823
19980620,0.0325021976469018
19980621,5.512367665301904
19980622,0.1562789529128889
19980623,9.758334143561123
19980624,0.19832518586133238
19980625,0.13923445471472756
19980626,0.7748274758700002
19980627,2.742089125787301
19980628,8.61724194008828
19980629,21.014126611945972
19980630,2.4864003948488715
19980701,0.05982626332829867
19980702,0.0025824294977746737
19980703,0.0054007818284813516
19980704,15.58644210031936
19980705,0.06063715087233373
19980706,0.09621761525699767
19980707,7.662969680360773
19980708,5.580593868380391
19980709,0.616799279060668
19980710,0.32252102443727615
19980711,5.50177628731926e-05
19980712,0.0
19980713,0.0
19980714,0.008343637304557809
19980715,0.8098154188930357
19980716,0.547111136759423
19980717,0.06224673107121035
19980718,0.23438476378683493
19980719,2.255248906545291
19980720,8.995915193190447
19980721,8.178735460521535
19980722,13.302573772095876
19980723,8.438994818614438
19980724,0.20024987677573067
19980725,0.15401588023575274
19980726,0.03362349772793043
19980727,0.015037914641987445
19980728,0.14638424200889433
19980729,0.01890312252007324
19980730,0.012315176071440222
19980731,0.036432439380144135
19980801,1.8434965244575488e-05
19980802,0.0
19980803,0.060361265113600876
19980804,10.678755331155603
19980805,9.546801415018333
19980806,19.241099248444968
19980807,17.983136730848862
19980808,5.004402914995109
19980809,9.688841076815548
19980810,4.320170772140366
19980811,0.4242135494939665
19980812,0.0803657680561657
19980813,0.3028839216769951
19980814,0.0862691692407507
19980815,2.3031663352009026
19980816,2.14444189075555
19980817,0.41125132014759114
19980818,3.157197906667476
19980819,0.0
19980820,0.0
19980821,1.5374337594432577
19980822,0.5034374117576175
19980823,0.02909105880019059
19980824,15.300008289690718
19980825,12.764907451077164
19980826,3.155580099590862e-06
19980827,0.0
19980828,1.1104864161187502
19980829,3.392018761203243
19980830,0.46867397477500605
19980831,0.05266083610825779
19980901,0.0004242225729439091
19980902,0.07034141136119498
19980903,0.22663259315860296
19980904,0.6784893487677635
19980905,0.0
19980906,0.0
19980907,2.5340625853322787
19980908,0.22834328017513583
19980909,1.633220730717886e-07
19980910,0.0
19980911,0.0
19980912,0.0
19980913,0.0
19980914,0.013223791483714232
19980915,1.259190150167326
19980916,1.2342252975768833
19980917,0.048106700020223596
19980918,0.00013368528102328803
19980919,0.24670569576211382
19980920,0.07075850829659355
19980921,2.1503448289916625
19980922,0.07190621816746597
19980923,4.295073270636902e-05
19980924,1.861827680345247
19980925,2.839315767011709
19980926,0.07647870700902801
19980927,1.7854165689497083
19980928,0.08290537748921273
19980929,0.0020722799452188322
19980930,0.20246338745772385
19981001,0.18427730409066423
19981002,0.05300788577128428
19981003,2.1500427221989318
19981004,0.045695568548641395
19981005,2.42006761349075
19981006,1.959858788803153
19981007,36.05102291407402
19981008,0.14626077293801018
19981009,0.010185734261881081
19981010,0.0
19981011,0.00015685841410601587
19981012,0.0
19981013,0.0028344968471300707
19981014,0.021710843825122363
19981015,0.017421461887037915
19981016,0.0
19981017,0.1694442866901044
19981018,6.091992225296293
19981019,1.1697087431004068e-05
19981020,0.0
19981021,3.000333373313688
19981022,0.14862837361937248
19981023,0.0
19981024,0.0
19981025,0.0
19981026,0.0006646937967308074
19981027,0.034162269587278145
19981028,1.9563937710715715
19981029,0.018794742618548556
19981030,1.8372479031806839
19981031,0.06713662225192817
19981101,0.017305778993448644
19981102,0.21714211930747734
19981103,0.12164934174140594
19981104,0.001443957035301374
19981105,0.0011732277382249957
19981106,0.15315210512560382
19981107,0.021040883202189418
19981108,0.38010153742395864
19981109,0.028634959414169357
19981110,19.17844870262373
19981111,0.019354444878199328
19981112,0.0023167003505826676
19981113,0.039970876109108155
19981114,0.008155080359698787
19981115,0.004416759194260415
19981116,0.8403518182045654
19981117,0.10079550973452929
19981118,0.0
19981119,0.3201601683606334
19981120,0.4939855975350084
19981121,0.013970014047810436
19981122,0.0
19981123,5.4440691023929536e-08
19981124,0.0
19981125,3.5086931161228465
19981126,3.9571714584942788
19981127,0.0
19981128,0.0
19981129,0.09573374118033276
19981130,2.148131831435701
19981201,2.5554480585477846
19981202,0.0
19981203,0.1871367242217435
19981204,2.593003734368757
19981205,0.7190263695537601
19981206,3.2946156804337385
19981207,3.2561076789094674
19981208,0.07048169867788452
19981209,0.0
19981210,0.0
19981211,7.396734687794937e-05
19981212,0.0
19981213,0.0
19981214,0.00015127551806780809
19981215,0.0
19981216,0.9784886291539957
19981217,1.7399309337875786
19981218,0.11026845655073188
19981219,2.2255089382810804
19981220,0.8254038998331651
19981221,16.26798925302156
19981222,7.0772840807994335
19981223,0.0012203432963845743
19981224,0.00037774625193846275
19981225,0.0
19981226,0.0029569228098348262
19981227,0.003950903892640657
19981228,0.0
19981229,1.9341650068037755
19981230,0.39870887689215184
19981231,0.8555561157013248
19990101,0.06370699577008322
19990102,29.778121255043224
19990103,13.760892919250796
19990104,0.24098783055398854
19990105,0.02232121411100996
19990106,4.9406688330986075
19990107,0.3164320521560447
19990108,4.036056162621286
19990109,2.979171425984948
19990110,0.5193269209059386
19990111,3.959065781562422
19990112,1.7882490297415568
19990113,10.208277634923917
19990114,1.5651083210851158
19990115,0.23540961773021182
19990116,0.00867915632195985
19990117,1.252428304298106
19990118,6.999795575830727
19990119,0.9636918766243413
19990120,0.14158913926615874
19990121,1.0849509229206946
19990122,21.71957850519435
19990123,21.307353563393153
19990124,0.10686068437072477
19990125,1.4936176373379955
19990126,0.02984620318981265
19990127,0.0008515488302520717
19990128,0.040632058691943966
19990129,0.004553720691327051
19990130,0.0
19990131,1.5184390143948949e-05
19990201,4.54760440340628
19990202,3.642032871050971
19990203,0.03983653443512658
19990204,0.8916009664642148
19990205,0.0
19990206,0.5741811399056159
19990207,19.132545986761517
19990208,0.17873947931479134
19990209,0.1111016494914438
19990210,0.0
19990211,0.07997919766861569
19990212,4.129625591123859
19990213,0.341047021894557
19990214,0.0
19990215,0.0
19990216,1.8645622342489525
19990217,1.7562715446346202
19990218,0.0024238520993179304
19990219,0.011158661407391529
19990220,0.012116348376676273
19990221,0.0027610728213848384
19990222,6.37801520685926e-08
19990223,0.11151148270708759
19990224,0.18694174209704018
19990225,5.1725345504114335
19990226,0.0019390039212884183
19990227,6.650884452819233
19990228,5.239405755816284
19990301,2.023958648534062
19990302,2.6668985104425555
19990303,8.03790869877226
19990304,0.1566671733998789
19990305,0.45898195978670575
19990306,20.42193234915438
19990307,0.08177794861218059
19990308,0.00289300686081776
19990309,15.947504301904848
19990310,1.2432491831667842
19990311,1.6583554785739706e-07
19990312,0.0
19990313,0.0
19990314,1.4787716675239408e-05
19990315,0.0
19990316,0.0
19990317,4.013577109481751e-06
19990318,0.01823985883614753
19990319,0.0014749616909478728
19990320,0.0
19990321,0.22948859644997463
19990322,0.02258160687458274
19990323,0.0
19990324,0.001121519171939912
19990325,0.06352521097251035
19990326,0.0028765037778971402
19990327,0.0
19990328,0.0
19990329,0.004220520947128824
19990330,0.008002454085192628
19990331,0.0007660259369405402
19990401,5.582562636068841
19990402,0.2781350628906604
19990403,1.3123421325203446
19990404,12.57103581805454
19990405,0.13410244185943515
19990406,4.672265430765853
19990407,0.0
19990408,0.07260122818706946
19990409,35.59816066251211
19990410,0.03389428251124067
19990411,10.754628088703008
19990412,0.2206906581566792
19990413,0.0
19990414,0.0
19990415,8.282661909457282
19990416,19.252767667467438
19990417,4.177525894963004
19990418,4.102621586193816
19990419,1.2478670983566007
19990420,0.1747384106630101
19990421,5.304014279032609
19990422,6.837253205942117
19990423,18.25279144307408
19990424,0.0
19990425,0.0
19990426,0.0
19990427,0.022135285305036313
19990428,1.1076277974178517
19990429,0.04206319353307074
19990430,0.0
19990501,0.0
19990502,0.0
19990503,0.0
19990504,0.0007031271105432635
19990505,3.563821725980842
19990506,7.742315671618606
19990507,0.04998148739707332
19990508,2.3165289339668194
19990509,0.20310274417101024
19990510,0.0
19990511,1.1263753219610875e-06
19990512,0.11403780809878705
19990513,3.1187985828457787
19990514,1.1054155713592064
19990515,0.011407667238988823
19990516,0.10905305763611144
19990517,2.3223381163138908
19990518,20.64162537585972
19990519,0.002772793220920165
19990520,1.902594978440911e-06
19990521,0.0
19990522,9.28728655534095
19990523,5.419914844584597
19990524,5.497261584928055
19990525,0.20168129330797993
19990526,0.014673836735451763
19990527,0.0
19990528,0.04409712992134339
19990529,0.0024218913214094965
19990530,0.0034389840298122572
19990531,13.382936902947588
19990601,4.236842022561989
19990602,11.097317150261064
19990603,0.014682801744450849
19990604,0.0
19990605,0.009967934854752633
19990606,0.06341629207770633
19990607,0.28668812320157705
19990608,0.007521951268320025
19990609,0.43357900222026563
19990610,0.24774163800108956
19990611,2.700034661103933
19990612,5.322020985905274
19990613,10.152454882780285
19990614,5.959006740776023
19990615,5.707784935322733e-06
19990616,0.02135726810585845
19990617,0.460390185227705
19990618,0.0018850472537580967
19990619,2.9849655513199448e-05
19990620,0.0
19990621,0.009921403446917974
19990622,3.00517234940056e-07
19990623,0.012103512856362913
19990624,5.050785825231423
19990625,0.3879734378044764
19990626,0.19798371425641095
19990627,12.407045004945939
19990628,4.8971785132231656
19990629,2.990735635418223
19990630,0.06251419376639779
19990701,14.458931787193734
19990702,0.48652172654756176
19990703,0.2671236910005041
19990704,0.0
19990705,0.0007645683670922089
19990706,3.9374000815566763
19990707,0.009180050283538682
19990708,0.0007310545439142555
19990709,3.3276629080585227
19990710,0.0957071503917458
19990711,9.023269600442767e-05
19990712,0.02042955961999681
19990713,0.07870432483742969
19990714,0.012763773511264865
19990715,0.0
19990716,0.004218248551717085
19990717,1.07328848395771
19990718,2.8108838640524194
19990719,0.5606017460814056
19990720,1.2531542310196406
19990721,11.37261800151785
19990722,7.081312620088644
19990723,1.916220145295826
19990724,0.533504864003787
19990725,0.00011680333833717509
19990726,2.092932603891027
19990727,0.12392662528200096
19990728,2.946989821165566
19990729,2.489685311457329
19990730,0.4090887982029298
19990731,6.48406462762654
19990801,1.3895688730590756
19990802,0.0027890729140151254
19990803,0.0
19990804,1.3185570121895622
19990805,0.2575162660160065
19990806,0.13172061129783535
19990807,1.9577492047030711
19990808,16.559127696288467
19990809,0.00019024620254112754
19990810,2.075336097787036
19990811,0.12654703749452312
19990812,0.28450394586902567
19990813,11.273822885384162
19990814,0.6500991358650516
19990815,0.004132710512640228
19990816,0.0
19990817,1.7896632016205704e-05
19990818,0.06948145829359001
19990819,3.5058421876869383
19990820,0.23447060069636114
19990821,0.00021971299511189862
19990822,0.00852937370481599
19990823,0.33411696210941183
19990824,9.998659220720494
19990825,26.020408940243126
19990826,0.7711696782848808
19990827,0.2896336659755609
19990828,0.45836141505897443
19990829,0.0007130080591609998
19990830,0.001051939900783885
19990831,0.0
19990901,0.0
19990902,5.739585589443272e-05
19990903,0.0002529474809483328
19990904,0.0
19990905,0.08584171076559802
19990906,0.6095324125759805
19990907,1.2145652575133137
19990908,0.005770335303962891
19990909,0.09895830557846173
19990910,0.0016815007790153375
19990911,0.0
19990912,0.006413599110134812
19990913,1.541659501677673
19990914,0.002079239376492564
19990915,2.4273287347347223e-05
19990916,0.09270756820722817
19990917,0.0
19990918,0.0
19990919,0.0
19990920,1.1702312852207624
19990921,0.4675792076663649
19990922,0.0
19990923,0.0
19990924,4.176409764913857
19990925,0.0
19990926,0.0
19990927,0.06704476183271299
19990928,1.468476530145305
19990929,18.988140448056857
19990930,0.20641464827411424
19991001,2.9985341515782445e-06
19991002,1.5428776628859306
19991003,3.6347058551336113
19991004,10.407598637463126
19991005,0.0001454222186187591
19991006,6.83688481440191e-05
19991007,0.0
19991008,9.583808659383445
19991009,8.597607607956853
19991010,2.0503243671792717
19991011,0.0036435369077614773
19991012,0.0
19991013,8.49915291308908
19991014,0.002812851339550631
19991015,0.0
19991016,0.18064348556283205
19991017,4.143464142626203
19991018,3.463924731036172e-05
19991019,0.00210385871480855
19991020,0.0013607910243916795
19991021,0.0
19991022,0.2880625476049219
19991023,1.0842061497519282
19991024,0.033263346693525375
19991025,0.0
19991026,0.0
19991027,0.0
19991028,0.0
19991029,0.0
19991030,0.0
19991031,0.1602189098761813
19991101,0.0024045387993866818
19991102,14.874106033859535
19991103,1.4612612017147544
19991104,0.0
19991105,0.0
19991106,0.0
19991107,0.0
19991108,0.0
19991109,0.0
19991110,0.0871948117412406
19991111,0.7291209291620594
19991112,0.0
19991113,1.629184759073858e-05
19991114,0.0
19991115,0.00025437335162055826
19991116,0.0010445443365214918
19991117,0.0
19991118,0.0011908888077428912
19991119,3.9973700570504365
19991120,6.244707079306261
19991121,0.13741907479300672
19991122,0.056936327349228766
19991123,0.07257755224650371
19991124,2.4691650183222142
19991125,0.0
19991126,8.686051745776222
19991127,0.29585381797030613
19991128,0.00024734704567642133
19991129,0.061393614959655896
19991130,0.0066645414360218215
19991201,0.0
19991202,0.0
19991203,0.1649339122015896
19991204,1.9930485284360955
19991205,12.14964328642736
19991206,5.767198608628668
19991207,0.00021436327251994874
19991208,0.0
19991209,0.048426702625324475
19991210,11.88081772919726
19991211,0.0
19991212,1.0607968079506551
19991213,2.0244629415289803
19991214,17.506999517542063
19991215,3.497918981137015
19991216,1.9591353101476048
19991217,0.5032683105342013
19991218,0.0652704122648349
19991219,0.005737384785652784
19991220,7.907548497894188
19991221,0.016954191724233295
19991222,0.07300487474051698
19991223,0.3002782567194136
19991224,0.32338723079729853
19991225,0.011100827542247043
19991226,0.2497029233671118
19991227,0.5716821248637304
19991228,2.2076745446314816
19991229,0.09408020446781366
19991230,0.0
19991231,0.00026547331104034556
20000101,6.6865853690338155e-06
20000102,1.5049762962855824
20000103,12.256365868728857
20000104,13.209016996993654
20000105,0.3809929508098886
20000106,7.95047635152385e-08
20000107,0.09866446384459271
20000108,0.0
20000109,2.0599409721062756
20000110,4.827423651164625
20000111,0.8216562473668972
20000112,3.7017867796229144e-05
20000113,4.428368683472192
20000114,0.03136546777814591
20000115,0.159728122422004
20000116,0.0007298796852692268
20000117,0.4698811735133353
20000118,2.683423942394024
20000119,0.24169511572993196
20000120,6.5208246128655
20000121,0.427918197096212
20000122,3.653959031884946
20000123,0.8991211960345427
20000124,0.03964615561110242
20000125,0.32657930420504094
20000126,0.15534865763669248
20000127,2.844779989058186e-05
20000128,0.00029413439568816137
20000129,0.20752910599706453
20000130,4.742819166139864
20000131,0.4912048507398767
20000201,0.34348040080907993
20000202,0.054411600890103856
20000203,2.2779181312798165
20000204,2.284360779301181
20000205,0.15818646111547646
20000206,0.014692828036052721
20000207,0.052681720824394096
20000208,0.0013197784062089263
20000209,0.0
20000210,3.809169600078841
20000211,2.5120633736718005
20000212,0.0014272917109527208
20000213,3.36390901220605
20000214,8.848726369552862
20000215,0.11281631612501455
20000216,1.1694681269912928
20000217,6.86457606637953e-06
20000218,14.115610895090747
20000219,2.416712461089049
20000220,0.325392111680197
20000221,0.0022843604338567067
20000222,0.00040764732419130143
20000223,0.36513806966769585
20000224,5.8780424755579155
20000225,1.7671288324067935
20000226,3.35739894599832
20000227,9.941199990581294
20000228,0.0
20000229,0.010076628386536855
20000301,0.9040098289634471
20000302,0.0014248955840201766
20000303,0.0
20000304,0.0
20000305,0.0
20000306,0.0
20000307,0.0
20000308,0.0
20000309,0.4367697106689934
20000310,0.054571071132249
20000311,2.8797233344912403
20000312,6.105517614484769
20000313,0.20833716448935383
20000314,1.1515887486495697
20000315,3.112524087852666
20000316,7.022969051260222
20000317,0.18644648541902709
20000318,0.0025957993107623995
20000319,8.493348850014995
20000320,21.559119937489
20000321,0.8020272624413968
20000322,0.06057180819305234
20000323,0.00308894228035841
20000324,0.011721400617644782
20000325,1.40455839106994
20000326,0.0
20000327,5.766293576614419
20000328,8.35798803980676
20000329,0.019173380253177986
20000330,8.221084554457392e-05
20000331,0.0
20000401,0.0
20000402,1.0103353690976498
20000403,1.8251715022432289
20000404,1.4776902558115237
20000405,0.4519193699169871
20000406,0.14464322901869528
20000407,11.269877972637346
20000408,21.137211895347228
20000409,0.6603055005278492
20000410,0.004090177912338346
20000411,1.8664751479093251
20000412,0.13957400620003524
20000413,5.274419622772368e-05
20000414,4.325315736152365e-05
20000415,0.04728559740127615
20000416,2.05741409979533
20000417,6.939367115590818
20000418,0.48915574606514595
20000419,0.7565754291838614
20000420,31.09408003896352
20000421,4.402163012426112
20000422,0.26920705217339685
20000423,0.17625910512032966
20000424,0.01586873018262967
20000425,0.0
20000426,0.0
20000427,9.21676947344727e-06
20000428,0.0
20000429,0.0018492625841480604
20000430,0.0
20000501,14.779808403113796
20000502,2.397403649119885
20000503,0.0
20000504,1.1000891714642627
20000505,0.4997302210819941
20000506,0.09980208562122708
20000507,0.9403720055655842
20000508,1.4210947467615176
20000509,2.828224552191198
20000510,15.216886027678571
20000511,0.6491391417314549
20000512,1.5208773116911358
20000513,3.6693204417039467
20000514,0.011697399010583991
20000515,0.0010946189175651997
20000516,2.8455079900299247
20000517,1.513616893874459
20000518,16.376905276396897
20000519,25.17214283475989
20000520,0.31789391763006986
20000521,0.3580601264343751
20000522,1.3141225923531255
20000523,11.74500231380521
20000524,0.4594466480779535
20000525,0.0
20000526,0.008182721664754342
20000527,13.923778124083675
20000528,24.749886489821304
20000529,0.48350233990226377
20000530,0.01106950290233861
20000531,7.939963543286755
20000601,0.8670593804151636
20000602,0.2066927991485294
20000603,0.001966105555051156
20000604,0.759040685704626
20000605,15.237201658168646
20000606,0.4213826591701333
20000607,0.0
20000608,0.14472100884177608
20000609,0.0
20000610,0.018322181716637707
20000611,1.1142127978449754
20000612,13.61826457719298
20000613,2.248246956334874
20000614,6.550945299358657
20000615,8.729073910448806
20000616,3.189828302665902
20000617,11.014252326280292
20000618,18.524820179523726
20000619,0.00016703134309167567
20000620,2.5298350093330915
20000621,17.70179339129919
20000622,0.04537761819284493
20000623,0.004708345407716005
20000624,16.49865214207435
20000625,28.153923519913956
20000626,6.884556670316353
20000627,1.1407446311762968
20000628,0.10895142998467695
20000629,2.386014511904835
20000630,0.0024905131501827575
20000701,1.2721653750396913e-07
20000702,1.0322349915193731
20000703,33.60631838122793
20000704,1.1149728711439688
20000705,0.09211486047001649
20000706,1.8191487022634352
20000707,0.10098981757859231
20000708,0.00531657270762621
20000709,6.099607805653175
20000710,16.295006021138747
20000711,0.35109498418381196
20000712,0.0031431445925385903
20000713,0.010348385174999723
20000714,10.855346623948568
20000715,0.5217072726490921
20000716,0.6609592574926295
20000717,0.18614609513844538
20000718,0.4738103108843971
20000719,2.7943762528520755
20000720,0.09383196943020773
20000721,0.25758611781741664
20000722,0.7281030040843091
20000723,0.5991446199660928
20000724,0.2444298991765394
20000725,0.484399086366183
20000726,0.7904229393077737
20000727,0.160012821654585
20000728,10.199885547922396
20000729,3.5663113212203124
20000730,33.61548569263358
20000731,3.1020554900865918
20000801,2.590637486226593
20000802,4.698285985399766
20000803,6.272318608735018
20000804,0.005337625846959849
20000805,0.11054389977621634
20000806,17.728445319929182
20000807,9.148570780802386
20000808,10.13410740748589
20000809,6.989265853649374
20000810,0.22374018931111492
20000811,0.21379877350296073
20000812,0.00015269614909643308
20000813,0.5131302754653245
20000814,0.32212764965381296
20000815,0.3596352361440368
20000816,0.18993225641455397
20000817,6.147094079740148
20000818,4.58002783756946
20000819,0.0024178704277768976
20000820,0.0
20000821,0.0
20000822,0.017167233673151937
20000823,23.902207106978718
20000824,2.424513951181828
20000825,0.00012691670126868917
20000826,0.15843015120081674
20000827,11.105324321183486
20000828,0.015200614503365526
20000829,0.0007346364040048231
20000830,0.025249712048318298
20000831,4.658967492250942e-05
20000901,0.15938228640051758
20000902,0.7853361992373579
20000903,0.17871582153434623
20000904,8.517154867293998
20000905,0.0027614655136587417
20000906,0.0
20000907,0.0
20000908,0.555247497715999
20000909,0.8018632838248548
20000910,12.91728183597759
20000911,0.7482621573502115
20000912,12.254239676944715
20000913,5.408819320009679e-05
20000914,5.2720399434621275
20000915,0.31014496303733285
20000916,0.00017828809906269294
20000917,0.0
20000918,2.568151490273879e-06
20000919,0.0
20000920,2.665338898107061
20000921,9.112527132426404
20000922,1.1745746335220575
20000923,11.80412349066087
20000924,6.209008071880332
20000925,1.8612947048197248
20000926,0.43894532270409303
20000927,0.00033186475732659344
20000928,0.10802386715409251
20000929,0.0
20000930,0.0
20001001,0.0
20001002,0.07316449533998753
20001003,0.07093962108038579
20001004,15.202192426278552
20001005,23.796563329410247
20001006,0.9563579089218677
20001007,0.6865602497300509
20001008,0.12773112529930503
20001009,0.03221569758844272
20001010,0.0
20001011,0.0
20001012,0.0
20001013,0.0
20001014,0.7344993522358224
20001015,3.5775527191448186
20001016,0.03016715443908903
20001017,4.468808732470926
20001018,0.0031216266182743533
20001019,0.0
20001020,0.0
20001021,0.006745221781324293
20001022,0.006258077304641659
20001023,0.11497362249611195
20001024,9.784925291212671
20001025,0.9927482801502999
20001026,0.4524656095445468
20001027,2.1075227085549373
20001028,0.02700918764657875
20001029,0.0
20001030,0.0
20001031,0.0005188841585390186
20001101,0.0
20001102,8.899534867294786e-07
20001103,1.4022815406793325
20001104,9.817440175561359e-05
20001105,0.0
20001106,0.07330982463729388
20001107,6.0972116154374225
20001108,1.204364803039512
20001109,15.036214913594025
20001110,19.485078929583857
20001111,0.0025003749912880643
20001112,0.0017672098679623299
20001113,5.346318040296217
20001114,0.5636711948050855
20001115,0.28634650562359765
20001116,0.15875777170929953
20001117,0.7748544610162981
20001118,0.04646730841035641
20001119,0.10187263072096137
20001120,0.9413938670188099
20001121,0.7167917951311207
20001122,0.11113238076653868
20001123,0.0010874498612569309
20001124,1.779906973457144e-07
20001125,4.796635088825477
20001126,6.473577137004555
20001127,1.6519479475121284
20001128,0.09122898008068878
20001129,2.5977924139562876
20001130,1.1528882340932658
20001201,0.6848936158378237
20001202,0.040786844648782565
20001203,0.006177299604922503
20001204,0.004864992748887081
20001205,0.49755970172305175
20001206,0.04260885372233103
20001207,4.451973889233109
20001208,1.9586195992129647
20001209,0.035300669837447146
20001210,0.12268642094444282
20001211,18.195618499629145
20001212,8.998712572962537
20001213,5.7115937016135705
20001214,8.821326119893843
20001215,0.05356128601256084
20001216,12.308869714453865
20001217,9.506415373068076
20001218,0.10689465035018797
20001219,2.7686727383422727
20001220,0.25141160070958135
20001221,2.5823095203215876
20001222,0.10381492669086358
20001223,0.49541768575566575
20001224,0.40090453549983474
20001225,0.01301393630850773
20001226,0.2959495772394066
20001227,0.7100218750004117
20001228,0.09897916760119453
20001229,1.536097286662955
20001230,4.182117575036572
20001231,0.2180238781686319
20010101,0.09517732943672252
20010102,0.1673525148197615
20010103,0.5537398092377023
20010104,0.5699650882872735
20010105,1.9458704507054703
20010106,0.03918533855910071
20010107,0.10230736235567507
20010108,0.39237167548220153
20010109,0.017690811477878907
20010110,0.0
20010111,0.0
20010112,7.158700755430365e-06
20010113,0.1076932054669818
20010114,0.6506060443076066
20010115,1.6503254734626809
20010116,0.5100186833111346
20010117,0.1790964108081111
20010118,0.01481072875327896
20010119,0.33192201959697953
20010120,0.0661097312819277
20010121,0.0016142994685829969
20010122,0.00034787493715540875
20010123,6.333237600635131e-06
20010124,0.20106027237795182
20010125,0.4619901277198656
20010126,1.7514369664588196
20010127,2.1161313646387954
20010128,0.010312958755745165
20010129,2.6301518518965894
20010130,14.011580155339809
20010131,1.2030622613977753
20010201,0.3513533822463045
20010202,0.5433118254820792
20010203,0.031521633689536234
20010204,1.4101407611566414
20010205,1.3513888711949518
20010206,3.2803791600671834
20010207,0.0061304033568036894
20010208,1.6017578038458415
20010209,20.211235841959137
20010210,3.9520643177913346
20010211,0.0
20010212,2.9541559029411975e-06
20010213,0.005382802205705267
20010214,9.236901024994172
20010215,2.367097408388713
20010216,0.588923151422359
20010217,0.007521447576588141
20010218,0.0
20010219,0.0002287679593507895
20010220,0.1414050847370586
20010221,0.0
20010222,1.9595353590664797
20010223,0.052856392538089866
20010224,4.876976234948272
20010225,13.69423510221982
20010226,0.0009846855498380114
20010227,0.15669417080407055
20010228,0.010349865411280364
20010301,0.0
20010302,0.2673050589052174
20010303,0.0024791152812079077
20010304,0.05428105107464107
20010305,0.17011568401787194
20010306,0.45263288689989506
20010307,0.05394396310125447
20010308,0.671667358553003
20010309,0.2860433022057667
20010310,0.00017301537757107908
20010311,2.1641385512979476
20010312,4.695852616565533
20010313,7.333609883535431
20010314,0.18985905734174768
20010315,0.2339634665003345
20010316,10.836956753983168
20010317,4.046070586242518
20010318,5.6739027511558705e-05
20010319,0.0
20010320,0.0
20010321,6.794558576774144e-05
20010322,0.0
20010323,0.08447323431569194
20010324,0.15019353356525808
20010325,0.5061792908194972
20010326,0.21271461892267118
20010327,0.04578081880133501
20010328,0.013718883515794172
20010329,2.0583499518981156
20010330,0.0052477065575894195
20010331,0.1408314788963321
20010401,5.118504981752816
20010402,0.0017178247913111255
20010403,1.020287919554836
20010404,1.1445065016869002e-05
20010405,0.0
20010406,11.783911703067092
20010407,7.128206416052645
20010408,0.348982689132617
20010409,2.0190239579057123
20010410,10.635211010977347
20010411,9.360287281126165
20010412,3.1723383944207915
20010413,0.0
20010414,0.6695053015586644
20010415,8.037442810755106
20010416,0.19563459458396165
20010417,1.2248675238339914
20010418,3.5606594390278335e-06
20010419,0.0
20010420,18.30558059826509
20010421,5.823377248325817
20010422,1.0482591087820672
20010423,0.47271244944644664
20010424,2.473633029658058
20010425,6.736046137736844e-05
20010426,0.0
20010427,0.07184865707508849
20010428,0.0
20010429,0.0
20010430,0.0
20010501,0.6595839056366193
20010502,0.03439956198963825
20010503,0.00013177905898482646
20010504,0.020126272010197496
20010505,0.1427402119689318
20010506,0.003409099935951014
20010507,10.236805409806509
20010508,14.038838981137717
20010509,0.2650376354046633
20010510,0.0023323542206263245
20010511,3.8472724464410373
20010512,5.679876544658087
20010513,0.000516067406689724
20010514,1.3606092938902106
20010515,11.434374100906822
20010516,13.882479734906955
20010517,2.252342528172657
20010518,12.52621788882013
20010519,0.022843613356901885
20010520,0.0
20010521,13.691757498806163
20010522,0.6093762218227194
20010523,0.9146782045179056
20010524,14.752587232505016
20010525,4.200676722443159
20010526,6.497463907727081
20010527,8.364500339416136
20010528,0.3253612737414582
20010529,2.332396971796865
20010530,0.11199902707819154
20010531,0.0006095918465073707
20010601,6.933451732270937
20010602,7.531927760554349
20010603,0.8323051924538214
20010604,1.7586071299282389
20010605,3.1162077193427717
20010606,10.775149254359226
20010607,0.031314223763046704
20010608,0.002141828870666208
20010609,0.00032085273975731405
20010610,0.14350342501997695
20010611,1.8948952097188452
20010612,4.258426563845044
20010613,0.5286753587087559
20010614,0.4469164531464669
20010615,10.818807402765904
20010616,0.18705370491290318
20010617,0.002088839804540059
20010618,0.0979546895479043
20010619,1.037664514242823
20010620,0.9296676724379356
20010621,14.2523824998473
20010622,2.454033030199148
20010623,0.9723610812433934
20010624,0.5854007221414438
20010625,0.0003231347062872482
20010626,0.13091131974309708
20010627,0.9043630096822637
20010628,0.1520071347085262
20010629,0.38107709864897077
20010630,0.5474465681413533
20010701,8.921949959833588
20010702,0.0
20010703,0.6508504799636858
20010704,7.346431769187871
20010705,0.1976136911930754
20010706,0.0
20010707,13.617182981042513
20010708,12.809866008179316
20010709,0.061923881260546404
20010710,0.7472413757042091
20010711,0.0035757477366502484
20010712,1.0193136201447795e-07
20010713,0.0003488239339140507
20010714,1.0193136201447795e-07
20010715,0.0
20010716,0.004546020014777786
20010717,5.485454014687462
20010718,13.952480675430888
20010719,0.5066428732725362
20010720,0.4108248251974176
20010721,3.8201343046296294
20010722,3.806204214069028
20010723,0.358721995920143
20010724,0.5391082228707654
20010725,8.996260975931227
20010726,1.189772043303288
20010727,0.0
20010728,0.13932626489692365
20010729,2.853844453005234
20010730,0.5398187148878799
20010731,0.08261362576625467
20010801,0.0041345951940677805
20010802,2.3212443864790573
20010803,8.029739598607
20010804,0.04412937208213106
20010805,0.0
20010806,0.0
20010807,0.08835132156401812
20010808,0.15351211986393223
20010809,5.583184235872576
20010810,1.6538887987612145
20010811,0.041027672403228146
20010812,6.036221384400701
20010813,0.4403895224070101
20010814,0.015881455555736057
20010815,0.0
20010816,8.669368856188408
20010817,0.06204732989972578
20010818,2.1108969298492366
20010819,19.485995978716353
20010820,0.5184642965482272
20010821,5.7307981692525426e-05
20010822,5.547556264159013
20010823,8.414910997999936
20010824,0.1198183426527057
20010825,0.8994137918052505
20010826,12.36333285788324
20010827,0.056543373294109335
20010828,1.44096024708547
20010829,0.0006597463129310784
20010830,0.31938051463786427
20010831,11.141672824907918
20010901,0.06263230744395792
20010902,4.292047153880835e-05
20010903,0.0
20010904,0.10158522693502996
20010905,0.0
20010906,0.0
20010907,0.5048322695056542
20010908,2.7695272096141856
20010909,13.83970212171993
20010910,17.346282345822967
20010911,0.0
20010912,0.0
20010913,2.0944014292473234
20010914,0.9852850488395661
20010915,3.800831669897387e-06
20010916,8.267469529645067e-06
20010917,0.04301979550564859
20010918,2.5410366964381352
20010919,19.128624921550657
20010920,0.14166908247415638
20010921,8.230600913472072
20010922,0.2132548133915302
20010923,1.6507504735975027
20010924,5.0566028949272885
20010925,1.5101323220943705
20010926,1.1144447396992678
20010927,0.7305051672938074
20010928,0.2102613387875316
20010929,0.07960156210834253
20010930,0.0
20011001,0.02125842383079635
20011002,0.0030743887617577207
20011003,0.0
20011004,4.003610714963707
20011005,25.914964433805938
20011006,6.786285389685103
20011007,0.05752939548696941
20011008,0.0006990046966629509
20011009,0.0
20011010,2.3568180463748463
20011011,11.266761435900364
20011012,23.972709222462615
20011013,0.9820155467923275
20011014,26.063020718797052
20011015,0.345100361131391
20011016,26.654036393509422
20011017,0.22979764541298975
20011018,0.0
20011019,0.5793885646200689
20011020,0.015092282499021054
20011021,2.0771203964869445
20011022,9.87303551428802
20011023,5.503104535997052
20011024,6.884879194376092
20011025,11.142762524134795
20011026,1.1864116104004794
20011027,0.22594953937811513
20011028,0.0
20011029,0.0
20011030,0.006346996403826967
20011031,0.7691405510259454
20011101,0.016919194985135947
20011102,11.14132495992992
20011103,0.0
20011104,0.0
20011105,0.0
20011106,0.0
20011107,0.0004162433645599006
20011108,1.1730362110686696
20011109,0.006759211443163971
20011110,0.00041152328086475985
20011111,0.0015260521142031276
20011112,0.0
20011113,0.0
20011114,0.5056451328668585
20011115,0.2065447338327655
20011116,0.19004686196523793
20011117,5.0474946948470604e-05
20011118,0.0008781259804160938
20011119,3.307395393616211
20011120,0.08921584896569867
20011121,0.0
20011122,0.0
20011123,0.0
20011124,5.636395472113158
20011125,10.069448317748565
20011126,0.0007403541416080276
20011127,6.424422939695806
20011128,6.424741866058078
20011129,10.647396575559094
20011130,13.250125704055394
20011201,0.09740131611027687
20011202,4.286364261438638e-06
20011203,0.0
20011204,0.9266222888293815
20011205,0.12429412512626627
20011206,0.7334834115432721
20011207,0.04092699754821709
20011208,0.10164914100255043
20011209,0.40270908728691934
20011210,0.00035536665844383307
20011211,0.0
20011212,2.1292658720615965
20011213,6.783276089942024
20011214,16.869465916411517
20011215,0.06906951059315514
20011216,5.990824575161371
20011217,24.04082595970489
20011218,0.3931401000243576
20011219,1.2968414078929345
20011220,0.0718591163957251
20011221,0.0
20011222,0.0006618391865811331
20011223,2.5496900825785573
20011224,0.1517844241637393
20011225,0.11603412793717681
20011226,0.039228212197745825
20011227,0.46858107040784447
20011228,1.033911093309864
20011229,0.35847504356900267
20011230,0.03467422490178554
20011231,0.043917791295558235
20020101,0.0888859593440538
20020102,0.005285140814167652
20020103,0.00550975109126357
20020104,6.637058624937915e-05
20020105,0.14957246942534466
20020106,4.385494851620621
20020107,1.0334120178234227
20020108,0.010467909157106397
20020109,0.0029339074498861964
20020110,0.001473308135176348
20020111,0.12611347644535922
20020112,1.0039429495889909
20020113,0.3814510609189736
20020114,1.899066714771036
20020115,1.4894426732891877
20020116,0.35221988947075333
20020117,0.7886035719158736
20020118,0.06747571154810926
20020119,0.5297178456825405
20020120,0.001987879299753824
20020121,0.5340074829816581
20020122,0.0
20020123,1.4885767174795506
20020124,5.366721694216292
20020125,0.00021753153401796518
20020126,0.0
20020127,0.0
20020128,0.0
20020129,1.2037937629575197
20020130,16.357402483152924
20020131,20.906233170275566
20020201,17.569118936979088
20020202,0.03259739582746706
20020203,0.009550166625073776
20020204,0.27865533941192283
20020205,0.00017793155146320598
20020206,7.520832837355597e-05
20020207,0.009091967728723262
20020208,0.0
20020209,0.0
20020210,4.913879374925597
20020211,1.8477920904395355
20020212,0.16420312590623676
20020213,0.10588862821464987
20020214,0.0
20020215,0.04701635342935551
20020216,0.8747274758469986
20020217,0.13173791125414205
20020218,0.0
20020219,4.47088721877482
20020220,15.302712771540778
20020221,1.3109013221048047
20020222,0.3239851350250923
20020223,0.0
20020224,0.0
20020225,0.003373550636722758
20020226,11.578301021543364
20020227,2.06356769312863
20020228,0.06980174477995972
20020301,0.01271494660022273
20020302,5.855670608906937
20020303,11.341098036673257
20020304,0.17959072015769617
20020305,0.4480241948198994
20020306,0.00574412097520841
20020307,1.455898576017674
20020308,1.0759283278832152
20020309,13.381985962189408
20020310,0.07444403245410017
20020311,0.0001431528483327309
20020312,0.05150260145793869
20020313,0.10683339720060155
20020314,8.96400792923162e-05
20020315,2.1038626572015806
20020316,3.4223796418842762
20020317,0.6517652376701931
20020318,0.09300060166693348
20020319,0.10678923014362218
20020320,3.4105154110003792
20020321,0.6890718776616395
20020322,0.16769679365377216
20020323,0.0016896453233060957
20020324,2.9749359340630708
20020325,14.54833913525061
20020326,9.064204903896467
20020327,0.30324437199983395
20020328,0.0612581606191005
20020329,9.347760982251152
20020330,2.032235111578125
20020331,0.03223279944853821
20020401,1.981132694756661
20020402,12.338024059622356
20020403,2.562847056450837
20020404,0.26057904946753885
20020405,0.6214379257511214
20020406,0.2230516523852688
20020407,0.22098814494455446
20020408,18.87369226316999
20020409,10.552417137656102
20020410,0.0
20020411,0.0
20020412,7.539830972596501
20020413,10.933831880048313
20020414,8.073958485728765
20020415,0.11511274438646787
20020416,0.0019594809723796824
20020417,0.42788605698899607
20020418,0.2370108350961957
20020419,0.8965779764546692
20020420,8.24241149305755
20020421,11.08257386753173
20020422,2.782030744717003
20020423,0.0003384546450729007
20020424,0.0
20020425,4.469780041333973
20020426,0.0
20020427,5.467212527491639
20020428,17.860606988031247
20020429,0.16882454259445107
20020430,0.13897065610859133
20020501,0.41767392789020374
20020502,13.5672985924464
20020503,0.006595694782560988
20020504,0.0
20020505,0.0013838272715250319
20020506,8.877531672214364
20020507,1.0191589102484417
20020508,19.858865556359465
20020509,8.947535756748445
20020510,0.0
20020511,5.180137384703296
20020512,20.554402594575045
20020513,15.184137635459873
20020514,0.6887026015929201
20020515,0.03350843525645031
20020516,5.108822716061744
20020517,6.434031057141265
20020518,2.36247071195642
20020519,0.7921865006441928
20020520,1.175207741730651
20020521,0.05035952231143761
20020522,0.0
20020523,0.0
20020524,2.8886110641811946
20020525,5.133621329953439
20020526,0.5386563635316085
20020527,0.005063165107723009
20020528,3.144571482775739
20020529,10.897920801128913
20020530,2.7774536131391807
20020531,1.0776086994993672
20020601,0.0009316412239175592
20020602,0.00046736690008066905
20020603,2.22437319793948
20020604,3.0462328729351262
20020605,8.26967097081283
20020606,5.208876067839265
20020607,0.011765578261413582
20020608,0.00015035555730365336
20020609,0.009496384974315295
20020610,0.04298041367412712
20020611,5.95739674265974
20020612,6.372418598427207
20020613,0.4822085279105931
20020614,2.4678831584153738
20020615,1.502752864266536
20020616,0.8703977534229056
20020617,0.3747948055087458
20020618,0.19906890651238146
20020619,0.0006475023508585319
20020620,0.0
20020621,0.3027041992264812
20020622,0.06411934254022848
20020623,2.0103797406299242e-05
20020624,7.988971373098445e-05
20020625,0.7689367122874994
20020626,2.393568533043246
20020627,8.641529235043464
20020628,0.2962877017975867
20020629,0.0
20020630,0.13414232049440747
20020701,0.026445863363857975
20020702,0.023717171498857454
20020703,0.10220137865758477
20020704,2.339319729170631
20020705,0.0031162374355465402
20020706,0.0002492701572044664
20020707,0.0
20020708,0.0
20020709,14.494845396277016
20020710,4.384293621246332
20020711,0.06755281149826858
20020712,0.0
20020713,0.0003765551607444153
20020714,0.0
20020715,2.048972415782541e-05
20020716,0.0212887780045674
20020717,0.06241966442946263
20020718,1.429820219772452
20020719,4.57217096298576
20020720,0.930064955126921
20020721,0.22164731554502515
20020722,3.7965093233601515
20020723,16.998586711014315
20020724,0.05670358286712205
20020725,5.973921411469287e-06
20020726,1.4683742949631826
20020727,2.2847839138509274
20020728,1.9073766016490297
20020729,8.466443974970717
20020730,5.737465336741169
20020731,0.0610770090960561
20020801,0.008100770242961268
20020802,2.755707579468643
20020803,0.18192845322519563
20020804,0.06578094601950182
20020805,7.310037078233715
20020806,0.04526665292783955
20020807,5.536355677245095e-05
20020808,0.0
20020809,0.0
20020810,0.0
20020811,0.03248307607540247
20020812,2.870000585853373
20020813,0.2977118635174602
20020814,7.811722219406314
20020815,3.9889982536120856
20020816,1.6342768298238295
20020817,1.362585913077588
20020818,0.09941019592841147
20020819,16.96605288823087
20020820,0.013021568294294386
20020821,1.5994302275076175e-05
20020822,0.4790080300176688
20020823,21.259308271888294
20020824,3.635862238837204
20020825,0.10309535672933293
20020826,0.12026138154748953
20020827,0.5284488771310407
20020828,0.29000003647036976
20020829,0.010044884162168477
20020830,0.07544204054438367
20020831,1.1787194798256946e-06
20020901,0.166089322693661
20020902,0.605703567588711
20020903,0.425010971603726
20020904,0.003261931549377443
20020905,0.0
20020906,0.0
20020907,0.0
20020908,0.0
20020909,0.00028463145584826455
20020910,0.20675081692740613
20020911,0.11377235624424438
20020912,0.0
20020913,0.0
20020914,1.4529891179301273
20020915,1.073060969841246
20020916,0.11773230875732535
20020917,0.0
20020918,0.21815086763972602
20020919,2.518535947895816
20020920,21.19709126607339
20020921,8.51038089286619
20020922,0.2411996636479073
20020923,0.0005404756874710492
20020924,0.0
20020925,0.0
20020926,0.0014649863947806341
20020927,35.360198405856444
20020928,0.04284928198565299
20020929,0.10812543040871564
20020930,0.0
20021001,0.03636521670417546
20021002,0.5507644748683425
20021003,1.5608985623600973
20021004,10.299745318870194
20021005,0.025005530164538842
20021006,0.0
20021007,0.18689664910375242
20021008,0.0
20021009,0.0
20021010,1.7509601972449506e-05
20021011,0.0010881099214568623
20021012,0.24390060270682973
20021013,0.8460443376465696
20021014,0.0
20021015,0.0
20021016,0.0928828390222345
20021017,0.30023150462495285
20021018,0.759214459520429
20021019,9.354659877034713
20021020,4.864554203850361e-05
20021021,0.0
20021022,0.0002616021297461951
20021023,0.019697169497143185
20021024,0.3914102673168614
20021025,12.06290256283559
20021026,1.1413910544714267
20021027,0.22115873458174903
20021028,0.023018523990018854
20021029,5.617295839002119
20021030,0.0794578166982234
20021031,0.024078020614342756
20021101,0.1111625414067088
20021102,0.0013385930338033745
20021103,0.07555665328270014
20021104,0.789603634292877
20021105,7.4580632349942215
20021106,1.3648281503039708
20021107,0.030227563550881895
20021108,0.0
20021109,0.17876771832923757
20021110,17.431289235354818
20021111,5.243548581803113
20021112,0.03871396536100099
20021113,0.004258371561343867
20021114,0.09132132484038805
20021115,5.264667279422213
20021116,1.812901268975887
20021117,0.10319231352951726
20021118,0.004934529411116379
20021119,2.2562565167915833
20021120,0.0
20021121,4.812592880099035
20021122,16.41769203505843
20021123,0.016583374700880456
20021124,0.01169096559841532
20021125,1.257760977856739
20021126,1.6387351850258565
20021127,0.3881751746698976
20021128,0.024471404771071445
20021129,0.006716137051654446
20021130,1.7861629393065084
20021201,0.3171725600377351
20021202,3.334330025003119
20021203,0.2908804183027267
20021204,3.7312764503329446e-06
20021205,0.06059322481748479
20021206,0.05688176315038317
20021207,0.0
20021208,0.009506149496626388
20021209,0.0002615926027963403
20021210,0.0
20021211,0.6120715182358669
20021212,0.005258281885141822
20021213,1.0454598744401373
20021214,4.428347812263103
20021215,0.0028383932105080223
20021216,0.11126306783941174
20021217,0.19059092926380106
20021218,3.0072551198625015
20021219,12.019536405480345
20021220,7.225902040934577
20021221,0.39062295648549605
20021222,0.2448654392421635
20021223,0.025477569272023506
20021224,0.23930815880453585
20021225,14.219359719090194
20021226,0.07699106282278675
20021227,0.001938328796839313
20021228,0.13028331413909247
20021229,0.043307880054907086
20021230,1.8745096904873042
20021231,6.251817154815312
20030101,1.584932361826002
20030102,5.691475467286133
20030103,1.3440663320279067
20030104,0.06307305184372194
20030105,2.4012214163628927
20030106,3.178504272663485
20030107,0.11459494223209084
20030108,0.00019269628465418107
20030109,0.32303476336817183
20030110,0.7809288224801489
20030111,0.06079926389769743
20030112,0.03777980932818827
20030113,0.013252043571038617
20030114,0.9089500303918431
20030115,0.13692981590983472
20030116,0.3227005302792896
20030117,0.058753373510224964
20030118,0.33360988865900376
20030119,0.26298979454977
20030120,1.1857115836012246
20030121,0.1261538227124169
20030122,0.0981144435577381
20030123,0.18094280530169665
20030124,0.0315573146709872
20030125,0.04114538457689647
20030126,3.395092684416985
20030127,0.0075091168220695345
20030128,1.7679728676383824
20030129,6.142816019569208
20030130,0.0010308187576563968
20030131,1.4851950403487413
20030201,2.267141059159486
20030202,0.31672618313851153
20030203,3.0151957008921793
20030204,5.4718635643271964
20030205,0.06352680159360906
20030206,0.6234310002495901
20030207,0.27962887602946823
20030208,0.025813078600370964
20030209,0.23631911029187566
20030210,3.331158484141939
20030211,0.21722776753050219
20030212,1.3828583476252392
20030213,0.00833564836027273
20030214,0.056926943627378476
20030215,2.4716360968972193
20030216,0.6754274299932975
20030217,6.491615667284228
20030218,0.5417962611261119
20030219,0.11022152648632637
20030220,0.0
20030221,0.026205169282495385
20030222,16.824844363613018
20030223,15.045192375585321
20030224,1.4493539268564306
20030225,0.18457125077810962
20030226,0.08365883017850868
20030227,0.0004993044548443447
20030228,0.009111444065748117
20030301,1.2612508637558033
20030302,1.438775667773061
20030303,0.06643097888397337
20030304,0.9417711800090346
20030305,5.501570830661966
20030306,2.456248345938174
20030307,0.1459615012759044
20030308,2.262855520427756
20030309,2.9050787445477253
20030310,1.9912318799502176e-05
20030311,0.0024778300158219404
20030312,0.7745565023187339
20030313,11.79749216172809
20030314,0.0
20030315,0.0
20030316,0.005069932573546117
20030317,0.0852002773680626
20030318,0.12331472336248316
20030319,4.994603726702531
20030320,4.480828658436877
20030321,9.140335232781608
20030322,0.10190225734256912
20030323,0.11487936848106911
20030324,0.0
20030325,2.9220578728193587
20030326,2.2941949333831606
20030327,0.22822805999591922
20030328,4.2113629768662015
20030329,12.894984662281331
20030330,0.08684488236191393
20030331,0.4695949032037615
20030401,2.066647947138114
20030402,2.8695675150017923e-05
20030403,0.296195191173416
20030404,17.09371299014093
20030405,12.537461702637952
20030406,0.0
20030407,12.883205235578302
20030408,0.29622506572012003
20030409,0.022353625341561722
20030410,5.4402748795025915e-05
20030411,0.0
20030412,0.0
20030413,0.0
20030414,0.0
20030415,0.0
20030416,0.16668705379051468
20030417,1.50355256347392
20030418,3.649838487301927
20030419,0.4733186920645268
20030420,3.3906037831053526
20030421,2.2826209231103354
20030422,0.4956522245588477
20030423,5.3301800407609146e-05
20030424,0.0
20030425,1.3287591852075145
20030426,0.9741549837579931
20030427,0.0
20030428,0.002017537196533528
20030429,2.1687264127008836
20030430,4.27477635012692
20030501,23.205859204573454
20030502,6.893438930850391
20030503,1.434588294965979
20030504,0.00799982817416199
20030505,32.71349884152661
20030506,0.05237145409559135
20030507,9.082036725990665
20030508,0.9266296924738151
20030509,21.9377215923526
20030510,10.419682973749271
20030511,5.498151285139105
20030512,3.2874297567367234
20030513,0.011366471905256116
20030514,1.0845821008421193
20030515,10.540840165150822
20030516,0.23518871712505568
20030517,0.04419003676816197
20030518,0.229303041370659
20030519,0.027988245060944
20030520,6.055367059210063
20030521,0.0004705049060326019
20030522,0.0
20030523,1.0996745185217944
20030524,0.5393797558682858
20030525,0.29667082698665076
20030526,0.4593077939461385
20030527,0.7334833374176624
20030528,0.8754979208157162
20030529,0.577512905333066
20030530,0.18988146399701472
20030531,22.151164480098515
20030601,0.001362593042115633
20030602,0.0
20030603,7.15425605788234
20030604,1.6820696389621752
20030605,0.037179844499431895
20030606,0.6280703277302273
20030607,2.1257978948744727
20030608,9.605992067458725
20030609,0.3819099341716955
20030610,1.220312339927866
20030611,4.05755790527734
20030612,23.200316152058168
20030613,3.6891600779098943
20030614,4.241228459758775
20030615,0.01901336895071143
20030616,0.9633721464843233
20030617,9.698517442448779
20030618,0.06505793560355563
20030619,3.6600579132778535
20030620,0.00431094533444132
20030621,6.451066016271505e-08
20030622,0.0
20030623,0.0
20030624,0.0
20030625,0.0
20030626,8.152548198497609
20030627,0.6289983991195934
20030628,1.3117560895070177
20030629,5.467728519441599
20030630,3.1489667031239645
20030701,1.8759830821368912
20030702,1.6417641497705981
20030703,0.06431944692807345
20030704,0.4478522885756506
20030705,13.079994172326208
20030706,6.757869328883327
20030707,4.448564303233742
20030708,9.23473908628261
20030709,23.01413334831885
20030710,6.633410288560201
20030711,1.2998054731117474
20030712,0.40457330926333135
20030713,0.028731483557125174
20030714,0.00015399516012947845
20030715,3.05751470256545
20030716,0.08819724895008435
20030717,0.0
20030718,2.255871252484118
20030719,0.00598957249289218
20030720,0.10579533013469357
20030721,28.817494252253766
20030722,2.6933072105866076
20030723,1.5704496562713637
20030724,0.15968599251862006
20030725,4.170028801493643e-05
20030726,0.022875970583440056
20030727,10.519096363684467
20030728,4.204192363356626
20030729,0.07628853870443386
20030730,0.0
20030731,0.5492250705034326
20030801,0.6522733577115445
20030802,11.474772654928373
20030803,7.376633934401519
20030804,6.907581267089787
20030805,2.2003987119242274
20030806,0.21289184877150605
20030807,1.0005342783849145
20030808,1.647049615283283
20030809,1.3041583772732814
20030810,0.48642190497982274
20030811,2.051700167410938
20030812,3.922589041602678
20030813,0.5762214846691929
20030814,0.2257462609771622
20030815,1.1669722867916457
20030816,1.3732339705070848
20030817,3.0343636225796766
20030818,2.1650644069730245e-05
20030819,4.30432454987818e-06
20030820,0.0
20030821,0.015628564903015136
20030822,7.352564887423435
20030823,4.1377734714121635e-05
20030824,0.0
20030825,0.1215417690262596
20030826,0.42824065235425013
20030827,6.688045107449196
20030828,0.01287087261150512
20030829,10.594305854755076
20030830,4.61786093660328
20030831,0.8463028577987858
20030901,46.99900061739739
20030902,6.957771616777823
20030903,0.6812337449801984
20030904,0.21843278684270767
20030905,3.32775989056745e-05
20030906,2.0535408490671423e-05
20030907,0.0
20030908,0.21061894202179537
20030909,0.23046947413447047
20030910,0.17544963998512123
20030911,0.0
20030912,0.0
20030913,0.0003270735021433373
20030914,1.5675881906831448
20030915,2.872984011425444
20030916,0.00010049974554845233
20030917,0.0
20030918,0.0
20030919,1.7970265941922303
20030920,0.0
20030921,0.0
20030922,42.24163616530623
20030923,0.19254647288215504
20030924,0.9847252048254675
20030925,6.702007989872372
20030926,0.27383636251684235
20030927,20.659750434211166
20030928,2.3000665447906474
20030929,0.8496825272584037
20030930,0.013763102183953118
20031001,0.18236421684371365
20031002,0.02502660976567169
20031003,2.0355107606028993
20031004,6.722769646692923
20031005,0.00015230124299845933
20031006,0.0
20031007,0.0
20031008,0.0038806916142144756
20031009,0.15417728740161563
20031010,0.9378791026323083
20031011,0.0011272748854520875
20031012,0.2791104084176906
20031013,0.0
20031014,27.370311047916488
20031015,3.0111610306078385
20031016,2.1820089462066967
20031017,0.005361466526244632
20031018,0.0
20031019,0.0
20031020,0.0
20031021,0.12458209625535568
20031022,0.14356027268458774
20031023,0.1034069906397266
20031024,0.0006195639234065223
20031025,5.432468643714606
20031026,6.881236358586236
20031027,0.4861880754007877
20031028,2.090793072541754
20031029,1.2054148723225129
20031030,0.03837590793205099
20031031,0.6619730485732672
20031101,1.5585035263410962
20031102,2.1588657111205465
20031103,0.8422441014791615
20031104,0.0993000891162951
20031105,2.737994046435302
20031106,0.09556842548849638
20031107,0.0
20031108,0.0
20031109,0.0
20031110,2.116825054682477e-05
20031111,4.899920004628592
20031112,4.042641970922383
20031113,0.4568527013903632
20031114,0.0
20031115,2.0613739154474255
20031116,1.5000489511927524
20031117,0.3654384723564806
20031118,17.263380933440665
20031119,9.777882219043498
20031120,0.0
20031121,0.0
20031122,0.03717544993280408
20031123,0.2055853397717172
20031124,14.722412475688323
20031125,0.0002949585732204412
20031126,0.0
20031127,10.341159413376015
20031128,7.650865222689062
20031129,1.4508907680473744
20031130,9.621932066694597e-07
20031201,0.03563840808674544
20031202,7.3499234166472365e-06
20031203,0.00046426353488338284
20031204,0.2923721639520852
20031205,15.507870409029602
20031206,1.1259930188065665
20031207,0.05690569414179807
20031208,0.07379326981870409
20031209,0.7371383856832552
20031210,15.28676689462046
20031211,0.5298562533410653
20031212,0.0464736059559067
20031213,0.029497824712382853
20031214,4.809181837786974
20031215,0.05151899154136219
20031216,3.5475313201600027
20031217,0.501024292014901
20031218,0.20581178579016832
20031219,1.6387715577306987
20031220,0.19710003143370453
20031221,9.43996605464546e-05
20031222,0.016440747927155618
20031223,23.894752435928307
20031224,1.9180051665990372
20031225,0.6057727380980256
20031226,0.005837708124407601
20031227,0.0
20031228,0.005156835617774942
20031229,12.776784327810526
20031230,4.275882923729107
20031231,0.0003882200464664615
20040101,0.0
20040102,1.9054182493088294
20040103,5.053695849237886
20040104,16.335732952984365
20040105,5.676918607044438
20040106,0.4472977876294107
20040107,0.03917573584621343
20040108,0.02663653935625106
20040109,0.0469984832766936
20040110,0.007335545634519294
20040111,0.6972524212953433
20040112,0.49307323633788386
20040113,0.16944871405443823
20040114,1.5016657764515848
20040115,0.33154701266695014
20040116,0.29558023722662735
20040117,4.868511043472456
20040118,0.7744058669357462
20040119,0.3262367096259027
20040120,0.0850924800368358
20040121,0.015209125873196668
20040122,0.42927459663550854
20040123,3.1093808246250085
20040124,1.964373383663342
20040125,0.6225236298202372
20040126,10.011633042084293
20040127,7.574086425710382
20040128,1.3292574507151627
20040129,1.3502060384855579
20040130,0.5355492629524184
20040131,0.03607312587809136
20040201,0.0005276007751472635
20040202,0.6928258263155433
20040203,6.316937754634477
20040204,0.11892596513593356
20040205,2.8844896861867557
20040206,4.478849368407294
20040207,1.05778881228445
20040208,0.14773071812881344
20040209,0.09082120331581987
20040210,0.44629647259861954
20040211,0.09448493207326211
20040212,0.041567431714789285
20040213,0.12096853857758136
20040214,0.00023400822709121125
20040215,0.05621265138413961
20040216,0.0
20040217,0.0
20040218,0.0
20040219,8.186061461230302e-05
20040220,4.587540710131762
20040221,2.145884468723542
20040222,0.0061288749668309125
20040223,1.0335038313343596
20040224,0.4337239687901114
20040225,0.0009478760386686563
20040226,1.5822957427518907e-05
20040227,0.0
20040228,0.0
20040229,1.833658210158987e-07
20040301,7.894655069589938
20040302,1.2835632032864386
20040303,0.07285113884285517
20040304,8.685608232945187
20040305,14.598104349175726
20040306,0.08011529742895945
20040307,1.7971499492934828
20040308,0.6997022925752273
20040309,1.0192197875793898
20040310,0.00011068302344445903
20040311,0.5942436007545858
20040312,0.02860514702868779
20040313,6.772872452761447e-05
20040314,2.8532906368018534
20040315,0.00024037045882170513
20040316,6.657070864825073
20040317,0.8544970172383815
20040318,2.1584516057164507
20040319,0.6309476745020572
20040320,6.275612402123812
20040321,0.14951143183146723
20040322,0.007836587316180164
20040323,0.0
20040324,4.926824195302862
20040325,4.314274369707349
20040326,19.177932671333863
20040327,2.7275211331538642
20040328,0.28385230324721583
20040329,5.889351831381716
20040330,2.8694683308806894
20040331,1.6886240012432452
20040401,0.42057929255003423
20040402,2.9050522010952764
20040403,0.02513917969388219
20040404,0.5862901090744737
20040405,5.592808779206003e-05
20040406,0.41128401033723877
20040407,0.1778694933948558
20040408,1.3273926266228009
20040409,0.042605021345872456
20040410,0.006313499314622949
20040411,1.3075193746917986
20040412,1.6207312679568768
20040413,5.806016280955435
20040414,0.42938907871221116
20040415,0.0
20040416,0.016534948247807928
20040417,3.762448398344467
20040418,0.14082569389890498
20040419,0.7413196611642767
20040420,1.8680440555607356
20040421,4.164161738563276
20040422,2.7688111331096374
20040423,5.019385065518091
20040424,0.00029327118609321793
20040425,8.727875974247565
20040426,0.6822572723643292
20040427,0.4893038057917046
20040428,0.014805722677996043
20040429,1.2370998125082305e-07
20040430,3.2927676233683663
20040501,6.202049466257357
20040502,16.22637225625376
20040503,0.00037401291262750895
20040504,3.271888063393285e-05
20040505,0.49460765905102755
20040506,0.019654331123114016
20040507,6.006909620856672
20040508,0.17318691258462854
20040509,0.8110472503903633
20040510,1.8341470293151967
20040511,5.64100440833215
20040512,0.316350865146208
20040513,5.7265286020306165
20040514,7.90484499817284
20040515,6.601153296560371
20040516,0.21221438159227898
20040517,6.2374654394556535
20040518,9.932757825365059
20040519,5.534655356873881
20040520,0.9211310321184876
20040521,19.81091560022076
20040522,0.5310335440827781
20040523,1.1596040849982592
20040524,7.991502783157382
20040525,4.866332729542958
20040526,4.193910107910345
20040527,1.3214264538336806
20040528,1.6401700789050107
20040529,0.2499890800022443
20040530,6.367102323495931
20040531,8.157506997871613
20040601,0.480236793135745
20040602,3.082879387412997
20040603,0.9720546294047991
20040604,0.02785974864209883
20040605,0.003228295152608368
20040606,0.16818189057437866
20040607,0.002048974435854112
20040608,0.0034200429257728103
20040609,3.8221553452923347
20040610,9.652711828532853
20040611,53.22460344337524
20040612,2.682499675638758
20040613,7.8734144362425145
20040614,10.762024867228115
20040615,2.707107920074707
20040616,7.609434622900001
20040617,17.797538259789707
20040618,0.5114991510209632
20040619,0.7056402539665358
20040620,0.0
20040621,0.17365179297812378
20040622,1.9772252096060805
20040623,0.00340801146482609
20040624,0.5631453120413736
20040625,6.096291459716764
20040626,0.021610469046527563
20040627,0.05054523322827216
20040628,3.75280695200304
20040629,0.023412491662978818
20040630,0.010541325482518992
20040701,3.2029943018276885e-06
20040702,0.030899590047772804
20040703,0.953777343668714
20040704,8.374145302439711
20040705,0.21584236580651947
20040706,2.094839485349487
20040707,2.0387868764176673
20040708,0.2591671434442475
20040709,0.0685269952387035
20040710,2.6482618813597396
20040711,3.3061627433453955
20040712,8.054652522085233
20040713,0.13902286801030944
20040714,9.937242804131179
20040715,0.012375576350996866
20040716,3.918305505404744
20040717,12.660309882855087
20040718,3.5029583532251993
20040719,0.3117684652137243
20040720,0.29542093547971093
20040721,0.3766713066606693
20040722,14.070834402689004
20040723,2.7500680911810838
20040724,0.0
20040725,0.11821406680293166
20040726,0.8218760729304689
20040727,8.081420366141293
20040728,0.052238006415933576
20040729,0.011451221888900855
20040730,2.8344888630036875
20040731,19.505631380078416
20040801,0.00016034241837935856
20040802,0.4018490219929455
20040803,0.9251291885820545
20040804,10.739026043554407
20040805,0.3309577975386263
20040806,0.03258060404698387
20040807,0.03513453808017684
20040808,0.198357980544038
20040809,0.07176152385433093
20040810,0.539824165037027
20040811,0.5748021291045682
20040812,0.18090554763217495
20040813,0.7072859364820755
20040814,0.8186878436587393
20040815,1.3402220032314758
20040816,0.2182236190791665
20040817,0.1277999301979594
20040818,7.669803057250987
20040819,10.76983926644249
20040820,30.264286433170078
20040821,0.7678520522847776
20040822,8.919805942918993e-05
20040823,0.017893002872353257
20040824,0.37087911539482993
20040825,0.7391942586849788
20040826,13.427292937952883
20040827,2.740211159281241
20040828,21.202406133046416
20040829,16.883593510457885
20040830,0.7449982666257511
20040831,0.007911722609900506
20040901,0.004320999358770191
20040902,0.02183587090896742
20040903,7.129634700981377
20040904,1.825350052333305
20040905,0.3124143435055783
20040906,0.04131045484255602
20040907,4.6580383903498745
20040908,0.5969567743387146
20040909,0.14311650407998203
20040910,0.00038533818336518815
20040911,0.0
20040912,0.0
20040913,0.6337382224260382
20040914,0.22737531353551724
20040915,0.034409393681568694
20040916,0.7760003210407981
20040917,2.2155273719553734
20040918,0.0
20040919,0.0
20040920,0.0
20040921,0.0
20040922,0.0
20040923,6.7707065807201e-05
20040924,0.015523307374898316
20040925,0.006144765916558989
20040926,0.08011270182451809
20040927,0.012975671157232445
20040928,5.113988312891856
20040929,13.025544316122076
20040930,0.0
20041001,0.0
20041002,2.5720833879181257
20041003,0.0
20041004,0.0
20041005,4.018560400618856e-06
20041006,0.0
20041007,0.0
20041008,0.15912059732268302
20041009,3.1612831571923206
20041010,0.0
20041011,0.00017230687695660293
20041012,0.00010632474674240262
20041013,1.354061079807507
20041014,0.10208734092003197
20041015,19.73615157590048
20041016,1.2700775502778048
20041017,0.025312563324296277
20041018,12.202627243648815
20041019,2.6898347009744334
20041020,0.08489179203854992
20041021,0.08983792373571249
20041022,0.04836610787041169
20041023,12.879397375369516
20041024,2.7511734928451825
20041025,0.003779476666117739
20041026,3.4592989732478994e-05
20041027,1.004693768228669
20041028,0.000878483237157581
20041029,0.7874726965361473
20041030,5.4757675603033364
20041031,0.03270272592135838
20041101,1.3985086828100237
20041102,15.811648619605592
20041103,0.030086883129934964
20041104,14.873638255394127
20041105,0.15157414026015956
20041106,0.0
20041107,0.0
20041108,4.647419011053826e-06
20041109,0.0
20041110,0.0
20041111,1.8082246866316944
20041112,1.1696958759504235
20041113,0.0
20041114,0.0
20041115,0.028511959156488742
20041116,2.5546154820693023
20041117,3.3507984161752047
20041118,1.1930805792977373
20041119,6.665904224704173
20041120,2.3103685028436676
20041121,0.11184284961981111
20041122,0.43278909319890824
20041123,0.3757696410841967
20041124,20.88280778113836
20041125,7.14192505497053
20041126,0.36378622581772
20041127,4.585372612661501
20041128,7.5077490724009985
20041129,2.462785327635305
20041130,3.107432609335241
20041201,15.001063597373868
20041202,0.00025838174021309624
20041203,0.01380163264715756
20041204,0.0
20041205,3.250511145382573e-05
20041206,5.751152609086301
20041207,14.296638742875825
20041208,1.0867824975435902
20041209,1.4812227746634175
20041210,2.7542788820373283
20041211,3.004057249065394
20041212,0.7654129437837551
20041213,1.33999730854225
20041214,0.5897265271626451
20041215,0.07304438337282508
20041216,0.017577327397688365
20041217,0.1396278135703709
20041218,0.9510880398433812
20041219,1.4686769670886202
20041220,0.07878406926682716
20041221,0.01663701113864544
20041222,2.8880161139072165
20041223,22.625399903485192
20041224,0.007199388391194367
20041225,0.10403810396306219
20041226,1.009105806050237
20041227,0.006309143515006286
20041228,0.003999477882829505
20041229,0.25951772460528416
20041230,0.260699728984796
20041231,4.40939836635974
20050101,0.36249505168814194
20050102,3.789783118969361
20050103,23.34383458170053
20050104,4.135532159279571
20050105,25.123478110630153
20050106,16.69843471365905
20050107,0.04965555490475257
20050108,6.509927838686681
20050109,0.06131571809752112
20050110,0.16764814776119646
20050111,8.947490140482648
20050112,13.043740944723943
20050113,20.967175089300422
20050114,3.0696373682203455
20050115,0.003972029784444835
20050116,1.550866314520536
20050117,0.3345693421689663
20050118,0.008826473487602592
20050119,3.595581331551089
20050120,1.5298781818940892
20050121,0.7145440445957661
20050122,10.259071640828243
20050123,0.3147167924624024
20050124,0.02244306911790915
20050125,0.0007321243150409062
20050126,0.376502733462606
20050127,0.08781655419078858
20050128,0.0001364909422525743
20050129,2.2582091501533568
20050130,1.8913564106476066
20050131,0.0034057392193209087
20050201,0.02425744656113348
20050202,0.03945138046704325
20050203,0.054194613006443626
20050204,0.0003144465549525837
20050205,0.004914254898594043
20050206,0.003785805949474108
20050207,6.415393576726063
20050208,7.757580510757356
20050209,4.507966518137308
20050210,1.6813655763447513
20050211,0.05952918762101763
20050212,0.0028365277188503804
20050213,2.544463994346655
20050214,14.52289585620687
20050215,0.9371335230222086
20050216,12.81723118596948
20050217,0.29922912095764737
20050218,0.02738839030209663
20050219,0.0008473155207189785
20050220,9.81674174747228
20050221,5.6929918114861255
20050222,0.6283155735812708
20050223,0.021951454373245027
20050224,0.20378167856619828
20050225,0.9929971529263848
20050226,0.7281936272279627
20050227,0.0
20050228,2.710563575952734
20050301,8.622589372645612
20050302,0.4381678617694414
20050303,0.014786303109089495
20050304,0.017521219480403312
20050305,1.6713624226726018
20050306,7.587260931577135e-08
20050307,2.8039932481593817
20050308,0.060585822738118494
20050309,0.006551089917182236
20050310,1.3160782781816929
20050311,3.0976232423674217
20050312,2.9503915534401286
20050313,0.01031740164933395
20050314,0.045253991931321264
20050315,0.15250164782099876
20050316,0.00015892804128326692
20050317,0.2760555822584598
20050318,0.14827137846336155
20050319,4.693206328553736
20050320,1.0741336032810422
20050321,0.022976195137138212
20050322,0.0012264837561038685
20050323,5.684126841449665
20050324,0.029083614051768802
20050325,7.185540547575395
20050326,2.2811839766285407
20050327,0.3237823552892674
20050328,1.110992650654659
20050329,4.192297687450311e-05
20050330,0.006220579106862117
20050331,0.7333920065922576
20050401,0.06640246065239426
20050402,13.862652186908594
20050403,0.007992815061909776
20050404,0.0
20050405,0.0
20050406,0.03558206201241846
20050407,6.778135529084888
20050408,0.006752298186840505
20050409,0.0
20050410,0.0
20050411,0.0
20050412,0.1563175486023355
20050413,0.0773618799265962
20050414,0.0
20050415,0.0
20050416,0.0
20050417,0.5574689626108192
20050418,0.31426323968627173
20050419,0.0005659900190541204
20050420,4.386679115205089
20050421,5.546820536240157
20050422,11.223931371636223
20050423,14.670126986288361
20050424,10.24133516718955
20050425,0.3050071827199537
20050426,9.869789456603565
20050427,1.1996968065417284
20050428,1.2268121710448434
20050429,0.27640682517384785
20050430,1.2664053818147094
20050501,0.7894859729389402
20050502,0.8754117009677082
20050503,1.2574555122748723
20050504,2.5615612039780406e-05
20050505,4.774534994192769e-06
20050506,0.0
20050507,0.6251528353850422
20050508,0.09753290152036143
20050509,0.0010812552470078952
20050510,0.07924274654503878
20050511,2.748210843807083
20050512,3.6213119160156753
20050513,2.4912739922762297
20050514,19.297683350282604
20050515,0.7849069347934353
20050516,0.002984515558459342
20050517,0.011599421066391004
20050518,0.00437639182012877
20050519,19.085576949194934
20050520,0.9194514118178366
20050521,0.0
20050522,4.777723619442316
20050523,3.965757984341282
20050524,0.634177580429059
20050525,0.08615508753948321
20050526,0.0649940632702109
20050527,0.789355131026657
20050528,1.2854129289378506
20050529,0.10988466134361825
20050530,1.6744656974957013
20050531,0.003465408965135346
20050601,0.007056655948204668
20050602,0.1325760846933571
20050603,1.1399076797956964
20050604,0.5597546115139322
20050605,1.130258068041372
20050606,5.926142933354805
20050607,2.929726653495567e-05
20050608,0.40842633284799207
20050609,1.2038968367638323
20050610,7.189797465373402
20050611,0.28247140616847866
20050612,3.97715707568636
20050613,4.807199249639117
20050614,2.995419465792145
20050615,1.0640077365325684
20050616,1.258141439830061
20050617,0.07161449850419703
20050618,0.3224201401247389
20050619,0.11474843721830326
20050620,1.938071558614365e-05
20050621,0.0910383037692583
20050622,0.010659851166250884
20050623,0.0
20050624,0.08086047388956648
20050625,0.20129544362497817
20050626,0.06285428047554235
20050627,0.07938161247512049
20050628,8.690738966834939
20050629,2.1143513890177705
20050630,4.19473011364761
20050701,4.132280871410805
20050702,0.0056743409807470495
20050703,0.00010341531057560366
20050704,0.11939759708875344
20050705,2.355875928549517
20050706,0.6138640422957929
20050707,0.5242662569261779
20050708,0.6178143222055885
20050709,0.2867491630613766
20050710,0.0
20050711,0.0399860891813
20050712,9.620307961944603
20050713,8.541860271688137
20050714,2.221583163761288
20050715,3.612421456969792
20050716,18.303196357688897
20050717,3.5592940610388495
20050718,3.0149577617726835
20050719,0.4880827492664189
20050720,0.0018218525295062326
20050721,10.829623046419986
20050722,6.653551089021514
20050723,0.0005657518241047678
20050724,0.2791851140488987
20050725,0.48325504912716893
20050726,6.92563133646952
20050727,15.109003624680863
20050728,0.2988273127661087
20050729,0.002563065546910285
20050730,0.08603012133947735
20050731,0.0
20050801,0.00024103600076402277
20050802,0.013649938506281703
20050803,0.0
20050804,0.7172213751287402
20050805,6.913765566834045
20050806,0.33651575938255907
20050807,0.061004282405285236
20050808,0.6483036443984335
20050809,0.0508609477177267
20050810,4.846278191572167
20050811,0.42541166173535766
20050812,0.39271310425758293
20050813,11.069106315831057
20050814,8.140367790400456
20050815,1.0477899276193343
20050816,0.6177723662954924
20050817,0.14274896624894987
20050818,1.218089967722744
20050819,1.8903458769486932
20050820,11.573176212942533
20050821,0.07387491120779609
20050822,0.0559852350006332
20050823,0.2016640029820651
20050824,0.0768095774022598
20050825,0.0
20050826,0.06158693249010662
20050827,1.7330945318121314
20050828,7.953054076730471e-05
20050829,0.3651302124847998
20050830,17.466926481329246
20050831,22.3987097735925
20050901,0.001280437433728008
20050902,8.706430646567022e-05
20050903,0.004965502884651886
20050904,0.0038503237244416942
20050905,0.0
20050906,0.0
20050907,7.203760228047133e-05
20050908,0.6047709514388638
20050909,0.14305212095780004
20050910,0.0035242196807053977
20050911,0.0
20050912,0.0
20050913,0.0
20050914,3.12764198825198
20050915,0.9762834532825007
20050916,21.298378697138755
20050917,0.641334534191472
20050918,0.029312484979469356
20050919,0.06993540372208104
20050920,8.824974033114364
20050921,0.0
20050922,0.14284644540718197
20050923,8.34149319581755
20050924,11.270757597654812
20050925,4.556484098717189
20050926,30.42445556867529
20050927,0.0027361038716449274
20050928,0.004939417827289596
20050929,13.485727619076817
20050930,0.0
20051001,0.0
20051002,0.15927087474529494
20051003,0.004370230597488543
20051004,0.008484646019601267
20051005,1.5102440120058906e-06
20051006,0.06802161706195012
20051007,0.8034555053229315
20051008,0.3397360967307265
20051009,0.012302623724324736
20051010,0.34884792135815895
20051011,0.7570348072859459
20051012,0.2966655567650588
20051013,0.3604367758472703
20051014,0.36933020656287213
20051015,1.1316596213987438e-06
20051016,0.000701600821567623
20051017,0.6352294764830968
20051018,0.009539946380828725
20051019,0.006931987249585339
20051020,2.492146565611618
20051021,2.084707909722165
20051022,1.3629189076129977
20051023,1.7632933619293965
20051024,11.529365067000596
20051025,2.1116349146974804
20051026,0.0301915444743188
20051027,0.017652842078417982
20051028,0.242635355804106
20051029,0.0
20051030,0.0
20051031,2.0317372597188044
20051101,8.075117068592009
20051102,0.00038053680862579957
20051103,0.0
20051104,0.03435840537740472
20051105,1.52146997918571
20051106,6.145824914183334
20051107,0.0007316042872576146
20051108,2.3339832062115726
20051109,5.955528733948452
20051110,0.022264746617673917
20051111,0.0
20051112,0.0
20051113,1.9636009583901601
20051114,0.0
20051115,26.9641620778748
20051116,10.140641763014976
20051117,0.09884939063049156
20051118,0.01640197610101143
20051119,0.0
20051120,0.0
20051121,0.013325303702435226
20051122,0.1016236098638715
20051123,5.616787837364665
20051124,2.5600020267179575
20051125,0.045437339638577566
20051126,0.8536907549455109
20051127,6.01115521730413
20051128,7.218142804278459
20051129,13.051686571801287
20051130,0.5569470198022772
20051201,1.7935538169811984
20051202,0.39693221855084526
20051203,0.1916001911986931
20051204,5.314224593307867
20051205,0.05591884581783231
20051206,0.08374417303318588
20051207,0.04542482447007061
20051208,1.649857803387266
20051209,10.845757423506278
20051210,0.01296599903710177
20051211,1.3848728630454228
20051212,0.12946509738317016
20051213,0.046646643685799544
20051214,1.7668728401516292
20051215,13.949831389332289
20051216,0.3907617654343787
20051217,0.007948043333951705
20051218,0.23789639816878452
20051219,0.05483681926789637
20051220,0.034723281082706746
20051221,0.06348408271417313
20051222,0.17111083532321802
20051223,0.3471211649918026
20051224,1.1790752176235144
20051225,11.664236942453224
20051226,3.471028973263575
20051227,0.18445542295792308
20051228,6.7860655885764665
20051229,9.406657443676057
20051230,0.3210580473992687
20051231,6.840420011566095
20060101,0.019707361037152486
20060102,7.593567287806887
20060103,4.38372000543262
20060104,0.8994003053723493
20060105,1.3006940732052659
20060106,0.28863066051485387
20060107,0.1519686788729272
20060108,0.025619376911007095
20060109,0.02270764152079637
20060110,0.8068700029287188
20060111,6.6448859291421405
20060112,0.00036780222521412575
20060113,7.128979637260158
20060114,3.334181871332968
20060115,0.002094547314305283
20060116,0.12394558750122403
20060117,11.761808321226116
20060118,9.290942847676998
20060119,7.198176097911404e-07
20060120,1.9458795562046158
20060121,10.878009892408269
20060122,0.0
20060123,0.12529112276368076
20060124,0.6717947784802799
20060125,1.011501264176246
20060126,0.03468281743271256
20060127,0.0
20060128,0.10085692535178274
20060129,16.333198781716085
20060130,0.5833574092277481
20060131,0.20558471709613654
20060201,0.0011933533212292286
20060202,3.357815062458476
20060203,10.765236053812416
20060204,11.07741858620243
20060205,3.949067304832693
20060206,0.06750762243192478
20060207,0.05548211566944361
20060208,0.170965969848995
20060209,0.011634671079881606
20060210,0.3082789490336163
20060211,1.500201455551631
20060212,0.9254590921155682
20060213,0.10964104261404317
20060214,0.00019448534771068868
20060215,1.4465685730678818e-05
20060216,8.528442888970039
20060217,17.06251794976397
20060218,0.19573328365893755
20060219,0.00022021603208754363
20060220,0.005489415748247309
20060221,0.00030850976052002136
20060222,6.755870109691841e-06
20060223,0.6956016788791498
20060224,0.0015720434659828829
20060225,0.18475472246959793
20060226,4.8181591874679325e-06
20060227,1.0632093054319043
20060228,0.04879636124769936
20060301,0.0020433326972484488
20060302,2.3469522809500605
20060303,0.05661230977240832
20060304,0.0
20060305,0.19717753527627385
20060306,3.317154992127098
20060307,0.0013439384479175798
20060308,0.27294312291353917
20060309,26.17121085132636
20060310,17.780735374573354
20060311,0.8666763510467411
20060312,9.07575553230206
20060313,14.6024513080983
20060314,0.1668748346290855
20060315,0.018752972777114445
20060316,0.8486823129180416
20060317,1.894002026894796
20060318,0.0
20060319,0.0
20060320,5.728882316412617e-08
20060321,0.6700339040719046
20060322,0.01092297253067008
20060323,0.47301778554524054
20060324,1.234720812624641
20060325,1.7177585605415526
20060326,0.6822079177443744
20060327,0.03373551041004898
20060328,5.259121238317742
20060329,0.007655710845959156
20060330,0.0005508957864562002
20060331,5.739198180825877
20060401,6.687651064748763
20060402,3.567834462521275
20060403,11.725945241228144
20060404,0.0012204642712056557
20060405,0.0034290176378052703
20060406,3.6824700758036856e-05
20060407,12.561477572673084
20060408,0.26501530233585363
20060409,0.0
20060410,0.0
20060411,0.0
20060412,4.4918699153544495
20060413,0.030486934476484453
20060414,7.45660230530028
20060415,7.624197695794753
20060416,2.5690978247678835
20060417,13.535524286173176
20060418,0.0
20060419,0.0
20060420,0.007259458246285788
20060421,1.0842035606990326
20060422,0.21003644987345177
20060423,1.9530322042882924
20060424,0.4419280472470134
20060425,5.249084453426203
20060426,0.0
20060427,0.1173196033677682
20060428,6.773755350231103e-06
20060429,0.007826560616205212
20060430,2.7821949922930123
20060501,8.748588775426406
20060502,11.046221245518018
20060503,0.028272814750901754
20060504,0.3752076278302831
20060505,0.017567797848557287
20060506,0.030950354558026433
20060507,0.00022165119860679703
20060508,0.0
20060509,0.0
20060510,5.660812258678764
20060511,29.35860614055431
20060512,9.221976278570338
20060513,9.357847921427204
20060514,5.185054665467482
20060515,13.41843892312778
20060516,2.962482164428698
20060517,2.7044497789056736
20060518,6.477411490128763
20060519,3.986660892762689
20060520,0.001297167488759621
20060521,1.3056826232155214
20060522,0.0
20060523,0.0
20060524,0.0009211144737275809
20060525,11.57962409849446
20060526,3.3965378709178253
20060527,0.01823195352410306
20060528,0.10874302458782889
20060529,0.5864774671985444
20060530,2.919654836137889
20060531,2.3363451019188983
20060601,0.8160378925130334
20060602,11.667236777649451
20060603,1.2041640457973288
20060604,0.8216635496757416
20060605,6.755914003608676e-06
20060606,0.0
20060607,7.211661715729647
20060608,3.1592377557895817
20060609,0.003955217528285407
20060610,3.01872906806918
20060611,0.05768070770472699
20060612,0.015028005822358277
20060613,0.07180670850539575
20060614,0.35434664645784864
20060615,0.0
20060616,4.8181591874679325e-06
20060617,0.0
20060618,7.677567369036699
20060619,10.781368542238114
20060620,0.4514089357470976
20060621,7.7957890535477965
20060622,11.003833130240295
20060623,3.1300128838425185
20060624,0.1553937985293686
20060625,0.014108906002303198
20060626,0.594691733706777
20060627,1.8926910962135457
20060628,3.858842296051132
20060629,0.4188029661191406
20060630,0.0
20060701,0.0346202480259033
20060702,1.934870784498659
20060703,2.8756408446152557
20060704,10.046213717447829
20060705,0.0666573350417419
20060706,0.00325909158487497
20060707,0.0
20060708,0.0
20060709,0.30335023922052745
20060710,3.4322343386001384
20060711,22.0329894558587
20060712,22.044831816776494
20060713,2.492215824013603
20060714,12.304635379800091
20060715,2.422837962469416
20060716,0.0
20060717,0.0
20060718,5.344395444161857
20060719,0.09917274823018692
20060720,0.6382133872619805
20060721,2.8437092170327327
20060722,7.044559279645754
20060723,0.13701067357914057
20060724,0.008019542441246067
20060725,0.42699306952493343
20060726,2.6530135779586144
20060727,23.744568112869448
20060728,20.34896898620996
20060729,0.4084718044512052
20060730,0.6944770547606084
20060731,0.3485772469563148
20060801,0.0483704789018063
20060802,6.609563149740683e-05
20060803,9.697189056458422
20060804,0.0682536436571896
20060805,0.19478966758707156
20060806,0.00020768628258793296
20060807,1.2237678696179743
20060808,0.03634786969642106
20060809,0.012474785049471639
20060810,0.9022775063463785
20060811,0.17003311580230918
20060812,0.0
20060813,0.001070639509701323
20060814,4.7933551921913695
20060815,0.016071155902915607
20060816,0.002149795088742697
20060817,0.0
20060818,0.8520213197763348
20060819,15.06338543206854
20060820,0.016951569907296352
20060821,0.0
20060822,0.03138400209350708
20060823,0.0030024446253949667
20060824,1.333089409556542
20060825,0.0019621344821040437
20060826,0.1777615621961209
20060827,25.81920278678068
20060828,19.72599113359008
20060829,8.229380274519734
20060830,1.856867046804877
20060831,3.540108610311471
20060901,7.501760572586538
20060902,0.3982563060888118
20060903,0.0208274399486738
20060904,0.0004924533520824572
20060905,3.652646358513401
20060906,2.2095501306008174
20060907,0.07342895665748103
20060908,0.157969953398629
20060909,0.3807652510774264
20060910,0.16207845790588138
20060911,3.750432729789311
20060912,10.560692989323064
20060913,8.83268488551638
20060914,1.5531725570681119
20060915,0.00844897781144114
20060916,0.002069662851113009
20060917,3.053437278560199e-05
20060918,12.0376132170917
20060919,0.30087643852186674
20060920,0.3490158819273416
20060921,0.0
20060922,2.779914167719094
20060923,17.143732390016883
20060924,7.966118306410508
20060925,0.0013406757286547422
20060926,0.10723572776100644
20060927,4.441600222652832
20060928,3.6177797713563127
20060929,0.2739357070867253
20060930,8.687408589725692
20061001,0.4619442970179793
20061002,1.0343321558280878
20061003,7.68263458187739
20061004,4.689617660014187
20061005,0.8371903672084141
20061006,0.0
20061007,0.0
20061008,0.0
20061009,0.0
20061010,0.17657117230290872
20061011,6.848378377723134
20061012,1.2439135657609912
20061013,0.0021058904287171694
20061014,0.04664196716830674
20061015,1.343510434277898e-05
20061016,0.485506290107199
20061017,42.078099382650365
20061018,0.4675019807008673
20061019,4.679772278633215
20061020,2.354510453791967
20061021,0.06699337607961463
20061022,3.286501201779934
20061023,0.8097202011804625
20061024,0.29139738567361984
20061025,0.002135631267496255
20061026,3.0160701291731833
20061027,13.422791079889343
20061028,9.952683113017143
20061029,0.027716633729526496
20061030,0.0
20061031,1.6329911365464034
20061101,0.018848173296846446
20061102,0.23694952536279415
20061103,0.012313908246600735
20061104,0.10048176920949908
20061105,0.08646015183220655
20061106,2.1950225792104382e-05
20061107,10.07571410636342
20061108,0.13971940549844347
20061109,0.0016155551414674314
20061110,0.08776339351259374
20061111,7.895346395932889
20061112,0.004428317923303528
20061113,0.010360804826362133
20061114,0.06354040663029922
20061115,4.482527502958639
20061116,24.555614668225708
20061117,3.3774089038072757
20061118,0.0002907230725197978
20061119,0.7901989509721319
20061120,0.06935387145594113
20061121,0.0
20061122,0.0
20061123,0.0
20061124,0.001013369929584815
20061125,0.0
20061126,0.0008604926318632078
20061127,0.0
20061128,0.22548711155295711
20061129,1.5162832993309212
20061130,29.636800049869088
20061201,34.43940241060075
20061202,0.09153869908354458
20061203,0.002082609601686435
20061204,0.11009930712982237
20061205,0.09846409351794798
20061206,0.040837221185939146
20061207,0.9608092803111602
20061208,0.049351132610083885
20061209,0.00034676315209683246
20061210,0.0
20061211,0.6291819506441684
20061212,12.396664706664236
20061213,5.187371346360832
20061214,0.0020851470848201764
20061215,0.009264231759068053
20061216,0.010508541845907644
20061217,3.1578178301901825
20061218,4.194578581461431
20061219,0.0
20061220,0.0
20061221,7.9626523915097644
20061222,11.372925898005583
20061223,0.07681654285613913
20061224,0.071983542608109
20061225,5.5497019460629335
20061226,7.519137429685289
20061227,0.03777737515613827
20061228,1.8477906010342792e-05
20061229,0.024791378673946332
20061230,0.0002832083346922369
20061231,10.059065299338037
20070101,8.08732152980866
20070102,0.04458802940831752
20070103,0.0
20070104,1.6447226228001541
20070105,24.186626480247018
20070106,7.65856117487227
20070107,2.9055746332440124
20070108,2.2131286238179704
20070109,0.16222845676995282
20070110,0.08512751435274626
20070111,0.0
20070112,3.7015438495045
20070113,14.416804229080217
20070114,3.516762812801983
20070115,22.517859690478396
20070116,0.3054586934114033
20070117,5.783114621266294e-06
20070118,0.31486121735995093
20070119,0.672442360927066
20070120,0.08373944605805143
20070121,4.670196232593681
20070122,0.9292477349085837
20070123,0.11263196675965056
20070124,0.3039298872403389
20070125,0.5488735802832416
20070126,0.06369209655545417
20070127,0.49226451769329205
20070128,2.5227349606336147
20070129,0.3753573532666055
20070130,1.5725763670536799
20070131,0.051138205024117506
20070201,0.2120615451732908
20070202,0.24540362907669755
20070203,0.15271107292610916
20070204,0.07400842032305294
20070205,0.07398764335495951
20070206,2.0193906835834596
20070207,0.7199622793823195
20070208,0.009934800690454965
20070209,0.0176135668767444
20070210,0.035948463468308024
20070211,0.02641524458208719
20070212,1.0235037740129282
20070213,15.138536622850788
20070214,9.839660128541247
20070215,0.004210597542797252
20070216,0.0023640840052899857
20070217,2.4800351131742784
20070218,0.7411413874420281
20070219,0.00018966595505235512
20070220,0.9518308763679906
20070221,0.12352486775677253
20070222,0.07006015220979796
20070223,2.777898451575949e-06
20070224,0.11656680308047931
20070225,14.398295134442956
20070226,0.6354654172830528
20070227,0.2792621965683809
20070228,0.06842355208728276
20070301,10.562456784701913
20070302,9.03658251967596
20070303,0.4823216998524424
20070304,0.18864950727531488
20070305,0.03228470596229376
20070306,0.010075136386552075
20070307,2.404757682740245
20070308,0.0
20070309,0.0
20070310,1.449235749227381
20070311,0.0
20070312,0.8846418468601618
20070313,0.04346330260685756
20070314,1.2532353936629965
20070315,19.340335260291493
20070316,0.00012115647740094608
20070317,0.2616645593985735
20070318,0.011898136159836762
20070319,7.170655320067098
20070320,0.00850141724890769
20070321,3.60496203409938
20070322,3.6915854395739007
20070323,20.79138498370032
20070324,3.6759140972916455
20070325,0.3397826511030966
20070326,0.1895747360751815
20070327,0.6287930236643755
20070328,2.8844354893930557
20070329,0.11905147112105424
20070330,0.0
20070331,2.041057167334171
20070401,6.483480513030678
20070402,0.03375361369079064
20070403,1.7334023373830019
20070404,6.387589711754767
20070405,0.4745827014545943
20070406,0.3701387002763824
20070407,1.2314490625553605
20070408,0.3905275677149948
20070409,0.5088033270402913
20070410,0.10036692012865535
20070411,19.194293792948248
20070412,7.468162094412861
20070413,0.02895230564659346
20070414,3.28666851131679
20070415,1.217392063035737
20070416,0.015081202237830885
20070417,0.00010995395439776421
20070418,0.22613589879648455
20070419,0.08551968796792407
20070420,0.0
20070421,0.0
20070422,0.0
20070423,0.594556309135454
20070424,0.0657461012307092
20070425,21.607201357827623
20070426,22.25209437381622
20070427,3.5995329631179214
20070428,0.37443891840105076
20070429,0.2774450053329765
20070430,0.08159520803844482
20070501,4.8914575732216035
20070502,4.138465510742031
20070503,0.0
20070504,0.0019548644675360305
20070505,0.24384032890593552
20070506,0.0
20070507,0.0
20070508,0.24140994847589442
20070509,6.382926234686055
20070510,0.6133163136960088
20070511,0.007651453278478795
20070512,0.00694301829332102
20070513,0.0
20070514,0.0
20070515,0.44984850224848844
20070516,5.036189086750652
20070517,1.9604319054158519
20070518,0.01895602965211473
20070519,0.34490364375497734
20070520,1.012177069476454
20070521,0.039606355576674974
20070522,0.001578962639399441
20070523,0.0
20070524,0.004187379753428189
20070525,0.5104666328695576
20070526,4.615594568416997
20070527,5.362433043254638
20070528,0.3508336651581769
20070529,0.09443488745743256
20070530,0.1263842340018521
20070531,0.0063237546365469
20070601,0.22377647106383677
20070602,0.892088141679865
20070603,12.015141908321317
20070604,9.856311002263684
20070605,0.9849109650279273
20070606,0.0954668230163171
20070607,1.2043838147643168e-06
20070608,2.187638926699316
20070609,3.118288804912366e-05
20070610,1.3373352924938496e-06
20070611,0.00042073430387775036
20070612,0.0022343763395498662
20070613,0.06723467494326787
20070614,0.04373513334914803
20070615,0.0
20070616,0.003528283696299934
20070617,0.0584728835501605
20070618,0.0138946975525219
20070619,11.193032758685044
20070620,0.0
20070621,0.7609612232617986
20070622,0.2188323190656549
20070623,0.6106552401148952
20070624,1.6776022595738778
20070625,0.6901978853232812
20070626,0.8180358734879185
20070627,5.516524576177529
20070628,11.862824777429381
20070629,0.5422650555466508
20070630,3.477071760482197e-05
20070701,0.01361097753578213
20070702,0.0
20070703,0.0004683476614491017
20070704,3.9366938864648855
20070705,3.0198621058625776
20070706,0.011754840784402667
20070707,6.686676462469248e-07
20070708,0.00037313742374696764
20070709,0.00015515042945621365
20070710,1.4243486911761716
20070711,2.8569666454034857
20070712,0.006265385016043113
20070713,0.10671942397623585
20070714,0.04634161976239462
20070715,0.061312511345546286
20070716,0.027509982750086384
20070717,5.567603984084092
20070718,3.409597803225744
20070719,27.18685209146457
20070720,0.003691709638863601
20070721,7.14718824189874e-05
20070722,0.0019887285585604114
20070723,0.0
20070724,0.017804887463769965
20070725,3.892493636430463
20070726,10.60349348175062
20070727,3.5650103399107627
20070728,0.6212054456632785
20070729,0.26434424482959556
20070730,0.0
20070731,0.0004777739103454485
20070801,0.016351740399413
20070802,0.08272159593750718
20070803,0.2069250590434148
20070804,0.0015470419167818135
20070805,26.60138463871525
20070806,7.830297870773838
20070807,10.906047785241713
20070808,8.365877520972592
20070809,14.547052589502877
20070810,1.101889896855258
20070811,0.011374942091820365
20070812,0.268053918394386
20070813,3.346914481698492e-05
20070814,0.23832965618825036
20070815,0.17460992106160778
20070816,5.020432937285786
20070817,0.15916463700393715
20070818,4.0146127158795453e-07
20070819,14.98501497753951
20070820,31.69797076537675
20070821,22.423954619152504
20070822,4.80874481058201
20070823,0.29859012383209027
20070824,0.9029620039401695
20070825,5.22199421273327
20070826,0.004142957325943262
20070827,4.299335701488693e-05
20070828,0.0
20070829,0.004840444961134785
20070830,0.13679372717906732
20070831,0.0014456639145608507
20070901,2.9912522199188534e-06
20070902,0.0
20070903,0.0012384729293700308
20070904,0.0008377362521972156
20070905,0.0
20070906,0.07029038962048242
20070907,5.121998170882492
20070908,9.10102898628416
20070909,30.698052101085718
20070910,0.04941491655039325
20070911,4.805154786088022
20070912,0.00011390139233602508
20070913,0.0005198112868995929
20070914,0.22161185981719717
20070915,0.0
20070916,0.0
20070917,0.0
20070918,0.0
20070919,0.002813769767849767
20070920,0.17588123571168865
20070921,0.00022661212076911032
20070922,0.00018072501759563747
20070923,0.0
20070924,0.0
20070925,0.712248190526233
20070926,5.120984039747533
20070927,1.3513015881076147
20070928,0.01810736958881458
20070929,0.0
20070930,0.0
20071001,9.598485697707995
20071002,1.9879892852888303
20071003,3.5850940934623274
20071004,0.021761171277811575
20071005,0.5241337294198664
20071006,0.2979222483867608
20071007,0.1932208687500749
20071008,0.11049527292235714
20071009,0.8947083093243313
20071010,0.5898910061522423
20071011,2.498956821307557
20071012,0.07209036940280376
20071013,0.000266415824222315
20071014,0.3025502148091396
20071015,4.911253085617186e-05
20071016,3.51214873218277
20071017,0.14325167303651581
20071018,5.414883173268937
20071019,6.208287557002115
20071020,0.0036193146602845412
20071021,0.0
20071022,0.7179240941028189
20071023,23.060967918850725
20071024,0.012026353490642332
20071025,0.0014935535826648692
20071026,1.95478193290795
20071027,2.510161838302808
20071028,3.670125803504438e-05
20071029,0.0
20071030,0.0
20071031,0.00036725596661508976
20071101,0.2432712616841739
20071102,0.0
20071103,0.0037597640924864
20071104,0.013187509589968073
20071105,1.7219396792348824
20071106,0.7620561148137229
20071107,0.09534029187602429
20071108,0.07467158668320799
20071109,0.0958595293693923
20071110,0.06284041994986683
20071111,7.691016484635817
20071112,6.218757640050862
20071113,6.543759633661424
20071114,1.1567221506429755
20071115,1.6227050356640245
20071116,0.029267841433347062
20071117,1.9961180507901646
20071118,1.6636218595401455
20071119,0.6060950290819767
20071120,1.3382507002531296
20071121,20.965825444234376
20071122,13.462857802991048
20071123,0.09806785522167136
20071124,0.0008846264411304208
20071125,1.0588313686714623
20071126,14.422201842363888
20071127,1.20662541404901
20071128,0.0
20071129,0.3182440869958214
20071130,0.002040943953634454
20071201,1.3708247109907818
20071202,12.65949155324395
20071203,3.742215683102782
20071204,0.15690574192112416
20071205,6.242201999019075
20071206,0.007848346068885572
20071207,1.4948363774310691
20071208,0.4218665455403624
20071209,9.417734146855212
20071210,0.6378512510229767
20071211,9.0796303977755
20071212,13.757620007956307
20071213,1.7103178876995766
20071214,0.04055743994646763
20071215,5.595116477304803
20071216,24.266060600647833
20071217,0.10683407501900624
20071218,0.00717151684668122
20071219,0.09185077016491168
20071220,0.012154417016321726
20071221,0.07234852372408238
20071222,0.6102263370839757
20071223,12.814291780254742
20071224,0.12541770102057898
20071225,0.039409498769295885
20071226,0.0
20071227,2.4396230046891074
20071228,8.263318988723446
20071229,1.1031459613980021
20071230,0.25828573891548806
20071231,0.2838470482832196
20080101,8.711724296351646
20080102,4.557468938263364
20080103,0.08442834312730947
20080104,0.0
20080105,2.005458221179111
20080106,1.1193609938941143
20080107,1.386414707667297
20080108,15.33104621326832
20080109,22.168557826947353
20080110,2.823779261528822
20080111,5.766398408915849
20080112,0.04253015316113632
20080113,1.4555798691605948
20080114,0.7490838920978259
20080115,1.0743745911607696
20080116,0.005854081408604425
20080117,1.3465059917918658
20080118,0.8032992820735672
20080119,0.14895870131569952
20080120,0.0977384395790479
20080121,0.015250934361921232
20080122,2.8640352201283776
20080123,0.05589784577249053
20080124,0.7123698317577094
20080125,0.005695399425187063
20080126,1.1695155322889077
20080127,0.32245966178383856
20080128,1.2588625568416374
20080129,2.868643646498717
20080130,6.485245662246861
20080131,0.03064967593722056
20080201,10.249655306726504
20080202,0.1682098093289671
20080203,0.002158292741731443
20080204,4.577695408044032
20080205,14.944035395868966
20080206,30.994945921623444
20080207,1.8889069129844005
20080208,0.5099096882058091
20080209,2.38363759352436
20080210,2.1407776516763537
20080211,0.296946774639986
20080212,7.685302487029809
20080213,0.9853653033943214
20080214,2.6053588958018832e-05
20080215,0.11365479483815295
20080216,3.631967515588589e-05
20080217,9.273867006730455
20080218,2.0684837127868168
20080219,0.034847844945364366
20080220,0.8818753235671277
20080221,0.5831517849998843
20080222,5.682237565855297
20080223,0.9066387747325012
20080224,0.0009499775186248312
20080225,0.08824140448284479
20080226,11.33497369997634
20080227,1.4235233246733323
20080228,0.023364305520387534
20080229,3.630374583482907
20080301,0.7387908699345772
20080302,0.029532471081434464
20080303,4.414438048264788
20080304,19.026491431448505
20080305,10.535830510615996
20080306,0.03141232149876838
20080307,1.9728737315265503
20080308,7.104714954533822
20080309,0.01572399041651015
20080310,1.2738479079067042
20080311,0.05975163721114525
20080312,0.023746322070413703
20080313,0.26225047043351163
20080314,1.3759158337192756
20080315,0.2994195596231101
20080316,0.06170615549064997
20080317,0.22111169334048375
20080318,6.536908838721274
20080319,27.821303592063913
20080320,0.1076834999661468
20080321,2.174359084049309
20080322,9.426376972302812
20080323,0.2173583653195209
20080324,0.10737628002031654
20080325,1.2146456094187206
20080326,1.0085096180997528
20080327,3.7271011414240505
20080328,14.599304421678003
20080329,0.0
20080330,3.0475290401323294
20080331,8.017370281635396
20080401,8.665608308700767
20080402,0.0
20080403,0.3177370370520758
20080404,9.593986198983067
20080405,0.027300393207643787
20080406,0.0022487281935489765
20080407,0.006442213899959129
20080408,0.05228324957320354
20080409,4.263906895723826
20080410,7.4289267229544755
20080411,17.301788147710987
20080412,2.6508229071893172
20080413,3.911978893424769
20080414,0.0005887767596667697
20080415,0.0
20080416,0.0
20080417,0.040416462373893326
20080418,0.0
20080419,6.767522195157873
20080420,1.3893663950942576
20080421,0.14981134858793269
20080422,0.05459079494312783
20080423,0.568036093716624
20080424,0.0
20080425,1.3829745324513398
20080426,2.4470734110747787
20080427,0.0
20080428,2.8563386877522006
20080429,11.232151099582468
20080430,0.001428934200379227
20080501,0.3539895384039739
20080502,6.430642911938933
20080503,3.120420127776763
20080504,0.026820944420057495
20080505,0.1835270060758289
20080506,0.2551376875570195
20080507,8.169653131567138
20080508,10.298112012039995
20080509,2.4903814893589478
20080510,1.0358915774414519
20080511,19.500125273777616
20080512,3.2755470952823114
20080513,0.0
20080514,6.668338063824246
20080515,0.5491725952814357
20080516,6.8448698525195315
20080517,0.8681856900076894
20080518,7.386511859663672
20080519,0.0373403951352233
20080520,0.6952100294683929
20080521,0.0036645726109497995
20080522,0.0041151318489619755
20080523,0.0013765900043323546
20080524,5.6604126519628455e-05
20080525,0.0
20080526,8.145838015614547
20080527,0.7496926023553492
20080528,0.14627432099491586
20080529,0.0
20080530,0.13174233277947905
20080531,14.518450768660003
20080601,0.00019198051042868165
20080602,0.0008927608960192767
20080603,11.064124052687315
20080604,19.670880209621586
20080605,2.3207965042276717
20080606,0.02907775174282187
20080607,5.794762028792571
20080608,0.8414616226451613
20080609,1.7268547307450755
20080610,17.701352993043947
20080611,5.897282400309489e-05
20080612,0.32377933604602893
20080613,7.545057063991458
20080614,16.081271856886488
20080615,0.33720261762398424
20080616,0.4301121079488398
20080617,0.39241342470736656
20080618,0.38877667659832443
20080619,0.37331818457453
20080620,0.032314035063577405
20080621,8.375241445629666
20080622,2.724429130164662
20080623,0.3288884200940872
20080624,0.00399308521088751
20080625,1.2664561477379537
20080626,14.329934406792436
20080627,2.1202445588884706
20080628,15.801409122044362
20080629,2.4325238135313723
20080630,0.6667637694788007
20080701,1.872808920659842e-05
20080702,0.05462565481707171
20080703,13.56065022290044
20080704,1.402482689303169
20080705,0.0232969131205806
20080706,0.0025591614930356994
20080707,0.0046683428017996334
20080708,18.642160602121333
20080709,3.1305012314595513
20080710,0.10465628764588313
20080711,0.5068926466818702
20080712,3.927658201731107
20080713,6.502873371008135
20080714,0.0013086641387014609
20080715,4.3774424179196635e-05
20080716,0.05266632148029479
20080717,0.016797765658340603
20080718,0.00769399655551101
20080719,1.963692180852052
20080720,7.828275883471814
20080721,5.363075173552302
20080722,2.0865276734239155
20080723,0.059608019299053384
20080724,0.0
20080725,0.008932495954862184
20080726,0.6431979185987843
20080727,7.484095569532893e-05
20080728,0.08194766469382007
20080729,0.0006852034151815286
20080730,5.216519708322272
20080731,0.4456811266798242
20080801,1.3938352735084583
20080802,1.6826754990990291
20080803,0.0
20080804,0.5995362274786236
20080805,33.87365491889337
20080806,0.4951037429296547
20080807,0.42994774093256016
20080808,0.006919129066908199
20080809,1.5050181204204844
20080810,1.6431670480779088
20080811,0.026601969514164214
20080812,0.0016737629304949993
20080813,0.36053327333635504
20080814,0.6816255213731706
20080815,0.21804694364241806
20080816,2.8092133809865404e-05
20080817,0.012418290820776676
20080818,0.18006384465801803
20080819,0.37826850870842316
20080820,0.0
20080821,0.002843233136438184
20080822,0.502216841464783
20080823,0.03323337101983828
20080824,0.3897243487547116
20080825,0.03644331430636328
20080826,0.0
20080827,0.017443967578246275
20080828,0.024868246877412504
20080829,3.5946916768833512
20080830,0.00026950394320599967
20080831,0.0
20080901,0.0
20080902,0.006284915505236643
20080903,0.013148602232387563
20080904,0.47607000759687984
20080905,5.05570934124877
20080906,0.21809341769864152
20080907,3.5065675051071095
20080908,0.06813416208611148
20080909,7.047890146534113
20080910,0.0108316203087173
20080911,0.0014029683148329042
20080912,17.370310399300152
20080913,18.914101572532523
20080914,13.829746391732545
20080915,0.6946265210484213
20080916,0.23245293107918796
20080917,0.010330382018039817
20080918,0.03197654731881405
20080919,0.0
20080920,0.001508604600449177
20080921,0.08000516227698845
20080922,5.514100992003832e-05
20080923,0.0
20080924,0.0
20080925,0.0
20080926,0.0
20080927,0.05561477114627625
20080928,0.013009058873733974
20080929,0.5840601400078322
20080930,1.5345501166353388
20081001,0.20495207386577566
20081002,0.17623339704150784
20081003,1.2938095720634128
20081004,0.13145808991421873
20081005,0.06201559091409473
20081006,0.8258453553453231
20081007,0.00028587887550117106
20081008,8.493497089607306
20081009,0.051767308799008524
20081010,0.0
20081011,0.0
20081012,0.0
20081013,0.0
20081014,0.1635396313292534
20081015,3.2882923566533275
20081016,6.961131706778726
20081017,0.0021567833961638663
20081018,0.15692758770699866
20081019,0.0
20081020,0.10989141942481105
20081021,0.8952346330975649
20081022,0.0
20081023,0.0
20081024,10.62239062193253
20081025,0.29221434832742066
20081026,0.2508522587336133
20081027,2.273436356123292
20081028,0.16289863588005205
20081029,0.07374589292113831
20081030,0.0
20081031,0.0
20081101,0.00025532679640751215
20081102,0.283541165876447
20081103,0.5209204120237211
20081104,0.0
20081105,0.0
20081106,0.0
20081107,1.0390822022799011
20081108,0.22445691896022
20081109,1.703242160517946
20081110,0.350020145435355
20081111,0.018103997295749727
20081112,1.8091741947997888
20081113,15.493417707312872
20081114,4.465662880712506
20081115,21.756327476949977
20081116,1.1586930236158963
20081117,1.2040358121033279
20081118,0.12437739855869123
20081119,0.026638857782735097
20081120,0.288695785243563
20081121,0.25237312552567237
20081122,0.0048513125345275255
20081123,0.0
20081124,5.513051794263629
20081125,1.2093747209417287
20081126,0.049990399457373144
20081127,4.75505011647952e-05
20081128,0.013581839639934918
20081129,1.536378816454386e-05
20081130,6.927485089485894
20081201,3.410157499493376
20081202,0.6240732149458965
20081203,0.47013233947669386
20081204,2.3857222956300417
20081205,0.026779810887970917
20081206,2.1205418412465566
20081207,0.45498858238636536
20081208,0.3536459085062519
20081209,13.396055254076181
20081210,4.269017132699829
20081211,0.002601358713097992
20081212,0.3999207502014029
20081213,0.054327264651370596
20081214,0.16530759297410474
20081215,4.589462541914663
20081216,2.10259838228691
20081217,5.1097714329375545
20081218,0.0038425553912158775
20081219,26.077234947195297
20081220,0.07743373052494486
20081221,0.6187083402710851
20081222,0.10272314977531624
20081223,1.7570113468724502
20081224,17.401033117362584
20081225,0.023551935570119087
20081226,3.6647927026225524
20081227,3.382014395182563
20081228,4.445797828159214
20081229,4.244611290503591e-05
20081230,0.0025522388035813326
20081231,0.738662589504882
20090101,4.47936723258885e-06
20090102,0.09010108026135846
20090103,3.768514007648856e-05
20090104,1.8163448410885288
20090105,0.01743173847133298
20090106,2.9901538609902927
20090107,2.262838656567193
20090108,0.49973500050338565
20090109,3.315668360299197
20090110,12.538825331557558
20090111,0.6268073199340417
20090112,0.41065523275541843
20090113,2.0172474861232437
20090114,3.5393360583526845
20090115,0.38422940617636503
20090116,0.015833386557988
20090117,0.9825052442621913
20090118,1.4434806392141954
20090119,0.07826285971014842
20090120,0.10367774558091643
20090121,0.0008162811843879545
20090122,8.326672684688674e-14
20090123,0.022954791861681808
20090124,0.149841578833903
20090125,0.4680321485602907
20090126,0.13401860654263403
20090127,1.2851023051633257
20090128,15.418660041977793
20090129,0.09910775456606846
20090130,0.7358837600252947
20090131,0.05306864091867438
20090201,8.326672684688674e-14
20090202,0.04611787899533175
20090203,0.524974580948774
20090204,0.4303496956719234
20090205,0.009201518426777546
20090206,8.326672684688674e-14
20090207,0.018092901796709002
20090208,0.14955354978215368
20090209,0.0810171060490181
20090210,3.496371837729643
20090211,22.3802122064261
20090212,4.892304991945479
20090213,0.0005257363360203849
20090214,2.1643933662645423
20090215,0.2909315873474834
20090216,0.009359256855999728
20090217,8.326672684688674e-14
20090218,8.188659317505678
20090219,0.3279858519365485
20090220,0.0033005314829981586
20090221,5.110455151234189
20090222,0.48460693553008366
20090223,0.00404173006204495
20090224,2.091864981068936e-05
20090225,0.6739400621016091
20090226,3.0917023705674387
20090227,12.19270518238116
20090228,0.009518038962719777
20090301,8.326672684688674e-14
20090302,8.326672684688674e-14
20090303,8.326672684688674e-14
20090304,8.326672684688674e-14
20090305,0.36353967981089097
20090306,0.3406222234825143
20090307,3.449899069451211
20090308,48.82217486898165
20090309,0.3772416070269183
20090310,16.04934727545761
20090311,10.806016763932924
20090312,8.326672684688674e-14
20090313,8.326672684688674e-14
20090314,8.326672684688674e-14
20090315,8.326672684688674e-14
20090316,0.01819065402349162
20090317,8.326672684688674e-14
20090318,5.912717661192754
20090319,0.7524432706937706
20090320,0.012074823225068209
20090321,0.016184974429935564
20090322,0.04072500789609198
20090323,8.326672684688674e-14
20090324,0.15774944668895607
20090325,7.513907891556808
20090326,0.18760687335016685
20090327,0.012812070666280295
20090328,0.2054155089674595
20090329,12.446749948867613
20090330,0.19788772549442873
20090331,0.754834778974915
20090401,1.7620738379290426
20090402,0.03400375116857621
20090403,18.0828382804373
20090404,8.326672684688674e-14
20090405,9.003269797016404
20090406,27.492325589485212
20090407,0.5518844464308734
20090408,0.0028392191741312546
20090409,8.326672684688674e-14
20090410,7.336160757072838
20090411,0.04271426724945959
20090412,8.326672684688674e-14
20090413,8.111573309158098
20090414,13.2923535034746
20090415,6.247127988552928
20090416,4.210615321559355e-05
20090417,8.326672684688674e-14
20090418,8.326672684688674e-14
20090419,4.372948661722395
20090420,16.749997489806773
20090421,3.1448705477913594
20090422,0.606764806079443
20090423,0.0002970993894130127
20090424,0.6421858230463657
20090425,0.4662850095617945
20090426,0.2343508646024358
20090427,0.08209023198644613
20090428,16.723382962692536
20090429,2.995830254747691
20090430,10.738417501068108
20090501,3.4415067583724155
20090502,0.46869878917301144
20090503,8.326672684688674e-14
20090504,0.0017652715212344483
20090505,0.019015153764483674
20090506,2.9619621842739794
20090507,2.9444657437563433
20090508,3.4898836470077605
20090509,0.5855586426135981
20090510,0.20195473272459183
20090511,0.2358684630996352
20090512,0.0001265378526375628
20090513,9.156411747794232
20090514,13.358378325572332
20090515,0.5696779963538976
20090516,14.89048257062202
20090517,8.326672684688674e-14
20090518,8.326672684688674e-14
20090519,8.326672684688674e-14
20090520,8.326672684688674e-14
20090521,8.326672684688674e-14
20090522,0.06754541490452526
20090523,0.030072412701038487
20090524,0.5948565532831497
20090525,0.1865937860418425
20090526,2.869571972390583
20090527,9.910624112610776
20090528,6.917871219510573
20090529,0.571516431152375
20090530,0.061702118688813645
20090531,0.2362880776065234
20090601,3.0080561738009344
20090602,11.938361569275553
20090603,4.2115812013605085
20090604,0.00124583743022516
20090605,8.326672684688674e-14
20090606,0.07764202549161674
20090607,0.30712379092497766
20090608,2.6015914505643787
20090609,0.4449200000501352
20090610,1.0039143297633855
20090611,18.052715420148708
20090612,4.9711571348675765
20090613,0.6873066538990115
20090614,0.20087364464440347
20090615,0.0016653706910630419
20090616,0.435419767253814
20090617,6.328872872422351
20090618,0.01444324019978206
20090619,17.454578558455164
20090620,22.12293055900747
20090621,0.16190573953488568
20090622,0.011135180000061282
20090623,0.02894217452347242
20090624,0.06443109414708735
20090625,0.9832539746382971
20090626,1.1429489342329764
20090627,0.002114280475838128
20090628,8.574398310411949
20090629,0.13220408362961666
20090630,0.8942026296842179
20090701,0.9086011236570394
20090702,2.145799925824694
20090703,0.494203039296334
20090704,0.3061423578799264
20090705,0.37231329541521135
20090706,0.02259011858752382
20090707,8.326672684688674e-14
20090708,5.4546851437800055e-05
20090709,0.5892324584167831
20090710,0.009333212402074886
20090711,8.146836175867799
20090712,0.00017082071488913218
20090713,0.0013761711871859788
20090714,8.326672684688674e-14
20090715,0.575563755639892
20090716,0.17961008689270438
20090717,5.517825969360559
20090718,0.3106706964149565
20090719,0.4850980059316901
20090720,0.7423379846816627
20090721,0.3770215951029212
20090722,6.317351991963466
20090723,4.524436005209655
20090724,0.5384448791961152
20090725,12.068543916743963
20090726,0.17494082424376903
20090727,0.06699439972026214
20090728,1.3754275928979198
20090729,11.42408154623563
20090730,0.021320732650296305
20090731,0.21058173816815098
20090801,0.0011082755014178297
20090802,0.9654303152096978
20090803,0.08211960556398323
20090804,1.160139846115235
20090805,0.10210912522046028
20090806,0.03214548442364413
20090807,0.05268407379255925
20090808,4.352851894397771
20090809,0.1365502574400149
20090810,3.1994309269279606
20090811,2.8079349668402735
20090812,0.14634681736636568
20090813,0.004302993811228477
20090814,8.326672684688674e-14
20090815,5.03705135198593e-05
20090816,0.32931720760818006
20090817,4.507648397273028
20090818,2.9112976628390586
20090819,1.1695325941714865
20090820,6.633136767523738
20090821,0.4059438510386172
20090822,1.39029780462542
20090823,0.46482130410370154
20090824,0.1095276512321844
20090825,8.326672684688674e-14
20090826,2.9210828530878343
20090827,3.997619437709242
20090828,13.36387522387588
20090829,2.0188635236388226
20090830,0.03091846527585847
20090831,0.020978682273327016
20090901,8.326672684688674e-14
20090902,1.0616990630570888e-06
20090903,8.326672684688674e-14
20090904,0.002112955431791665
20090905,0.0009452688960829901
20090906,0.2718561818470583
20090907,7.236985052601346
20090908,10.85620411818068
20090909,0.5085696226844914
20090910,0.06489267417455107
20090911,0.04636047552056724
20090912,0.0002681092065097726
20090913,8.326672684688674e-14
20090914,0.022846308635198535
20090915,0.4123406868484356
20090916,0.23942390231601451
20090917,8.326672684688674e-14
20090918,0.010560099097466939
20090919,0.012979577403523856
20090920,2.865106609458325
20090921,8.87875670321598
20090922,0.7208784491461078
20090923,2.1592512675308346
20090924,2.197523540950705
20090925,0.48277095473631626
20090926,0.746278040371401
20090927,0.39780785790198836
20090928,7.31801341169787
20090929,0.9186373162565172
20090930,0.01980962785381651
20091001,0.007319071703584849
20091002,17.40720036939086
20091003,1.5175255693197485
20091004,0.6687092928719774
20091005,0.004687069550366193
20091006,2.1039625102662036
20091007,1.836769838238505
20091008,4.808924352045348
20091009,14.421231433461658
20091010,0.9890671506745786
20091011,0.11247944967424599
20091012,1.1238951549969856
20091013,0.029100485807967855
20091014,4.0943361978647825
20091015,7.257489925652635
20091016,0.5897651535147825
20091017,0.07412466177196966
20091018,1.4960197131906557e-05
20091019,0.08903671192083829
20091020,0.360037857089216
20091021,1.4886030710876184
20091022,0.2179876415797779
20091023,27.412285395165206
20091024,0.8080123271254204
20091025,0.00030911153431414896
20091026,0.025012310761658392
20091027,1.3502289872871676
20091028,10.436380022563648
20091029,0.0031664341126501493
20091030,11.58323331699515
20091031,17.231868890717088
20091101,0.00018922440257788893
20091102,0.6370938438008587
20091103,0.025330180673782066
20091104,0.43738172207004905
20091105,0.6007116294027657
20091106,6.468991598043368e-05
20091107,8.326672684688674e-14
20091108,0.00016551393430205375
20091109,8.326672684688674e-14
20091110,1.581207789138606
20091111,0.0025281971425610054
20091112,8.326672684688674e-14
20091113,8.326672684688674e-14
20091114,8.326672684688674e-14
20091115,0.3723473403502653
20091116,4.912438513320056
20091117,0.7775940906469475
20091118,4.323818214334422
20091119,5.48517398011785
20091120,0.09990866558010798
20091121,0.02042753010590556
20091122,9.056933911635817e-05
20091123,0.4738442495992219
20091124,0.09009274111189242
20091125,4.546562371450851
20091126,2.902888079541302
20091127,2.032736320941913
20091128,0.00014781204634901988
20091129,1.2847711353718883
20091130,3.6989337518429806
20091201,0.000523055123962695
20091202,5.342647184626564
20091203,9.922650098146491
20091204,0.0766088509327865
20091205,0.00023103238734022196
20091206,0.00018735206397938153
20091207,1.0676955213388992
20091208,0.7667442011264007
20091209,21.489279527658947
20091210,0.44762938630634236
20091211,0.0087040515711282
20091212,8.326672684688674e-14
20091213,14.180467734133162
20091214,0.5320185537979966
20091215,0.5410242058079904
20091216,0.0026384042806874546
20091217,0.003295234321402102
20091218,0.035579522813397386
20091219,6.3032706178927755
20091220,0.3467706872203923
20091221,0.5491723655015024
20091222,1.8310565501217713
20091223,0.40708771206614436
20091224,0.351789128467777
20091225,18.233473064936355
20091226,1.9549504002620395
20091227,2.3657312493949245
20091228,1.910308379303582
20091229,0.07092755760335615
20091230,0.40044491173905705
20091231,2.833771236773303
20100101,0.6949262380922812
20100102,0.4884905772319057
20100103,0.106815540334529
20100104,2.4114048059044384
20100105,1.5968668020809957
20100106,1.0695095275776398
20100107,4.781929163602255
20100108,1.6536891813382681
20100109,0.08834343764142295
20100110,0.008395147093152767
20100111,1.9296375883381043
20100112,0.12184385467888298
20100113,0.002739747827071461
20100114,0.0036096640741993813
20100115,0.48984632777815645
20100116,0.3827823204213869
20100117,0.13949680461629846
20100118,0.13548453360047522
20100119,0.3758290857783363
20100120,0.21366916792533763
20100121,1.6618886577392935
20100122,3.889060891488725
20100123,0.06863665399044211
20100124,9.501202793030112
20100125,4.798319315244922
20100126,0.7017273930605017
20100127,0.12417822254220082
20100128,1.8358380885237908
20100129,0.008853334858467466
20100130,0.00021144223901383227
20100131,5.363701052995922e-05
20100201,0.05161670398000113
20100202,1.2317523566217379
20100203,0.3527298427193227
20100204,0.001592623460483231
20100205,2.9533293299483616
20100206,11.779942977807458
20100207,0.0033198785689496565
20100208,0.0008820006665080979
20100209,9.815006692923578
20100210,4.918155374457918
20100211,0.15219160759951153
20100212,0.08883371855106485
20100213,0.1207337556251769
20100214,0.0625492062139883
20100215,0.7478835520686298
20100216,2.2800066445884406
20100217,0.694211287740392
20100218,0.2638235974441731
20100219,0.0007063266689751448
20100220,0.11180789842155311
20100221,0.3020292647499101
20100222,10.20913285574665
20100223,0.3215721643514979
20100224,2.6107729706915332
20100225,0.9884513897323169
20100226,5.799733014667609
20100227,3.440285352633626
20100228,0.6352292146692206
20100301,0.1008901381165603
20100302,0.024859632684770455
20100303,0.046025436549700274
20100304,0.002753161621644554
20100305,0.0
20100306,0.0
20100307,0.056793211022328274
20100308,0.6671783215591341
20100309,0.004967807332372806
20100310,1.292489600825506
20100311,3.4777911286383687
20100312,5.471659207922166
20100313,18.22236501452823
20100314,5.44348960435251
20100315,0.2663290474304296
20100316,0.000262720476553413
20100317,0.0
20100318,0.0
20100319,0.0
20100320,0.1830368426038348
20100321,0.01343811710590491
20100322,11.892900960887593
20100323,0.9166718023976499
20100324,0.0
20100325,7.542150731485128
20100326,1.1301483077806278
20100327,0.0
20100328,18.882074342367453
20100329,0.7565411001362188
20100330,0.0
20100331,0.0
20100401,0.0
20100402,0.0
20100403,1.9308355025380817
20100404,0.006518800795975812
20100405,0.40671453406175806
20100406,1.0551804053126193
20100407,5.144619202703258
20100408,7.429283820842563
20100409,0.03765316644063028
20100410,0.0
20100411,0.6712513447590649
20100412,0.001284573891942047
20100413,1.1335686605398592
20100414,0.003011366578788146
20100415,0.010543835186061782
20100416,2.4884657822508593
20100417,1.752762397283388e-05
20100418,0.0013821302250461075
20100419,0.0
20100420,0.0
20100421,0.1563278917887337
20100422,0.7767033109041781
20100423,0.1274533859197296
20100424,8.86130023862101
20100425,24.676921442181413
20100426,11.081250271076197
20100427,0.0
20100428,8.734374195663324e-05
20100429,0.16671874182482788
20100430,0.0004699068767035961
20100501,14.836407714326187
20100502,20.20119183528211
20100503,3.413430808304308
20100504,3.5813214833455027
20100505,1.8549279001881795
20100506,3.078470515875213
20100507,4.32531180975897
20100508,3.201256406785969
20100509,0.0006179823466835277
20100510,0.0
20100511,20.90987711952544
20100512,8.518266420647251
20100513,6.723397459951408
20100514,3.488868153633172
20100515,0.1042370036207858
20100516,0.18873395852006603
20100517,13.352845656156704
20100518,9.193010714864878
20100519,0.3187675564962588
20100520,1.0724048608000319e-06
20100521,14.447034186738353
20100522,10.485125649625349
20100523,0.002159585983591891
20100524,0.02612233029931793
20100525,0.08551755261924676
20100526,0.10893084132667388
20100527,2.017181350686286
20100528,0.49615174789345706
20100529,0.0014240446429817396
20100530,0.0
20100531,7.389117367876003
20100601,6.617910326615136
20100602,13.025733934184988
20100603,0.6620404275385561
20100604,0.7277866915434011
20100605,16.13783726219052
20100606,11.954507637758791
20100607,0.014464496804572628
20100608,2.36215161608726
20100609,19.014869271883363
20100610,1.0184201765091767e-06
20100611,2.9888464016641607
20100612,1.514853968531366
20100613,4.80378358763212
20100614,2.1539115733157987
20100615,3.189550766869405
20100616,5.706437873943772
20100617,0.04980214319358356
20100618,0.07012623056526626
20100619,3.3222507200473297
20100620,0.00012310088377237195
20100621,1.855974883248051
20100622,9.383945772411494
20100623,0.14519736221133725
20100624,5.7552472718700605
20100625,0.0
20100626,1.244332855558037
20100627,9.883806305599444
20100628,10.467357185598507
20100629,0.12945565171544704
20100630,0.0
20100701,0.0
20100702,5.85204065794309e-05
20100703,0.0
20100704,0.00029627374680922915
20100705,0.00877043167793584
20100706,3.6437363174905493e-06
20100707,0.035219154724641016
20100708,2.511988355058434
20100709,4.714950888708064
20100710,0.0944282943951868
20100711,0.027977416228989548
20100712,3.637729917098186
20100713,0.497225482814566
20100714,0.1530565077297294
20100715,2.278199305817415
20100716,2.352100439534649
20100717,0.07153589103817445
20100718,1.6985682767699888
20100719,3.8918437235781167
20100720,6.812193600721306
20100721,0.2591986350140992
20100722,1.4169447559441406
20100723,1.7406475680548255
20100724,6.7585986658093065
20100725,15.361892035746997
20100726,0.0013668645761792946
20100727,0.0
20100728,4.174993551351699
20100729,0.7175904487553493
20100730,2.00575702305924e-05
20100731,3.4479863711133376
20100801,0.054591963636036855
20100802,0.00031888735520118234
20100803,5.659002223311018
20100804,7.187356641508975
20100805,24.83035099546067
20100806,0.020852284613113677
20100807,0.13846298159245188
20100808,0.0
20100809,0.18067201897353163
20100810,0.1964282421983067
20100811,3.140629935890723
20100812,2.0798027718965986
20100813,0.1902777112111312
20100814,5.853313766217746
20100815,4.189948264739921
20100816,0.12424170072163274
20100817,0.007392655952759486
20100818,0.3509038626291426
20100819,0.005453712603178118
20100820,3.753861060965656e-05
20100821,16.18835548497375
20100822,0.1298694195133413
20100823,0.39318183848494215
20100824,0.47312909596234753
20100825,0.5635949792569785
20100826,6.828042170142365e-08
20100827,0.0
20100828,0.0
20100829,0.0006885602791764169
20100830,0.0008961932295569053
20100831,1.7227755239572154e-05
20100901,0.03347999310699619
20100902,3.706639543453055
20100903,6.8605380406672065
20100904,0.364683534141987
20100905,9.005516250731523e-05
20100906,0.10402054143697188
20100907,0.25668512641075025
20100908,0.01218036632721976
20100909,6.267430644103527e-05
20100910,0.00026461133566739713
20100911,5.5640824876324215
20100912,0.050861646457300014
20100913,0.17450601823336873
20100914,0.0
20100915,0.0
20100916,11.179308121976334
20100917,0.14739192924156685
20100918,0.0023895923548933316
20100919,2.8195812127266087
20100920,0.05829520917116134
20100921,0.056837305141051744
20100922,3.9352497251841045
20100923,0.014047958906284937
20100924,0.023781938878890945
20100925,6.031296297610204e-07
20100926,0.011078069577061376
20100927,1.125450257087035
20100928,6.021743882170294
20100929,8.147361412079455e-06
20100930,0.009779914897010638
20101001,6.828042170142365e-08
20101002,6.197935550881979
20101003,0.6358060783229206
20101004,0.22234139071333403
20101005,0.013882134545967584
20101006,2.953418511880841e-05
20101007,0.0
20101008,0.0
20101009,0.0
20101010,0.005893850014344634
20101011,0.12615264919932526
20101012,0.011078864034884247
20101013,0.7051778990946329
20101014,4.894908438447804
20101015,1.5018564942526524
20101016,0.0
20101017,0.0
20101018,1.732204565623737
20101019,0.318692505065359
20101020,0.0
20101021,0.8120838462826723
20101022,0.0
20101023,0.28447578301780985
20101024,0.6310026192351736
20101025,5.0807917236522036
20101026,11.556703368371842
20101027,0.007170345601015565
20101028,0.0505616379260724
20101029,0.0014669771042964458
20101030,0.0
20101031,0.0
20101101,0.0
20101102,0.0
20101103,0.2800952473130391
20101104,2.0651513998849045
20101105,0.3713706183466731
20101106,0.00705394373048442
20101107,0.0
20101108,0.0
20101109,0.0
20101110,1.3591215452059226e-06
20101111,6.378125151668905e-05
20101112,0.0
20101113,0.1675933157730722
20101114,3.8322615429769447
20101115,0.0
20101116,7.280447141515975
20101117,13.118448348392752
20101118,0.460390980014431
20101119,0.00017876550486452578
20101120,0.0004988748991509864
20101121,0.013756790543905857
20101122,3.828661574897659
20101123,3.8845736178996524
20101124,1.3727340778091035
20101125,31.965352122168945
20101126,6.303423740523293
20101127,0.04297269218991255
20101128,0.00047808861993823594
20101129,0.0
20101130,17.284365973693713
20101201,0.5730261175401744
20101202,0.10455026109109423
20101203,0.03876572209517229
20101204,0.9202884965504209
20101205,0.6037392454841918
20101206,1.0562592779133446
20101207,0.7252359577588404
20101208,0.27428825602365575
20101209,0.004037555778290181
20101210,1.9346715547579585
20101211,0.23765621706541298
20101212,14.893273122107793
20101213,2.05755301666226
20101214,0.23348912186924495
20101215,0.02465086594472837
20101216,0.14788817796535642
20101217,0.542307678840869
20101218,0.013145833711381281
20101219,0.06656791817779116
20101220,0.011465324495313811
20101221,0.5569338115368901
20101222,1.1107567496615067
20101223,0.07659137288238707
20101224,0.09682115198379479
20101225,0.9468585574354137
20101226,0.9388014046783079
20101227,0.06750947805614692
20101228,0.0038729274651943305
20101229,0.0011903764688028515
20101230,1.8144960659142888
20101231,0.5636436335789158
20110101,8.476941990176432
20110102,8.295620600919704e-05
20110103,9.009080404714745e-06
20110104,0.06613005942191738
20110105,0.003417112545350184
20110106,0.889951640574041
20110107,0.5568070149982711
20110108,0.7559858406501725
20110109,0.0009223220389294576
20110110,0.00011064588102458275
20110111,5.624479220758467
20110112,2.4073063746638113
20110113,0.22388054004817468
20110114,0.4365002927306671
20110115,0.6787429316639676
20110116,0.02559112442363668
20110117,0.06315655550971029
20110118,3.833426440654353
20110119,1.2759647027463263
20110120,2.546523426375393
20110121,0.6366670316906493
20110122,0.1806659368474972
20110123,0.13416741367642238
20110124,1.7524032256592388
20110125,0.20549300565292863
20110126,0.22327414250835068
20110127,1.1442265810807704
20110128,1.2953939640293577
20110129,0.8425802281868059
20110130,0.3758680560947807
20110131,0.0021386423084554574
20110201,10.94139121788695
20110202,16.82251121789982
20110203,0.021020000579713153
20110204,0.0
20110205,6.187982903535936
20110206,0.6307817419421493
20110207,1.010792760172782
20110208,0.25017180473496153
20110209,0.0037324872955091784
20110210,0.0022080917639367903
20110211,0.05398391555923973
20110212,0.9702204296881027
20110213,0.09007940877411973
20110214,0.0893742141322865
20110215,1.7391126102781968e-05
20110216,0.014537866190215807
20110217,0.014055842351321655
20110218,0.41702714066164925
20110219,0.0
20110220,6.86912565749045
20110221,14.133290750958377
20110222,1.897995259869848
20110223,0.0007143687767103023
20110224,1.405797657001981
20110225,12.12029057797802
20110226,0.5971676929004264
20110227,0.17632824458434912
20110228,22.073299026309446
20110301,0.0
20110302,1.7868280104895289e-06
20110303,0.0
20110304,6.407914594876623
20110305,31.60197724787852
20110306,3.9039685277629137
20110307,0.0
20110308,0.00013388077205709668
20110309,16.338589756736443
20110310,2.093501359961343
20110311,1.8769867505526938
20110312,0.000388369663927614
20110313,0.006306499518537274
20110314,0.0010737216019067021
20110315,6.990968088719284
20110316,0.6516732820396127
20110317,1.4886162207125162e-05
20110318,0.29644735900974944
20110319,0.0014045091587432028
20110320,0.8470502409757905
20110321,1.4270664352975093
20110322,3.6721984238058125
20110323,10.272990356069903
20110324,0.8965478872396722
20110325,0.0073967725861258295
20110326,0.0
20110327,5.3559834170745535e-08
20110328,1.263224701668551e-05
20110329,0.0
20110330,0.808144272534663
20110331,0.006084104463507811
20110401,0.3308554040202797
20110402,3.381193206725103
20110403,0.499969525886737
20110404,14.19777166034877
20110405,0.8026827428180667
20110406,0.9706789144195191
20110407,0.02855661604979553
20110408,12.842707079881928
20110409,0.23676590183379395
20110410,0.0521068058709691
20110411,8.797316797649406
20110412,0.008459152895246583
20110413,0.0
20110414,0.10118868774843869
20110415,0.814613915829314
20110416,18.677031209808632
20110417,0.5539947051244385
20110418,3.9429931193927406
20110419,14.122801859117732
20110420,16.690694977847294
20110421,0.000833221822579068
20110422,9.65817441693268
20110423,16.160439153535137
20110424,4.088632108189101
20110425,21.531817925170582
20110426,11.93653420791211
20110427,16.91338990095835
20110428,17.677670584827766
20110429,0.7511817279754518
20110430,0.13299681280246783
20110501,2.3837856394643007
20110502,9.861175512516288
20110503,9.999439160835195
20110504,1.8941239472752673
20110505,0.0
20110506,1.6837285777928723
20110507,2.062875786554353
20110508,3.834160052846363
20110509,0.0012939817669680078
20110510,8.515952715562722
20110511,2.1897613428241884
20110512,7.7350948738011756
20110513,2.341552908923673
20110514,12.206278562010311
20110515,19.95960520381323
20110516,5.123539782385767
20110517,4.559690501572
20110518,6.130946387694197
20110519,4.121800787377921
20110520,0.9283290684434817
20110521,0.023643239986589744
20110522,3.0960976454825775
20110523,5.517990490156986
20110524,7.047286179812241
20110525,14.52508434633125
20110526,16.24675434867775
20110527,3.6409894071217086
20110528,1.175487614970725
20110529,2.6675157406556447
20110530,0.0
20110531,0.16743933496142274
20110601,1.6660190230359675
20110602,0.0
20110603,0.015148705630399174
20110604,2.3444090641920363
20110605,4.779722811117682
20110606,0.0
20110607,4.378913302508941
20110608,0.5739067578197787
20110609,3.5941329854903943
20110610,6.6613082717027
20110611,7.069768194400205
20110612,0.1774224621482461
20110613,0.01685126697892567
20110614,0.00037327041883641486
20110615,3.1125339695300145
20110616,5.296976184974064
20110617,0.332408126373168
20110618,3.6913058289397123
20110619,5.182287752570928
20110620,12.920100380360015
20110621,13.30830023849797
20110622,9.701634543569597
20110623,2.151037841568897
20110624,1.8995144950366842
20110625,0.0029787440051567823
20110626,0.21396547063198904
20110627,1.2480826976179402
20110628,0.09170267743829169
20110629,4.298754363245712e-05
20110630,0.0
20110701,0.22914127492475647
20110702,0.45249678786901804
20110703,2.717297020855495
20110704,0.1840148022075882
20110705,4.179671526178683e-05
20110706,0.23820962327789064
20110707,0.38025022376021805
20110708,3.2399617042723956
20110709,7.988588003819492e-07
20110710,0.0
20110711,0.6505864479264021
20110712,0.10590318037926659
20110713,0.42424438083065635
20110714,1.7732173387638027e-05
20110715,4.92014763625876e-05
20110716,0.054448718608841436
20110717,0.01756374913404579
20110718,8.920464567333424
20110719,7.014942207742523
20110720,0.8716524284150462
20110721,0.21676966997783229
20110722,3.4019756341554483
20110723,6.762740368243436
20110724,3.693773999906411
20110725,0.9831060060565399
20110726,0.029349348494667256
20110727,0.029393854848463772
20110728,2.0844199132015633
20110729,0.24031079356236584
20110730,0.010083844685623863
20110731,0.00026793705037902
20110801,1.0715496051053068
20110802,0.5370328858633765
20110803,7.209137540232953
20110804,0.1700260075726425
20110805,0.18959978479852058
20110806,1.9694011237577218
20110807,5.855080933505451
20110808,0.9099942452255814
20110809,6.7172745401998455
20110810,0.2903241757971828
20110811,0.0023271404729748777
20110812,0.0
20110813,0.5252978992582187
20110814,10.998397373708295
20110815,0.3615554356054317
20110816,0.0
20110817,0.00012595634368749666
20110818,0.43815307058065434
20110819,0.041022492234062215
20110820,1.0210459497029698
20110821,2.544926725457745
20110822,0.02693050486230565
20110823,0.0476407068941957
20110824,16.425799322298495
20110825,19.486897604546648
20110826,0.04532166727754138
20110827,0.079150019146877
20110828,0.000703902051323112
20110829,3.9101379879952e-06
20110830,0.0
20110831,0.38028037883826143
20110901,1.2784166332414937
20110902,0.3293737797424422
20110903,0.09561331044977897
20110904,3.7341169736959214
20110905,0.2538653963325995
20110906,0.04657628342915491
20110907,11.795213907393066
20110908,17.799486966946915
20110909,2.033163225600825
20110910,5.216405494430195
20110911,4.822930302653081
20110912,0.8774235730339933
20110913,0.09431071945894617
20110914,1.837228346412905
20110915,2.438604562501524
20110916,7.194400797321228e-07
20110917,0.27071442103870613
20110918,0.06932274208087685
20110919,16.43152173882658
20110920,0.5771311623611943
20110921,1.7273674067798233
20110922,0.016852687844534992
20110923,12.420598073450101
20110924,1.3846039095079334
20110925,2.3063548490422705
20110926,20.995809134919018
20110927,5.717467644703662
20110928,4.350937497090248
20110929,7.7348255631805625
20110930,3.2387561562102607
20111001,1.2359789329148871
20111002,3.0928542453582835e-06
20111003,0.03213370317225471
20111004,0.0010815912150744654
20111005,0.0
20111006,0.0
20111007,0.00012754405476365457
20111008,0.0
20111009,0.0
20111010,0.0
20111011,0.0
20111012,0.1810406674478181
20111013,2.5045265214325774
20111014,6.4470555290656195
20111015,0.49772805311446283
20111016,2.4027610035144273
20111017,0.005162457235567074
20111018,3.9306224110497086
20111019,23.690717894952442
20111020,31.199026624672157
20111021,0.8209116811998467
20111022,0.03418461910729493
20111023,0.0183319658687782
20111024,3.4498710846454657
20111025,0.08906942476960665
20111026,3.868742502321605
20111027,4.6866739170049305
20111028,0.004499969204903946
20111029,0.7843896296540537
20111030,0.040858668296585576
20111031,1.673847398281252
20111101,9.709891794099567e-05
20111102,0.0
20111103,0.4975448680142611
20111104,0.8794733980777141
20111105,0.0
20111106,0.0
20111107,1.0297981107356093
20111108,1.2758622294319997
20111109,11.941157679069924
20111110,0.32793657914836194
20111111,0.5605405523770037
20111112,0.0
20111113,0.12068541426762175
20111114,20.610278153580403
20111115,2.6504776549818034
20111116,0.17774939500378661
20111117,0.04507015938921115
20111118,7.662830015457663e-06
20111119,0.9917408025636731
20111120,1.4473681208707072
20111121,1.7667436525470288
20111122,23.795891925014956
20111123,5.921240014711057
20111124,0.006209693807004613
20111125,0.0
20111126,0.01366690155302911
20111127,13.801396283875327
20111128,9.281842220524116
20111129,43.76185103892558
20111130,6.235144057508595
20111201,0.0
20111202,0.0661866588335718
20111203,0.09813586911906226
20111204,10.117747205380809
20111205,24.324812695302253
20111206,6.548287696667165
20111207,0.19264296913951137
20111208,5.836800044743029e-05
20111209,1.8928236981566484
20111210,0.006628220289055121
20111211,0.0
20111212,0.0
20111213,0.031731894698572884
20111214,11.590591477764061
20111215,16.11556034623252
20111216,0.008541782685683369
20111217,2.014983040710698
20111218,0.09562511419571518
20111219,0.07968354769798323
20111220,6.369731581835008
20111221,13.298145530786472
20111222,0.4718882707407375
20111223,1.4145660888135094
20111224,0.14218598172146366
20111225,3.8986768101839046e-05
20111226,0.0
20111227,10.797311149064495
20111228,0.33998392440822106
20111229,0.8118485518289779
20111230,5.174561524958469
20111231,1.0239151893181546
20120101,1.8790019109879266
20120102,1.9590895394408845
20120103,0.3796600495414321
20120104,0.024138382356648808
20120105,0.0004229860125703099
20120106,0.0
20120107,0.0
20120108,2.7626420119719987e-05
20120109,0.00098396448749492
20120110,0.0
20120111,5.85801687154021
20120112,6.712574984650129
20120113,4.641133679612152
20120114,0.6233032917113264
20120115,0.012402992667925085
20120116,0.23670068049315046
20120117,15.33896819519598
20120118,0.27594785899923785
20120119,2.373328368065856
20120120,1.9545141297414084
20120121,6.713264595307744
20120122,0.08167579188503414
20120123,12.116660515432207
20120124,0.050541702236262635
20120125,0.5330110056604735
20120126,10.991381647342136
20120127,10.147075315624502
20120128,2.3447022165457807
20120129,0.8156959864701656
20120130,0.005886832501187187
20120131,0.007456595356979724
20120201,2.8632908566779562
20120202,0.005654178227934808
20120203,0.00010183778572638744
20120204,4.947974979979463
20120205,0.23647120695920987
20120206,0.0
20120207,0.05656974800491037
20120208,0.513126867434686
20120209,0.0
20120210,0.957817911631642
20120211,3.288691833730361
20120212,0.09504739666720105
20120213,0.004496767555485517
20120214,3.32343067538718
20120215,0.22413156930482947
20120216,3.8742707498192286
20120217,0.0041200070342904144
20120218,0.015650626191872408
20120219,0.0
20120220,0.0
20120221,5.034612967493645
20120222,1.5755583111616969
20120223,2.6831264316520063
20120224,10.487074273874917
20120225,1.1235798621765711
20120226,0.00043010541677687117
20120227,0.00014385794258347438
20120228,0.20844993630847922
20120229,16.577156146698147
20120301,0.2675383357557014
20120302,10.586628881512915
20120303,2.0263607123901735
20120304,1.2668711968199795
20120305,0.8846196629646587
20120306,0.1163236944013269
20120307,0.0
20120308,11.844481108062132
20120309,0.0403202875712199
20120310,7.127831625585286e-05
20120311,0.0
20120312,8.966197868711419
20120313,2.8608774697379387
20120314,0.0
20120315,0.38017989921571727
20120316,0.11811461347721511
20120317,0.4563117697904295
20120318,3.2570370565076914
20120319,0.3637006349096015
20120320,0.005211969862836914
20120321,0.153928833228109
20120322,0.21468596880315555
20120323,8.671684751687708
20120324,7.462441565464092
20120325,0.34265197556988836
20120326,0.0001900882310356834
20120327,6.217400445612198e-07
20120328,0.024279220380124
20120329,4.0035105364952174e-05
20120330,5.698924681007065
20120331,0.1561359127373781
20120401,4.9468627805647545
20120402,0.7434649453165171
20120403,0.5627007931834737
20120404,3.0024279322657157
20120405,0.0
20120406,0.0
20120407,9.563458406791332e-05
20120408,1.3971142271611794
20120409,1.7208029600895522
20120410,0.40347474400902145
20120411,0.026007654596440045
20120412,0.0009084853037180596
20120413,0.00018706738612000594
20120414,9.698765095792316
20120415,3.070392923022023
20120416,1.295180292492238
20120417,0.006963951121699255
20120418,0.0
20120419,0.0621901205444698
20120420,1.1430009682924296
20120421,3.7179962998968272
20120422,0.09074799316194194
20120423,4.156452340920667e-05
20120424,0.05474482754591683
20120425,0.7430684476148809
20120426,8.621833946561141
20120427,0.0
20120428,1.7957216145121335
20120429,0.0021168488313809382
20120430,7.971345326648125
20120501,10.531098320610806
20120502,10.064709781045705
20120503,3.839454846103215
20120504,10.297122653646522
20120505,2.262166494838446
20120506,0.00014114473676550714
20120507,4.008853122377705
20120508,1.359002908277435
20120509,1.946564056943533
20120510,0.04377624425517817
20120511,0.0
20120512,0.05948462549362281
20120513,0.7517099025497236
20120514,0.11674357510417169
20120515,3.959789768759789e-06
20120516,2.271900841253119
20120517,0.0
20120518,0.0
20120519,0.0
20120520,0.0
20120521,2.3819566260008567
20120522,0.3090680156633339
20120523,0.0010683131964847785
20120524,0.00024802576511845473
20120525,0.733623151397765
20120526,0.2650938531391453
20120527,0.0028890372922638487
20120528,0.9325790294652794
20120529,3.827318373739484
20120530,0.006575596456327947
20120531,0.685961915561873
20120601,20.498701865282353
20120602,0.3127355187802612
20120603,0.016340888146674754
20120604,0.015164942872129904
20120605,0.4957427509320095
20120606,0.0336986914175115
20120607,0.011563305885913162
20120608,1.8652201336866801e-06
20120609,0.0
20120610,0.0
20120611,1.607372441030382
20120612,5.856832767474103
20120613,0.00021678825258445524
20120614,0.0
20120615,0.0
20120616,0.004082329495181985
20120617,7.571559187996235
20120618,0.8267264637373452
20120619,0.0009704363801915682
20120620,0.0
20120621,0.3485145713233825
20120622,0.10962423523050265
20120623,0.0009121256645716406
20120624,0.000407299021268725
20120625,0.21080396984138244
20120626,0.0
20120627,0.0
20120628,0.0
20120629,0.20460464474254372
20120630,6.548936113088329
20120701,0.6681676033314546
20120702,0.2787806237582166
20120703,0.28445542526971035
20120704,0.36396075777246173
20120705,1.677442152661916
20120706,0.046857259632658944
20120707,0.13365059110116173
20120708,0.3128718088107066
20120709,0.02079614616848161
20120710,0.19473859726786813
20120711,4.171985811518754e-06
20120712,0.010290974497360772
20120713,0.0007222952835776036
20120714,0.08283668735739941
20120715,1.1309295310928473
20120716,8.175162690007762e-06
20120717,0.0011415953664821875
20120718,3.9937516999742817
20120719,8.464156287476634
20120720,22.095533266306557
20120721,0.0
20120722,0.3971423641225936
20120723,0.11864686248238854
20120724,4.464962125398603
20120725,0.0020792703711396826
20120726,8.349377198014665
20120727,4.035917131089999
20120728,2.409859071842972
20120729,0.014700000795559902
20120730,0.02152133373301559
20120731,4.527290562934126
20120801,0.008630915821817645
20120802,0.0
20120803,0.02561739135734114
20120804,1.0435500994744784
20120805,24.318307730857672
20120806,0.0
20120807,0.002337822908868908
20120808,0.09097522681629766
20120809,14.910439679517465
20120810,16.612166993733148
20120811,1.1264620855223575
20120812,0.01017978584945875
20120813,1.277320915337655
20120814,6.966010261387286
20120815,0.19090770494406933
20120816,0.277102546427222
20120817,13.726342843516374
20120818,2.4162041130152142e-06
20120819,0.017740494723694683
20120820,0.19797493126526128
20120821,2.0353171841780777
20120822,0.002950170129780279
20120823,0.0
20120824,0.0
20120825,0.0
20120826,0.0
20120827,17.746194287748402
20120828,0.02885679715332647
20120829,0.014804938099343495
20120830,0.0
20120831,0.011473852719132704
20120901,8.372817273092053
20120902,8.417274887957019
20120903,1.3538284339760087
20120904,0.8942471944675359
20120905,0.1136838581513628
20120906,1.2301814027923628
20120907,12.077227942273126
20120908,21.773570626358936
20120909,0.5835292907920685
20120910,0.0
20120911,0.0
20120912,0.0
20120913,0.026507340883980504
20120914,3.7157934979877565
20120915,0.0
20120916,0.0
20120917,0.03913358738614957
20120918,4.951020020915876
20120919,9.388274672889524e-05
20120920,1.9826070121742416
20120921,0.8604725843296415
20120922,16.264339134264002
20120923,0.39288324673003955
20120924,0.0003048941283846273
20120925,2.6802003230799145
20120926,8.851121125939233
20120927,0.740825119801125
20120928,0.04255488596504647
20120929,0.02039155331183492
20120930,0.08838383570710301
20121001,0.42219647683954264
20121002,5.60731370416025
20121003,3.9597525703340475
20121004,0.024988438058930557
20121005,9.26042332891672
20121006,7.413789376657731
20121007,0.8641115302545989
20121008,0.012557998514937727
20121009,0.0
20121010,1.7850661533785364
20121011,0.0
20121012,0.010512488797965316
20121013,6.596637664801479
20121014,5.866666720991867
20121015,2.449499340290283
20121016,0.000407569518063193
20121017,1.3017273968270664
20121018,9.042981146392265
20121019,4.24075032296038
20121020,2.106700664808597
20121021,3.551450920653321e-05
20121022,0.17698736118990427
20121023,2.8263817207441853
20121024,0.6799269331012884
20121025,0.0
20121026,5.239171117609033
20121027,2.2248038947464166
20121028,0.060097954432687145
20121029,0.9576966269237995
20121030,11.365996829654028
20121031,4.784083977633222
20121101,0.5471235741460816
20121102,0.004245706335796034
20121103,0.07704291778525045
20121104,0.07898665884434762
20121105,0.004938275933382405
20121106,8.275574010109177e-05
20121107,0.005732132305748435
20121108,0.0
20121109,0.0
20121110,0.0945996936666505
20121111,0.006304482535483876
20121112,14.131177785802508
20121113,0.004291129709208188
20121114,6.217400445612198e-07
20121115,0.0
20121116,0.0
20121117,7.666915211810106e-06
20121118,0.0
20121119,0.008703254366483122
20121120,0.6445821103951874
20121121,0.007106077279063408
20121122,0.025428751248147873
20121123,3.2917990389492275
20121124,0.362706427337718
20121125,0.027298175993474075
20121126,0.04050767876162707
20121127,0.7004265309777029
20121128,4.2261355494598284e-05
20121129,0.0
20121130,0.004463331487499469
20121201,0.0018601516572991892
20121202,4.8854798050630315
20121203,0.7413283992127444
20121204,10.560095287471306
20121205,0.0010136853242040408
20121206,0.0
20121207,2.4274955155035105
20121208,3.596104681254292
20121209,2.179220215667313
20121210,3.4129197590202676
20121211,0.3244260831444705
20121212,0.0
20121213,0.0
20121214,0.0
20121215,2.028070154447313
20121216,2.311490264144259
20121217,0.6200636057822094
20121218,2.0510550782648322
20121219,0.9149462893798301
20121220,15.691804444731142
20121221,4.875491853637674
20121222,0.10641509834350915
20121223,0.0
20121224,1.432910557556646
20121225,0.17394517185381952
20121226,9.377600287473653
20121227,0.886767647390835
20121228,0.7529172919756314
20121229,5.551955634697213
20121230,0.4510522204243873
20121231,1.3250236137842553
20130101,0.6541342930659129
20130102,0.025247914009868234
20130103,0.08364516839222638
20130104,0.028485292852530184
20130105,0.26966409800992786
20130106,0.8225647736580908
20130107,0.03180076401386691
20130108,0.0
20130109,0.7191065600963575
20130110,0.014481813179359204
20130111,15.11925863651334
20130112,0.007540767341619145
20130113,37.44435605752289
20130114,4.984628983694819
20130115,0.0017068640633407402
20130116,0.0035022014817430655
20130117,0.007125294192646744
20130118,0.0030419711165551714
20130119,1.2105443327690522e-05
20130120,0.014554329016362194
20130121,0.2553864666963293
20130122,0.4513933658190135
20130123,0.12149711654576559
20130124,0.619782488403643
20130125,2.7025031222128244
20130126,0.18377266002912232
20130127,0.47146494787856486
20130128,7.262032130377903
20130129,4.675805421288176
20130130,23.63114960131184
20130131,2.977140775869092
20130201,0.32020932579645406
20130202,3.274928016923311
20130203,0.6188866434004955
20130204,3.355312809808611
20130205,0.9423607802976299
20130206,0.38154988999438394
20130207,0.019070335911127997
20130208,4.797898448789501
20130209,0.004628189251468056
20130210,2.016415656780251
20130211,3.20098190525582
20130212,0.023211837998355776
20130213,0.00023125173054003295
20130214,1.0954485780257681
20130215,0.32309969167512914
20130216,0.7205990461677807
20130217,0.007288050883914434
20130218,0.08057920431779247
20130219,4.77238562457758
20130220,0.20866102705545664
20130221,8.605730233533777e-06
20130222,7.4498882128762745
20130223,0.2811146133600304
20130224,0.08219060880975793
20130225,0.0004714256169211548
20130226,16.658188615140535
20130227,9.11516199862032
20130228,2.8803022342616766
20130301,0.5029102608316551
20130302,0.026653893294045595
20130303,0.10004332439264342
20130304,5.019849608058825e-07
20130305,2.0676375172405894
20130306,8.232265458036528
20130307,0.17686688958441726
20130308,0.007001373148815246
20130309,0.14777077829142707
20130310,0.5090880110320943
20130311,14.272286423122251
20130312,0.2488079666334707
20130313,0.6329938255808834
20130314,8.027529813134632e-05
20130315,0.34923412175818597
20130316,2.927791581665693
20130317,0.01249549519619462
20130318,6.642921806485561
20130319,0.20332594730360073
20130320,0.10925711514276626
20130321,0.17384405992204766
20130322,6.62337726087011e-05
20130323,2.469299280094323e-06
20130324,1.52327197157434
20130325,10.277342220052551
20130326,0.7864327466951251
20130327,0.12615648664550955
20130328,0.0017178903511455364
20130329,5.978834831761409e-05
20130330,0.0
20130331,0.6862978098948754
20130401,0.39521399764383686
20130402,0.0011712874755007122
20130403,0.0
20130404,0.0
20130405,0.0005885990143697445
20130406,0.0
20130407,0.6305468521519794
20130408,4.539531415368655
20130409,1.5523484317452996
20130410,16.83902418313969
20130411,19.30759612784311
20130412,18.888819111058062
20130413,0.2637663711746384
20130414,0.037796619095913864
20130415,0.4164790009343628
20130416,5.546410700681399
20130417,7.313303293116971
20130418,9.983846421638523
20130419,13.991272796417801
20130420,0.3371799615641314
20130421,0.0
20130422,0.0
20130423,1.340079897897349
20130424,18.18605470250617
20130425,0.8345500880168821
20130426,0.0
20130427,0.0
20130428,8.828052746182237
20130429,1.3170270340829682
20130430,0.08678978627422357
20130501,0.009357953845314921
20130502,0.008251418642054661
20130503,0.07699657693182342
20130504,0.0
20130505,0.07371847688909454
20130506,0.44894455624007384
20130507,0.22133956205133062
20130508,0.42093880188589866
20130509,0.04732634436951806
20130510,10.405628513873259
20130511,0.6591601074549603
20130512,0.3361782677955298
20130513,0.05139920084601132
20130514,0.0004318975676528148
20130515,0.7888938454296811
20130516,0.3981456002398264
20130517,0.08956827414257239
20130518,1.5109680195419244
20130519,0.6267152856786318
20130520,0.10223351101201117
20130521,4.043770018567678
20130522,10.262628640676303
20130523,3.828712490528966
20130524,0.2816187963559817
20130525,0.0
20130526,0.0
20130527,12.556128575997418
20130528,15.821395938538195
20130529,3.21421464396856
20130530,0.3426499188031012
20130531,8.440342366948505
20130601,7.939385219366661
20130602,7.9930985696639345
20130603,0.01027148419818115
20130604,0.0
20130605,0.0
20130606,0.15217827747744903
20130607,0.021764129141251583
20130608,0.002709381527091206
20130609,0.8017040903021398
20130610,21.14798381852225
20130611,1.1035872132152174
20130612,4.091387519623805
20130613,15.938471867549184
20130614,0.000512291412106224
20130615,1.1001412639051282
20130616,6.976160222145363
20130617,0.3352077493676469
20130618,0.3474291533852694
20130619,0.0012301849202386707
20130620,0.001195637703203683
20130621,0.00010066505653714667
20130622,0.26997169217896283
20130623,3.472806618514569
20130624,0.9964835143776208
20130625,5.799143060187956
20130626,24.66021577840342
20130627,11.853256203926714
20130628,7.131402284739283
20130629,6.63051959891094
20130630,8.217328528098683
20130701,6.466048839000907
20130702,4.626645431330811
20130703,4.512785812007711
20130704,1.9232768619031175
20130705,2.9961050223813257
20130706,7.40215589631502
20130707,2.92127979192794
20130708,6.280073425772995
20130709,16.060873176971377
20130710,7.312228903864386
20130711,0.08173317788284856
20130712,0.11991343074861648
20130713,0.12784680082683814
20130714,0.48669483729930096
20130715,0.2941454456736093
20130716,0.4368634367058943
20130717,0.09909188932078049
20130718,0.1368290077985911
20130719,0.33818894650366904
20130720,3.44058786508725
20130721,0.32128651147202475
20130722,9.859279505002165
20130723,6.2665371895306015
20130724,0.060123844052254384
20130725,0.00027728624249755184
20130726,0.2119454070270253
20130727,8.342009585538433
20130728,0.559826829274331
20130729,0.29128415654420176
20130730,0.0021562528238296907
20130731,1.5646885208462888
20130801,3.13874335769395
20130802,2.9661534183244544
20130803,11.583957400111728
20130804,0.00023241189477705347
20130805,0.09460266057177523
20130806,0.5188804829972975
20130807,1.933893508726712
20130808,3.588769940849037
20130809,1.2432325497717749
20130810,0.35086618038313566
20130811,0.0652852961637051
20130812,1.7963856093456876
20130813,1.6365519860606046
20130814,0.0012699975572750437
20130815,1.9990573363483174e-05
20130816,0.13546322249722934
20130817,9.966517047585193e-06
20130818,9.165105632265763e-05
20130819,0.0
20130820,0.014774865888524367
20130821,1.049686780128181
20130822,2.437041979924868
20130823,2.2652683305815278
20130824,1.3258238403065504e-05
20130825,0.0
20130826,0.0
20130827,0.19878079215946776
20130828,2.5744341686016585
20130829,0.04651173153467371
20130830,0.015351358408861428
20130831,3.171542857556212
20130901,13.457007329705522
20130902,1.1179208289279783
20130903,0.0001287530435857118
20130904,0.0
20130905,0.0013414299574738486
20130906,0.0
20130907,0.2555347359601554
20130908,0.595239654649969
20130909,3.2639858482855835
20130910,0.15136540491806474
20130911,0.11717484879099763
20130912,7.362239323931418
20130913,0.6945543093386608
20130914,0.0
20130915,0.7720700268090683
20130916,5.4043640012309675
20130917,0.0009542719193236362
20130918,0.054047180408331376
20130919,5.271349456617651
20130920,6.7185151324752175
20130921,10.363511297191193
20130922,7.570640576396207e-07
20130923,0.012387601832064965
20130924,0.0
20130925,1.0198644925407123e-06
20130926,0.0
20130927,0.0
20130928,0.0
20130929,8.203016399367066
20130930,0.626196080458283
20131001,0.01324006835887432
20131002,0.24564917074079165
20131003,3.167905092393073
20131004,1.8722262098955569
20131005,4.442537713281825
20131006,26.78381122653817
20131007,2.322660897716334
20131008,0.0
20131009,0.0
20131010,0.0
20131011,0.00011753489837070043
20131012,0.0
20131013,0.006212547861107695
20131014,0.0
20131015,0.1448323250631379
20131016,2.248688821855974
20131017,4.210133775839205
20131018,0.03688885257935794
20131019,6.6374548972076655
20131020,0.017437929608309984
20131021,1.2252672637567255
20131022,0.6119580964023541
20131023,2.8145818522733905
20131024,0.5752637419232672
20131025,0.12308780523646322
20131026,0.14238535786396905
20131027,0.021806301061111956
20131028,0.0
20131029,7.445010795581029e-05
20131030,0.006417122602906159
20131031,17.7409108672855
20131101,14.817566871803587
20131102,2.4566554900424014
20131103,0.19655047277656576
20131104,0.0
20131105,0.16242446951892836
20131106,5.443243146707243
20131107,2.130730361561464
20131108,0.546708673584458
20131109,0.05160731761344808
20131110,0.04962534504345821
20131111,2.2732091952269937
20131112,2.716958211240737
20131113,0.000322161406588098
20131114,0.0
20131115,0.0
20131116,0.09604191871089993
20131117,15.74091448724426
20131118,1.1579518717667885
20131119,0.0005545642522886824
20131120,0.0
20131121,6.3475085475906265
20131122,5.709093516863152
20131123,0.0851832434813034
20131124,0.051198020241320884
20131125,0.3627138674243701
20131126,0.754966740942705
20131127,0.18908436263247547
20131128,0.11230574538760531
20131129,0.00069604213447729
20131130,0.0007303931311597572
20131201,0.00149656959039976
20131202,0.054015556530086446
20131203,2.276075761126736
20131204,0.9856971721462395
20131205,1.8170912771351742
20131206,3.1830739009820626
20131207,0.5030450428240864
20131208,1.3658155517073853
20131209,1.2320165049514682
20131210,0.23148892772728769
20131211,1.4542927925129951
20131212,0.033879580924318926
20131213,0.001226088703417589
20131214,14.389942401778738
20131215,1.1538963982840866
20131216,0.5018973846752057
20131217,2.759852741778546
20131218,0.027043882084542187
20131219,0.00037038904931278486
20131220,5.931220525678439
20131221,26.938076808456128
20131222,35.485863042433444
20131223,0.4670783772212419
20131224,0.06022802592253933
20131225,0.48256697027704815
20131226,0.7706975167299815
20131227,0.03480271854281663
20131228,0.0
20131229,0.23133480387867755
20131230,0.25528262096934323
20131231,0.5653230198278694
20140101,2.794859128518358
20140102,9.603898137859943
20140103,0.11659758218441851
20140104,0.0013351494712886393
20140105,18.12985620814368
20140106,7.960452815531276
20140107,0.007293413463563262
20140108,0.11524933296519412
20140109,1.3523458080826034
20140110,1.5716105711431863
20140111,13.690305532718618
20140112,0.13188865201840178
20140113,0.1873238550244936
20140114,0.7058278508345808
20140115,0.6232045734378814
20140116,2.8797721726803522
20140117,1.6538360138868686
20140118,0.6970879159458634
20140119,1.3964982311129406
20140120,0.11084959076399098
20140121,1.5988578984512647
20140122,0.41508884390797307
20140123,0.9096050745840748
20140124,0.036684220700374665
20140125,4.9683402930015825
20140126,3.013360905656138
20140127,1.746178888896566
20140128,0.011271188101110892
20140129,3.0090277115443322e-05
20140130,0.021079804126829277
20140131,1.198380267602517
20140201,15.219502650388845
20140202,7.0349137344569055
20140203,0.005669171254632169
20140204,1.1730963422772376
20140205,18.371892039765854
20140206,0.1430370739074046
20140207,0.0047175839816299015
20140208,0.48131593891633795
20140209,3.5592998143409464
20140210,0.031004273534222027
20140211,0.005379782456618352
20140212,0.012412318857647604
20140213,0.006792655884900918
20140214,0.511208361292836
20140215,0.20363814601864103
20140216,0.826645350830848
20140217,3.3375950089283686
20140218,5.525040699204853
20140219,0.1760990863408038
20140220,10.980110485224273
20140221,4.500291203132188
20140222,0.33365776331421804
20140223,1.7456693320815089
20140224,0.041584258876585053
20140225,0.7256196060486991
20140226,0.36931755438319763
20140227,0.383835541190747
20140228,0.0
20140301,0.12819106187350565
20140302,7.945606674802385
20140303,0.12985371527685563
20140304,0.04421406822588699
20140305,0.9445584355168035
20140306,0.14757710827601497
20140307,0.0
20140308,2.3106216273996063
20140309,0.18249894782004422
20140310,0.7235476808742434
20140311,0.0004310412706510345
20140312,22.671622637970785
20140313,0.2666755069757264
20140314,0.28985727861436084
20140315,0.15764983082529954
20140316,0.0378866567700878
20140317,0.00093643370720905
20140318,0.0005048271724529595
20140319,5.587477894030196
20140320,0.5572724824102071
20140321,0.667591411710178
20140322,1.0134193214781437
20140323,0.028142114416859265
20140324,0.029685304406134597
20140325,0.7936925579329454
20140326,0.0003464318729706924
20140327,1.8790939038253511
20140328,4.170053509085014
20140329,4.789461155313525
20140330,0.04292266350436177
20140331,0.0
20140401,0.9115806624111416
20140402,0.9071410069678124
20140403,21.564198212755283
20140404,8.765098125875639
20140405,0.045728223189542706
20140406,0.0
20140407,8.79100051817962
20140408,8.267773405006785
20140409,0.009136553678106389
20140410,0.5018665564004979
20140411,2.4798474340123957
20140412,0.035378506308746734
20140413,0.08181435136298883
20140414,10.113587458392216
20140415,12.68081739999844
20140416,0.0
20140417,0.0
20140418,0.25994825800388394
20140419,0.0035879119846207856
20140420,0.0
20140421,0.031134004985074994
20140422,1.9525222872510237
20140423,0.0
20140424,0.13294272389267417
20140425,3.5458545785454265
20140426,0.03793759167324744
20140427,0.0926313405029976
20140428,17.52175615953412
20140429,17.923847918929834
20140430,5.237821080367597
20140501,0.7714817025713163
20140502,1.1538649497240279
20140503,1.686556605171904
20140504,0.005433355140049041
20140505,1.2886657045919336
20140506,0.0
20140507,1.5399495708932034
20140508,0.09568663756658624
20140509,0.9641011330719924
20140510,0.2006681025925673
20140511,0.2003588453849216
20140512,7.994126622712268
20140513,3.1781585479649723
20140514,11.010724663063788
20140515,22.02400504354054
20140516,0.362443464977774
20140517,0.9509305992975989
20140518,0.12646415615162013
20140519,4.0048762645688864e-07
20140520,2.0745587986595098
20140521,9.92970561948685
20140522,0.7545936439594274
20140523,0.00044911602653862834
20140524,0.022783572187938753
20140525,0.0
20140526,0.04849771843160199
20140527,2.6726445274277855
20140528,16.938847531464052
20140529,0.06529261687195276
20140530,0.0
20140531,0.0
20140601,0.0
20140602,9.149895789672142
20140603,1.1228650376178657
20140604,15.391670912980102
20140605,0.007976241198841202
20140606,0.0
20140607,0.0
20140608,19.346085922584713
20140609,0.0012912256157367513
20140610,0.7867036173457225
20140611,18.132993020034878
20140612,3.3395788439050795
20140613,0.45424948795171116
20140614,0.0
20140615,0.0005444265864550887
20140616,0.6665135244198884
20140617,0.07553736853627505
20140618,8.989712286788398
20140619,13.406669447495736
20140620,5.869540758311103
20140621,0.21237766236668826
20140622,4.659405610841177
20140623,0.6347360200619544
20140624,20.401696151710752
20140625,6.333613211038067
20140626,0.8785546003011189
20140627,0.026065950730080167
20140628,1.1928299663479556
20140629,3.5642656517035634
20140630,0.09688066069988678
20140701,0.7379209512704634
20140702,0.543637027376569
20140703,0.1701989126618166
20140704,0.0013874267975904574
20140705,0.0
20140706,0.10050029928952071
20140707,4.080844891381798
20140708,18.90094974758236
20140709,0.27344929606134083
20140710,0.0018681092384044335
20140711,0.0027311615140593287
20140712,0.1509274084635783
20140713,4.2777725096409105
20140714,0.8045840530609275
20140715,5.381431843436374
20140716,0.17627522300854379
20140717,0.07303306063893593
20140718,0.004601792131555631
20140719,1.274915150980561
20140720,0.22398813274770873
20140721,0.0068831244419730285
20140722,6.728369169082355e-06
20140723,15.020529119211908
20140724,0.0810964163161425
20140725,0.3256594776441716
20140726,2.925338352859877
20140727,8.095474820965958
20140728,1.8096260243054363
20140729,0.2120892912585379
20140730,3.4859971523219846
20140731,0.05856996987123329
20140801,0.43110860028105297
20140802,1.6815489920300948
20140803,0.38827768886286734
20140804,0.6028183902172863
20140805,1.2529643863584643
20140806,0.5135878632085743
20140807,1.8724432089090922e-06
20140808,0.0012823991337151505
20140809,0.0019915326175403026
20140810,0.04461244876048584
20140811,16.87850526445727
20140812,6.512268762871194
20140813,0.06570270639289123
20140814,0.002666381551871135
20140815,0.0
20140816,0.06974226061560468
20140817,0.6932839486139643
20140818,0.5084492403932211
20140819,0.9392173142148453
20140820,7.772000442832651
20140821,2.265797111796091
20140822,19.58290119368449
20140823,0.8114437286966267
20140824,0.06427900955088536
20140825,0.35793964072947704
20140826,9.823272322700536
20140827,1.1365599866939788
20140828,0.003743835906452599
20140829,0.048446576818692764
20140830,1.6255206799293036
20140831,5.2309894592705755
20140901,1.0692631701680824
20140902,4.7232918612891055
20140903,0.06948801537539545
20140904,5.339835019419137e-07
20140905,3.569536444836984
20140906,5.212472781767164
20140907,0.0
20140908,0.0
20140909,0.0840418448115061
20140910,18.81106471391125
20140911,10.940402983831403
20140912,0.29779509147369926
20140913,3.242233506993232
20140914,0.0022777429373052223
20140915,4.994853605441393
20140916,1.1795459566650182
20140917,0.0009417870618973353
20140918,0.013592186243550061
20140919,8.893946107595406e-07
20140920,0.4102755139982516
20140921,11.00309205390858
20140922,0.044794282258147994
20140923,2.2292926464681732e-05
20140924,0.0
20140925,0.0
20140926,0.016836834919530128
20140927,0.0
20140928,0.0005898697829429042
20140929,0.000299769793799053
20140930,1.9942590436613739
20141001,0.059108865266110394
20141002,0.46762225795518
20141003,22.406350591446987
20141004,6.728955660706041
20141005,0.6402001031683281
20141006,6.475955710143596
20141007,5.916508673772658
20141008,0.34973233675483983
20141009,0.011125990578031812
20141010,0.0002248649930616712
20141011,3.456362406448362e-05
20141012,0.0
20141013,11.184952871456353
20141014,12.822029291512678
20141015,1.2112453254051154
20141016,1.0888124947612818
20141017,0.21454554942858634
20141018,1.4624478237640506
20141019,0.008686939633835199
20141020,4.9516104044675835
20141021,0.3484963844454769
20141022,0.002061661553369593
20141023,0.0079769812667126
20141024,0.003222711676314812
20141025,0.07559336418683861
20141026,0.0
20141027,0.0012903077008772734
20141028,7.115047521394974
20141029,0.02359549788540782
20141030,0.001122116707506911
20141031,4.383841140314546
20141101,3.247413949120992
20141102,3.5777908067253084e-07
20141103,0.0
20141104,4.84910427460489
20141105,0.4923205987119725
20141106,6.823465527806945
20141107,1.0527362902772999
20141108,0.4823893367204903
20141109,0.008702421705108444
20141110,0.00021018999306414952
20141111,2.142101225752561
20141112,0.5245610806532415
20141113,0.7372901247848727
20141114,0.1326646143260332
20141115,0.0037090758145045936
20141116,0.8585169848849937
20141117,5.960262573294089
20141118,0.2045613329866524
20141119,0.31746693447608176
20141120,0.21512865232631143
20141121,0.03814235140134726
20141122,3.1029735638600955
20141123,5.56981638140203
20141124,25.511866523328123
20141125,0.022839073438530765
20141126,0.021358014516104806
20141127,0.5608512119632653
20141128,0.6548646651910947
20141129,1.1215333563116585
20141130,0.9723998688885115
20141201,0.6273963528934636
20141202,0.07494444775578019
20141203,0.10249447092928905
20141204,0.038441979528792254
20141205,1.5624194676190704
20141206,7.415345730274714
20141207,0.0011037102159484648
20141208,0.5029692163007928
20141209,2.686923394915614
20141210,0.12695713792321034
20141211,1.0027528416470327e-05
20141212,4.545928209704281e-05
20141213,0.26404370903812474
20141214,0.4461284180640651
20141215,0.19236121014395519
20141216,8.834651112629214
20141217,0.5389347903706441
20141218,0.07969527125603208
20141219,0.0942124058500055
20141220,0.19941968608983154
20141221,0.01588305238138199
20141222,0.224059582672835
20141223,2.812004995508043
20141224,16.11296055218997
20141225,1.8667718387310284
20141226,0.0
20141227,1.446520211647364
20141228,2.0020028718051313
20141229,0.00017885033430206898
20141230,0.015246704471246991
20141231,0.0028951295746030593
20150101,2.4106829734015818e-05
20150102,0.0007415774981154275
20150103,20.364601284245662
20150104,5.537920034820745
20150105,0.3068492234582573
20150106,3.9304029383745256
20150107,0.4910719625311376
20150108,0.544639882517344
20150109,2.385979573509311
20150110,0.015071235014602724
20150111,0.6508738305429896
20150112,9.544332692394939
20150113,0.037116435515522586
20150114,0.0719049829783748
20150115,0.004652175178947406
20150116,0.02709132827919036
20150117,1.0769039367675272e-05
20150118,2.4711900465113854
20150119,0.07159127134205083
20150120,1.4366374445336008
20150121,3.284468727025126
20150122,0.3515161838765156
20150123,0.021988705458948224
20150124,0.01867326541618862
20150125,4.3351326963693175
20150126,2.4897260895478928
20150127,0.0012431259322205938
20150128,0.0
20150129,3.651283133858087
20150130,0.4009870529057032
20150131,0.00042869199905233135
20150201,19.174180181353528
20150202,6.763438853252755
20150203,0.012484982748203095
20150204,4.106045336980055
20150205,0.7800805881872606
20150206,0.033508790924152876
20150207,0.1265362790371964
20150208,0.5206607838437862
20150209,0.9542079246471318
20150210,0.08868887687581503
20150211,1.0912239603326144
20150212,0.7219641791607265
20150213,0.03345815796393778
20150214,2.2759783048526683
20150215,0.011169399934584575
20150216,0.06498291061973821
20150217,0.2618989495728223
20150218,0.9725842420150792
20150219,0.38913338826584803
20150220,0.10540612056206437
20150221,7.290784899962646
20150222,0.2369810493826503
20150223,0.006779957235337947
20150224,0.013462410124736406
20150225,0.08426782736280723
20150226,1.6113152391184067
20150227,0.07151329311291443
20150228,0.0026793336221042495
20150301,9.895751395831002
20150302,0.07259966242438261
20150303,5.934509494448762
20150304,0.8812719396929827
20150305,0.23199571225813048
20150306,0.0022409249858930808
20150307,0.37141991720576223
20150308,0.005296460158289559
20150309,0.6877799477018746
20150310,2.2117542245285002
20150311,0.24391364607315033
20150312,0.0
20150313,1.9039613671439448
20150314,4.366538871386184
20150315,5.489081736908301e-05
20150316,0.015658625700698706
20150317,0.0031899808465298
20150318,0.0
20150319,0.0
20150320,1.0894842361495192
20150321,0.0073262751344725895
20150322,0.00862209240182645
20150323,3.949336112136966
20150324,0.06212774397239739
20150325,6.12656619735916
20150326,11.704696572755841
20150327,0.02076544529075685
20150328,0.0035222534279067243
20150329,0.9580450306825593
20150330,1.102929686381745
20150331,3.0022114077165614
20150401,0.0
20150402,6.66868358030942
20150403,4.373654065948895
20150404,0.648420699618705
20150405,0.0020046451430057923
20150406,1.2473121886056637
20150407,9.699217117676477
20150408,0.9950350788582643
20150409,15.821548856058783
20150410,8.541376852056615
20150411,0.33998664919996535
20150412,0.0
20150413,5.502735257309159
20150414,0.00012090884086912006
20150415,0.0
20150416,2.9569177413279375
20150417,0.35076064767266213
20150418,0.009784504474663508
20150419,8.904548380151041
20150420,17.04734069864015
20150421,0.3299354330689031
20150422,1.3041103199338027
20150423,0.023171822766198058
20150424,0.0
20150425,7.999451748587021
20150426,0.9303248846653253
20150427,0.17248773237652726
20150428,0.0
20150429,0.05524256216243728
20150430,1.8145262084258256
20150501,0.07022536127364658
20150502,0.004406650765066536
20150503,0.034185917968111115
20150504,3.110914272211599
20150505,4.585994854644349
20150506,0.29800760652514563
20150507,0.0038095269217287373
20150508,0.041652253642781537
20150509,3.757752232663137
20150510,4.763074974671623
20150511,5.163958807827076
20150512,0.086844334231264
20150513,0.00647191258673691
20150514,0.0
20150515,4.274460872119536
20150516,5.460274859855814
20150517,1.0750715257564003
20150518,1.9706987128473432
20150519,0.0006605565064365239
20150520,0.01819566197707328
20150521,2.479565388710809
20150522,0.019928632711370804
20150523,0.00036485103877633487
20150524,0.03512464533950329
20150525,1.919217842044766
20150526,9.72847631517725
20150527,10.194770516297762
20150528,1.0035893446920878
20150529,0.48049945060154686
20150530,8.500384366284957
20150531,31.024183129112824
20150601,0.028862620241395257
20150602,0.0009245762150343626
20150603,0.053160451911440795
20150604,0.33988136041518774
20150605,1.2377950775203774
20150606,0.1449560224263584
20150607,0.41956402487943273
20150608,15.918290481857822
20150609,0.5757095700403909
20150610,1.24948717399855
20150611,1.9321907723483207
20150612,2.1692974716279574
20150613,14.901892269048085
20150614,14.838841138247862
20150615,16.899801622310896
20150616,22.04645018323036
20150617,5.956416006690345
20150618,7.488736823065565
20150619,3.4448162401151388
20150620,3.350725777631755
20150621,2.0796272565885903
20150622,2.894785663928053
20150623,8.041883331518667
20150624,0.024979821543787507
20150625,8.270108051624058
20150626,7.9019078512510275
20150627,73.59825519375956
20150628,0.7150559164893343
20150629,5.198900378806104
20150630,2.6940184115100454
20150701,0.13946521954235455
20150702,0.21980386308918043
20150703,0.3759046136895714
20150704,0.012569602680905893
20150705,0.0
20150706,0.0008951339303389083
20150707,9.695157427363226
20150708,1.2170624869590332
20150709,24.406911864265826
20150710,0.7077381117823275
20150711,0.004172228131227994
20150712,9.54291955334774
20150713,4.155364246368446
20150714,9.416890289833184
20150715,0.02204420504494201
20150716,0.5780695282653006
20150717,9.268304089841596
20150718,1.7617401832285915
20150719,6.787920777868609
20150720,0.28037188390378054
20150721,1.0285308289905466
20150722,0.0007539607097966669
20150723,0.007910549057551222
20150724,0.010991730955526633
20150725,0.1962900464611484
20150726,0.7565457739143268
20150727,0.5923057977762017
20150728,0.002876771079163615
20150729,6.271673878556138
20150730,0.2972476706089196
20150731,0.007329989478259279
20150801,0.00016854465382377246
20150802,0.38508356887153006
20150803,15.728814371198665
20150804,0.0017150953189683082
20150805,0.00969440208933655
20150806,0.05872851459545261
20150807,0.0014928750479411932
20150808,0.12540030091222926
20150809,0.8510478427396333
20150810,4.832156575962981
20150811,0.3983697270241952
20150812,0.06703495693754197
20150813,0.03676907426305357
20150814,0.05490966286587702
20150815,7.570933289637916
20150816,0.17281383924689325
20150817,2.5650158157956797
20150818,1.0382802437323515
20150819,9.00581626011055
20150820,11.935064183092736
20150821,5.178633267722618e-05
20150822,0.0
20150823,1.7263774579436664
20150824,1.2353570463189123
20150825,0.3826511098026885
20150826,0.11710073614430695
20150827,0.10164513008043205
20150828,0.03967171701269475
20150829,2.1999320321845817
20150830,4.980278941638535
20150831,0.5880499252873297
20150901,0.3525120418693611
20150902,0.19912466638186266
20150903,0.3466222530615273
20150904,2.13946395173957
20150905,1.1406880317867425
20150906,0.09913054518834463
20150907,0.02328805136395139
20150908,0.21366498263943356
20150909,5.292350325811734
20150910,0.14924308877747205
20150911,5.542380613496854
20150912,0.5157855419507851
20150913,0.10921997630300191
20150914,0.0
20150915,0.0
20150916,0.0
20150917,0.0
20150918,2.0829422406507176
20150919,3.0623232082722356
20150920,2.3767243328170877e-05
20150921,0.0
20150922,0.0022536929381960086
20150923,7.808621980246351e-05
20150924,0.0
20150925,0.0
20150926,0.05688175909824893
20150927,0.017947379886186166
20150928,0.5574912195205496
20150929,2.744807495529081
20150930,0.3348074584444615
20151001,0.00019187048076718444
20151002,0.0007612586553560595
20151003,2.484633242533147
20151004,1.7898034283981907
20151005,9.386780674920745e-05
20151006,0.024891996163248487
20151007,0.011319795885766244
20151008,0.13843208330753248
20151009,1.8352273546862676
20151010,0.03245723346055828
20151011,0.0
20151012,0.11068981181534873
20151013,0.18146007283701457
20151014,0.13938013927599865
20151015,0.22605891705898123
20151016,0.3569407472641528
20151017,0.35491861779308587
20151018,3.257191439140749e-05
20151019,0.0
20151020,0.0
20151021,0.25481568796830556
20151022,0.5370013704062278
20151023,0.0003749505472443945
20151024,6.634867219926857
20151025,0.796624190078834
20151026,0.0
20151027,0.5730986579011486
20151028,32.012155864081
20151029,0.8854572272341941
20151030,0.013548933854194782
20151031,0.5401805002591804
20151101,3.6928494039780895
20151102,0.0
20151103,0.0
20151104,0.018148385380025413
20151105,0.7735813941114753
20151106,8.40058820109103
20151107,0.021625865358591085
20151108,0.0
20151109,0.06802295124442219
20151110,7.60852052274871
20151111,0.0
20151112,4.5741303116554635
20151113,0.12887783811930928
20151114,1.4789578664085902e-05
20151115,0.0
20151116,0.0
20151117,0.575520566074318
20151118,14.439371805719963
20151119,3.627459183254357
20151120,0.0
20151121,8.367708680612937
20151122,1.5195292662389879
20151123,0.09429240315945663
20151124,0.004445494535664444
20151125,0.0
20151126,1.94026557213955
20151127,11.901630867943863
20151128,12.329683831510678
20151129,0.01167670717597443
20151130,0.0011972678315704864
20151201,2.725188211744593
20151202,1.0812910283991677
20151203,0.26733234350977847
20151204,0.03278973721750674
20151205,0.01569774954509805
20151206,0.0
20151207,0.3529389345151448
20151208,0.07676482146100216
20151209,0.12133571695738941
20151210,0.003937403942405065
20151211,0.014997544836599876
20151212,2.896374504838218
20151213,0.6111956917916344
20151214,5.3535440065125295
20151215,0.43766296540172384
20151216,0.7676550363501395
20151217,0.40049353247609293
20151218,0.09722317885665747
20151219,0.11422370327699007
20151220,0.0
20151221,9.067617411227406
20151222,4.5307210405018505
20151223,4.742031326979536
20151224,8.226982670799087
20151225,1.1147607407703333
20151226,10.222681891580654
20151227,27.994420398458193
20151228,22.330194597591642
20151229,7.592368502951102
20151230,0.010047346556832168
20151231,0.1465188635974609
20160101,0.061567491675771524
20160102,0.010769804403079397
20160103,0.11469840332694259
20160104,0.42554720880466074
20160105,0.0
20160106,0.0
20160107,0.00017640384924054594
20160108,6.170163089511222
20160109,3.796066643282432
20160110,14.190411128320967
20160111,0.0841385888958412
20160112,3.315688790385882
20160113,0.7434461155767911
20160114,0.5529712587378103
20160115,4.3942586257494956
20160116,1.4553050662308127
20160117,0.37335558319854295
20160118,0.08040488070246227
20160119,0.01258058143783898
20160120,1.5412698896702421
20160121,0.0051374717970491274
20160122,0.055626391015911575
20160123,0.052080746228680336
20160124,0.0
20160125,0.1524838225638389
20160126,1.301157528973585
20160127,0.05801046131006494
20160128,0.3997499130744919
20160129,0.15792040307021968
20160130,0.004490827981291927
20160131,1.427059838213225
20160201,1.1106404480153613
20160202,2.2602678870695185
20160203,18.645804268925016
20160204,0.523521993307869
20160205,0.04078559903699003
20160206,0.020053051587305484
20160207,1.86783360326945e-05
20160208,0.8174149103001369
20160209,1.3096492330807028
20160210,0.9815458818871041
20160211,0.21474874342378017
20160212,0.4131738571599957
20160213,0.2704530983076093
20160214,0.5987860051038709
20160215,1.9369307082916678
20160216,0.41780987506409545
20160217,0.5903884537533187
20160218,0.0004274760056393154
20160219,0.0
20160220,0.00012764486253592436
20160221,0.0336000935457892
20160222,0.012359355582812974
20160223,0.0
20160224,28.5339442873501
20160225,9.72788943979753
20160226,0.16825779923644557
20160227,0.009792092774792436
20160228,0.0010695558398455974
20160229,4.626512534399467
20160301,9.87543886090699
20160302,1.523716982033187
20160303,2.8401682177693766
20160304,2.800832339291281
20160305,2.4932421698163365
20160306,0.044779406701327185
20160307,0.9934555498950904
20160308,0.1668838523610026
20160309,0.6361338604998819
20160310,19.595762070019422
20160311,3.0150332183140223
20160312,0.12572819518535105
20160313,21.875714596716882
20160314,7.55577915151105
20160315,1.0782798124458168
20160316,8.396213167046982
20160317,0.32716790832504755
20160318,0.09714925274359593
20160319,0.03521584104499687
20160320,0.0003040426888744541
20160321,0.0038713537100966994
20160322,0.0
20160323,0.8691848452901381
20160324,19.583475942582293
20160325,0.43105153467128626
20160326,0.0
20160327,0.5815737629081735
20160328,12.335207840804154
20160329,0.00014875537785447252
20160330,0.23141759962359593
20160331,15.448206418098483
20160401,4.149520292736727
20160402,2.7127205154855276
20160403,0.04720091621103679
20160404,1.5304210216000633
20160405,0.07176129157493262
20160406,4.341897677763415
20160407,13.861040785221153
20160408,3.9906686535131013
20160409,3.8647508909380552
20160410,3.591948941409652
20160411,10.04947555183622
20160412,0.0013611875740675138
20160413,0.22215080731313588
20160414,0.0
20160415,0.0
20160416,0.0
20160417,0.0
20160418,0.0
20160419,0.0
20160420,0.0
20160421,7.282520922567794
20160422,5.8506478696649244
20160423,0.03140403874333884
20160424,5.7066187309674416e-05
20160425,0.07410475613828116
20160426,7.695384635851878
20160427,0.03369241161410676
20160428,6.18191550638463
20160429,0.341740437933071
20160430,8.232049513913237
20160501,10.17646396939683
20160502,7.579024669026251
20160503,0.8574067355901323
20160504,5.239111712181903
20160505,1.8513046356523353
20160506,0.00012594249270843884
20160507,0.680378608730405
20160508,0.24608718349606792
20160509,3.678034335800094
20160510,15.682797641894568
20160511,6.077459720802438
20160512,4.234556796870205
20160513,5.227873313170389
20160514,5.598531867797414
20160515,0.6084653413811255
20160516,0.07693669120333635
20160517,4.089462820209313
20160518,3.363925779654602
20160519,0.0
20160520,0.17432618920408857
20160521,4.853996726499272
20160522,0.02764754727451899
20160523,0.0
20160524,0.0
20160525,0.18353219653401334
20160526,4.033398527474008
20160527,1.3085756853475736
20160528,2.1562356309425614
20160529,2.6921180947183285
20160530,0.2761310459560731
20160531,0.1485953446594499
20160601,0.48968005983966745
20160602,0.1732055237607618
20160603,0.0
20160604,12.152156747748483
20160605,10.846310874274815
20160606,0.3913246650328684
20160607,0.3077547907550828
20160608,0.015782918917448593
20160609,0.0016913856836598016
20160610,4.644228252903798
20160611,0.5144688951050782
20160612,0.7607543891236777
20160613,3.147240655943906e-05
20160614,5.223452921844412
20160615,3.4807066186041045
20160616,0.9766662821568922
20160617,0.10886858933140159
20160618,0.0
20160619,0.0
20160620,2.100805129023648
20160621,1.0843065688700793
20160622,3.603167169536013
20160623,31.72680536107517
20160624,0.12340029409883575
20160625,0.0
20160626,4.674442645341572
20160627,6.480431124456242
20160628,0.11596042285331057
20160629,0.0008050685659764088
20160630,0.0
20160701,1.856333117165296
20160702,8.202324278411957e-06
20160703,0.6755247510840323
20160704,0.40989754217505775
20160705,0.33494801496783755
20160706,1.983962150966163
20160707,1.061139851259177
20160708,12.226316318229445
20160709,0.6730491708137899
20160710,0.049362149979038886
20160711,0.0010643009245959885
20160712,0.4005045815737873
20160713,3.4649337636301447
20160714,5.457699521477573
20160715,0.13874539463146915
20160716,0.2944975115325202
20160717,0.003084498962957965
20160718,10.501371486166816
20160719,0.004312980519944572
20160720,0.003117852304254929
20160721,0.11396757259745206
20160722,2.461815181110369
20160723,0.0037953104185680354
20160724,1.0564858688923293
20160725,1.973209613416923
20160726,0.00601335775834985
20160727,0.006439432968502313
20160728,0.21083118760770558
20160729,5.851648419236767
20160730,15.14683717229359
20160731,6.0309952193925715
20160801,0.23984640855777647
20160802,0.2927927985762564
20160803,0.0033801688791944987
20160804,0.15295907877311876
20160805,3.348692848758614
20160806,0.08330667565460574
20160807,0.013894409622946805
20160808,0.3041496953252589
20160809,0.7594173194939464
20160810,4.3642228864363375
20160811,5.12204690012642
20160812,2.7672325346810376
20160813,19.742246178246027
20160814,2.0782299673027373
20160815,12.513115896991314
20160816,26.95601754358664
20160817,1.9981075418576628
20160818,2.427500803070154
20160819,1.438009334803424
20160820,8.064335057705918
20160821,1.2148410499088835
20160822,0.0012727706993316767
20160823,0.0
20160824,3.880564395421662
20160825,8.934029380504924
20160826,0.05927239812254687
20160827,4.675475716565454
20160828,2.033155952823932
20160829,0.1922270300964463
20160830,0.010904321656643703
20160831,5.12059987877759
20160901,0.1474943017281521
20160902,0.006601272207617321
20160903,0.0
20160904,0.0
20160905,0.000984543224258851
20160906,0.4860920268149422
20160907,1.5000837355955208
20160908,6.654614259900658
20160909,0.38284713093619555
20160910,16.242699107936726
20160911,0.04654262616807766
20160912,0.0
20160913,4.1077274285575e-06
20160914,3.6274854474676905
20160915,3.387491819933969e-05
20160916,0.16321000891885895
20160917,20.275658602044903
20160918,0.2571097921731878
20160919,0.0
20160920,2.9524552547275126e-06
20160921,0.0
20160922,0.0007340587112377652
20160923,0.19071880544160988
20160924,0.04730684071392125
20160925,7.913197229504344e-05
20160926,17.441913906260186
20160927,0.0
20160928,7.5377350504674565
20160929,15.573623983123076
20160930,9.096184438503158
20161001,7.865789104850424
20161002,0.19560760194317525
20161003,0.17708492978746068
20161004,0.0033498572878528925
20161005,0.02660885614390021
20161006,0.4766052026657807
20161007,0.02724274385975723
20161008,0.15813771972065996
20161009,0.0
20161010,0.0
20161011,0.2944963314200644
20161012,0.49446676802831013
20161013,3.0408349107599357
20161014,0.0
20161015,0.014016400608989319
20161016,5.486831693425243
20161017,2.191637627594816
20161018,1.2168967128995782
20161019,0.8148414468538469
20161020,26.77407139041541
20161021,7.451732308876895
20161022,0.002197622913252698
20161023,3.74048169312036e-05
20161024,0.0027985317509818864
20161025,0.0
20161026,2.924894185712137
20161027,4.6266138911409564
20161028,0.03079713511826942
20161029,0.012261233465551906
20161030,7.4930561326745995
20161031,0.01074749113062212
20161101,0.0005883274420832321
20161102,0.3530064849898415
20161103,9.097174841725627
20161104,0.004208735868787893
20161105,0.0
20161106,1.0236009067610454e-05
20161107,5.838405447389679e-05
20161108,3.458870567836954
20161109,0.13878602020844122
20161110,0.0
20161111,3.319595919748815e-06
20161112,0.0
20161113,0.0
20161114,0.0
20161115,0.0141232450302303
20161116,0.011627374321386406
20161117,0.004701090914571497
20161118,0.0002885576044479019
20161119,5.294373342421193
20161120,0.6217647509164766
20161121,0.0038781979898584815
20161122,0.0
20161123,8.347600831113049
20161124,6.3892046003367895
20161125,0.42531932186105115
20161126,0.3415386425848276
20161127,3.7579724807801316e-05
20161128,6.405914245350347
20161129,12.574376517800365
20161130,0.4052319793303654
20161201,0.18007092620762916
20161202,0.390110738701025
20161203,0.02111903191599427
20161204,5.381516653258441
20161205,3.939645912679622
20161206,7.457390673057402
20161207,0.006150456003807116
20161208,0.16714229633988953
20161209,0.38136638022583
20161210,0.08916157374331811
20161211,9.219911484618148
20161212,7.245446148295618
20161213,0.6098128739200883
20161214,0.12630458558716323
20161215,0.12244700834889907
20161216,0.21086332645725
20161217,6.652075115125984
20161218,4.356780347019325
20161219,0.029800434032323863
20161220,0.0
20161221,7.409613216909015e-06
20161222,0.035454624089477964
20161223,0.17640065335789185
20161224,2.693244192854349
20161225,0.39557685204652726
20161226,9.47792223146461
20161227,3.728208639047192
20161228,0.018615415512610718
20161229,2.2482046475452386
20161230,1.1321378275298857
20161231,0.3767892579826561
20170101,0.007423734970007961
20170102,1.8238264080438373
20170103,15.808195229702097
20170104,3.1184709997205173
20170105,0.8557533041302693
20170106,0.09154889371627742
20170107,0.055426121608036574
20170108,0.20434668668535622
20170109,0.11387848066165179
20170110,7.7042588581346685
20170111,4.776391169014441
20170112,25.249201889749095
20170113,0.002643624918438183
20170114,0.850904523058637
20170115,0.00736020557270346
20170116,1.7400733745906176
20170117,10.408645347444555
20170118,0.6018964683002371
20170119,0.02789734329492239
20170120,14.555498942457087
20170121,0.1794974867442671
20170122,0.16801955884794842
20170123,6.131373271874336
20170124,3.0704335924193615
20170125,1.8225090363980871
20170126,0.9851931022873152
20170127,1.0409865602483999
20170128,0.27253026073772324
20170129,0.8461067505907705
20170130,0.30762650435635447
20170131,5.09619117308625
20170201,0.3780218585351067
20170202,0.20644313419440385
20170203,0.06449507752432995
20170204,0.002282373482989551
20170205,0.19888168304724452
20170206,0.016166534076316075
20170207,22.539021662431857
20170208,3.837876487450048
20170209,1.477466371887971
20170210,0.5301184345906794
20170211,0.00010213625032808403
20170212,5.768392710465104
20170213,0.0001073517171461072
20170214,0.0
20170215,0.27923223300699285
20170216,0.043508300453955075
20170217,0.16505256738267515
20170218,0.0
20170219,0.0
20170220,0.0006019957838948563
20170221,0.33592398593813766
20170222,0.1720007616567086
20170223,0.349279777627335
20170224,4.53106370498603
20170225,8.520622683480207
20170226,0.0516548200823272
20170227,0.05691664049108407
20170228,2.1157700853283328
20170301,16.966893876676583
20170302,1.3616755635414919
20170303,0.2337796384333774
20170304,0.09082707648990605
20170305,0.0
20170306,2.807719931938795
20170307,6.325031212934085
20170308,0.0009026590798917767
20170309,0.05178059755587082
20170310,0.8506284805670926
20170311,0.0008331706500745613
20170312,0.000321033659830168
20170313,3.9313438061955344
20170314,1.0074529696915677
20170315,0.09408552683987978
20170316,0.004012098406476738
20170317,8.857879476537198
20170318,1.9149263043716425
20170319,0.05967787146023227
20170320,7.701320185682567
20170321,0.18202408087991276
20170322,6.762736662385154e-05
20170323,0.0
20170324,2.4516858383097775
20170325,4.44646258976122
20170326,12.799126974559712
20170327,2.250914633209079
20170328,3.0198266954908406
20170329,0.16774369832549121
20170330,17.777654307476418
20170331,9.15886669887688
20170401,0.24552020012740833
20170402,0.0
20170403,6.880894529951828
20170404,6.294943719407591
20170405,10.936408139118045
20170406,17.676341012805036
20170407,3.9859635237743243
20170408,0.0
20170409,0.0
20170410,2.1468351542969293
20170411,1.7994828413585755
20170412,0.0001769116401287009
20170413,1.7097633785363147
20170414,1.0389580259640356
20170415,1.0476559867247206
20170416,1.8677672081441759
20170417,0.13174010627130442
20170418,0.0
20170419,11.259092186749278
20170420,16.873457384365373
20170421,3.473837531278796
20170422,0.0014853026223530586
20170423,0.0
20170424,0.001460876755864506
20170425,0.1536291065700637
20170426,0.5331794084928488
20170427,2.046325502618718
20170428,0.8220950798029248
20170429,19.115444284402848
20170430,7.8711623724937745
20170501,13.872578275600244
20170502,2.27028292786237
20170503,0.004617432758798652
20170504,29.769386331488157
20170505,29.869900621491112
20170506,0.5741487137636356
20170507,0.044234168799172156
20170508,0.0
20170509,0.7336437545337162
20170510,0.015617324759303755
20170511,7.71093011759036
20170512,0.000950092098096208
20170513,0.11219957028244344
20170514,0.15828108722048048
20170515,0.0
20170516,0.09093486354706243
20170517,2.2591387534515657e-07
20170518,0.38989558979459005
20170519,4.210950164823504
20170520,6.469473934483941
20170521,18.713310034632194
20170522,0.009896995814428345
20170523,0.15410830156100053
20170524,10.342725531648357
20170525,15.328647549516408
20170526,0.21562961162594727
20170527,13.842817908102393
20170528,9.005455676664116
20170529,0.9078845851793531
20170530,0.857766275966309
20170531,0.6910464152152881
20170601,5.3335008162514e-06
20170602,0.00019217627816343167
20170603,0.0012699324872831126
20170604,3.216741292760119
20170605,11.484226320793425
20170606,0.4778455636542634
20170607,0.18248855995476637
20170608,0.046529636782847314
20170609,0.770165063146551
20170610,0.01731987791006955
20170611,0.0
20170612,2.5547418182479528e-05
20170613,1.3592669760226141
20170614,3.808698725720276
20170615,4.803466009171207
20170616,1.3239711666197889
20170617,0.5766178286517476
20170618,4.480712569769634
20170619,4.611840600377327
20170620,0.23483774168637184
20170621,0.5166211404666808
20170622,4.531842506374444
20170623,16.697718572264836
20170624,0.5422016207922261
20170625,0.028137009900522498
20170626,1.5440286173870161
20170627,0.18827803467348625
20170628,0.017430164445988588
20170629,1.3221451643970938
20170630,23.026597944822342
20170701,6.963078217036021
20170702,0.0031936733486418985
20170703,5.514964064441548
20170704,1.2126938028598901
20170705,1.7740893509845877e-07
20170706,0.2555303633560027
20170707,19.139566621046818
20170708,0.08053238944804265
20170709,0.0
20170710,19.187426883115226
20170711,9.398194953391636
20170712,11.186555503395585
20170713,28.448415078163542
20170714,0.8905855158577505
20170715,0.03618408802345601
20170716,0.8843959272383018
20170717,0.29673262329655786
20170718,0.486091261822027
20170719,0.4406055780594183
20170720,2.544182322030799
20170721,0.7612425209117726
20170722,33.287059568432525
20170723,1.2490401825820108
20170724,0.9976731170658562
20170725,0.0
20170726,0.0017476567735603197
20170727,3.8920086935847142
20170728,1.0361878135056346
20170729,0.002244881865558748
20170730,0.0
20170731,0.00018217215448027577
20170801,0.3913792875250246
20170802,1.9736303970866143
20170803,4.738131378632385
20170804,3.5507857560075897
20170805,0.5132197289626634
20170806,0.6078557055481684
20170807,0.06009934932848459
20170808,0.011331483049250997
20170809,0.0002776873012070051
20170810,4.8167416795729814e-05
20170811,2.458912915774595
20170812,0.5261086825130307
20170813,0.4830022227856724
20170814,0.4070696836341926
20170815,0.3356110142152587
20170816,0.24112828637328126
20170817,8.997533723467376
20170818,0.11500028531093164
20170819,0.21912634044664978
20170820,0.055999846410787396
20170821,3.4323273534383367
20170822,21.13156604825629
20170823,0.07880214897629952
20170824,0.10500930838165527
20170825,0.024716702268728793
20170826,0.00013330891862473835
20170827,0.014458948936800052
20170828,6.2560779947261524
20170829,8.15163183441017
20170830,0.33800732661170574
20170831,0.21055373989919793
20170901,0.0
20170902,1.0960588928484563
20170903,1.0633485649907508
20170904,2.463361542845104
20170905,7.7906221955458514
20170906,2.3439421794480815
20170907,1.613984533989672
20170908,0.6861973508808286
20170909,0.004405900482617541
20170910,0.0
20170911,0.0
20170912,0.1306143660889577
20170913,3.003390510724854
20170914,1.120673181602285
20170915,0.060616699119204455
20170916,0.0013593429404124091
20170917,0.07297254370391026
20170918,2.8537110661177603
20170919,13.854022740116585
20170920,1.3490304817532615
20170921,1.9457203454336836
20170922,0.6771608844766281
20170923,7.185061871472631e-06
20170924,0.0
20170925,0.009142138574873521
20170926,9.715507695397523e-05
20170927,0.04869018980605504
20170928,0.0
20170929,0.21028808242697594
20170930,0.0006357563137677776
20171001,0.0
20171002,0.0
20171003,3.185198794140726e-05
20171004,5.15294542112136
20171005,1.9542926145105233
20171006,7.033493513914961
20171007,1.2405438020805648
20171008,8.42077236621933
20171009,3.6911574628255326
20171010,0.3087336419549894
20171011,17.199106601709317
20171012,0.2790649467501278
20171013,0.3006391759214793
20171014,0.5584749910647329
20171015,6.257087875964622
20171016,0.6152010661166386
20171017,4.2119549621939235e-06
20171018,0.0
20171019,0.0
20171020,0.0
20171021,0.0
20171022,0.0017325624948994081
20171023,12.829391145983543
20171024,10.051794373322913
20171025,2.925565842723072
20171026,9.266300916837505e-06
20171027,3.8141436997965616
20171028,8.53158412609658
20171029,0.30844207650983935
20171030,1.949591406389291
20171031,0.017305701318943854
20171101,0.5505178074585935
20171102,8.567973224670574
20171103,15.576282455289574
20171104,5.094788547109829
20171105,26.339387176424687
20171106,4.017611750541215
20171107,0.07536056271242703
20171108,0.005365444517880143
20171109,0.002633350369392752
20171110,0.0023358282778169837
20171111,0.0006158267122469059
20171112,2.9329189792984223
20171113,2.7609798111022
20171114,0.03140157785617764
20171115,8.068562922163034
20171116,0.6533186116700077
20171117,0.035170944115419815
20171118,35.739192113582156
20171119,3.178914300429036
20171120,0.0
20171121,0.8734641964512134
20171122,1.0191805049307368
20171123,0.002382773986782754
20171124,0.0
20171125,0.022202060116928532
20171126,8.423909924436175e-07
20171127,0.0
20171128,0.0
20171129,0.004119450903021373
20171130,3.243054385700795
20171201,0.0
20171202,0.058216838850430185
20171203,0.0
20171204,0.7062285875013858
20171205,4.080399422486761
20171206,0.010187170746743503
20171207,0.2809351454516146
20171208,0.001612198831019676
20171209,1.5530935096121103
20171210,0.2004086451378554
20171211,0.6302200433983323
20171212,1.3683065508393202
20171213,1.7889059238499154
20171214,3.2630569608895286
20171215,0.41583548683588745
20171216,0.15741642601973674
20171217,0.17590143940282088
20171218,0.4305117632566289
20171219,0.09856915500866073
20171220,0.0
20171221,0.0013497473783576257
20171222,1.2481770317414522
20171223,8.226760855802533
20171224,4.244387171412217
20171225,2.4393613750939505
20171226,0.1145050670725089
20171227,0.08760893993115121
20171228,0.1612586814974548
20171229,1.4462406700761448
20171230,2.3132215526943223
20171231,0.2133592811810188
20180101,0.13861182188302815
20180102,0.01888138617118683
20180103,0.4520048245864275
20180104,0.3293318881753422
20180105,0.2311112767817848
20180106,0.13543341065678327
20180107,0.053230634025862845
20180108,6.969553164141046
20180109,0.003613790148637444
20180110,1.542685863722182
20180111,1.2271414918526298
20180112,19.661630392271896
20180113,0.27743611888414155
20180114,0.0195571971704093
20180115,4.17084531283153
20180116,0.22779100574747213
20180117,0.03635130559587482
20180118,0.0003355022884145611
20180119,0.0
20180120,0.0
20180121,1.2055729135276134
20180122,9.026258830994774
20180123,3.817612759610464
20180124,0.6940179455415902
20180125,0.02745149606723125
20180126,0.0
20180127,2.346815408730144
20180128,0.014606820037027714
20180129,2.1116128001022836
20180130,0.15573739893825234
20180131,0.049391600454348
20180201,0.06168840777924726
20180202,0.16241569883596071
20180203,0.22259350055591892
20180204,5.814182469405661
20180205,1.4346648873001795
20180206,3.5575475350227963
20180207,2.58635924673153
20180208,0.12920084925673458
20180209,4.92776137148748
20180210,3.391265020242521
20180211,3.974483774709666
20180212,0.004402676066932001
20180213,0.051407031758482345
20180214,0.8709338731908256
20180215,7.577416100622292
20180216,8.017535965381455
20180217,0.36494262634435015
20180218,1.9802785916203554
20180219,16.666907435342072
20180220,12.09103595190508
20180221,21.04334223401337
20180222,4.613897242869483
20180223,5.490749922273948
20180224,5.323907667035174
20180225,17.873712746899315
20180226,0.00019260689512015593
20180227,0.0
20180228,3.2850686341164743
20180301,33.109138480900626
20180302,2.0717757460772437
20180303,0.0
20180304,0.0
20180305,0.0
20180306,2.2048650938220917
20180307,1.743488390232123
20180308,0.48100149089212024
20180309,0.47936646199982874
20180310,3.9479618175241525e-06
20180311,0.0
20180312,1.4213712479933673
20180313,1.1813348385337277
20180314,0.049664716233597576
20180315,0.00025139483189394295
20180316,9.40946183786611e-06
20180317,1.5515515509002453
20180318,2.9486978333772066e-05
20180319,0.0
20180320,0.025842052737404017
20180321,5.1007095912725005
20180322,0.0
20180323,4.188898782783846e-05
20180324,1.7189279827251466e-05
20180325,8.310108343193316e-05
20180326,0.0007582214765770984
20180327,18.84270456024118
20180328,2.7636187885558843
20180329,21.271411121546418
20180330,5.573814317518071
20180331,2.1070447033517703
20180401,1.3850406999598637
20180402,1.3975337497694607
20180403,9.96554033159697
20180404,6.449336429336005
20180405,0.08532182706397456
20180406,2.028346052248151
20180407,0.05936693688722522
20180408,0.0037422117800755615
20180409,1.7047263774303851
20180410,0.18989526980692964
20180411,0.6514022560732073
20180412,1.5737987331373133
20180413,1.8622153331652196
20180414,24.33189138366447
20180415,19.765186931274915
20180416,0.9137063617788979
20180417,0.5185176181620922
20180418,2.199340183744987
20180419,2.8928755014040983
20180420,0.0
20180421,0.0
20180422,0.0
20180423,0.853133574178621
20180424,3.2226982154961816
20180425,0.6791344117726852
20180426,8.715138184928608e-05
20180427,0.9631604709156921
20180428,4.260603021544548
20180429,0.0
20180430,0.0
20180501,0.0
20180502,0.27539699342645513
20180503,12.881511794821302
20180504,4.166790591095657
20180505,0.017971663213432444
20180506,1.98616342406662
20180507,0.21434487859031726
20180508,0.0
20180509,1.2327809100534546
20180510,4.345896979109014
20180511,1.0961281933583056
20180512,8.235165686287681
20180513,13.287329535441078
20180514,8.997940745741717
20180515,10.989209395341673
20180516,0.6929638558313419
20180517,0.0
20180518,4.723019296784472
20180519,17.65431076715384
20180520,0.8696455935875148
20180521,5.35011981680989
20180522,9.979126709637894
20180523,0.02171752573737159
20180524,0.0
20180525,0.0
20180526,5.548764552281067
20180527,0.07219006616467696
20180528,0.0
20180529,0.23326344211842406
20180530,2.4658380451332014
20180531,8.057192473296208
20180601,16.670999928963656
20180602,0.2645956217558756
20180603,1.396657141982795
20180604,0.0016343069296746767
20180605,8.977199866755553
20180606,0.0155430832863018
20180607,0.6532869436169901
20180608,5.760223339838639
20180609,14.459402704937366
20180610,12.855528807898413
20180611,21.166825735279946
20180612,1.5654937214430749
20180613,1.8938933587224156
20180614,0.0002811251373199295
20180615,0.0
20180616,2.4029638670670512
20180617,0.36393996676941087
20180618,1.3101323933151874
20180619,12.681833377249994
20180620,19.640213836540806
20180621,7.76956084066915
20180622,27.18404684747161
20180623,7.366927835410829
20180624,0.4321266594300873
20180625,0.0027264564859411145
20180626,5.515159403336538
20180627,12.393027096160846
20180628,0.06037158116912593
20180629,0.0009445759842129232
20180630,0.003021917492938548
20180701,0.35148279646101904
20180702,1.607805348322263
20180703,2.2230956925256264
20180704,0.7968493012033027
20180705,8.73891758874978
20180706,0.25105459388326506
20180707,0.0
20180708,0.0
20180709,9.638765787093629e-06
20180710,3.1401371350788976
20180711,0.2127519437209723
20180712,0.0
20180713,0.0
20180714,0.0929629475232605
20180715,3.3624511516043754
20180716,3.92645478310617
20180717,0.7980517002511861
20180718,2.0203336216447715e-06
20180719,0.0
20180720,16.23837411511949
20180721,18.51077498743672
20180722,5.756776533856998
20180723,0.9690302148135624
20180724,1.0358968516290135
20180725,0.10901782822948745
20180726,4.638041894994265
20180727,1.0449752931715304
20180728,0.29129063859966836
20180729,0.0617898364914487
20180730,3.870114646725908
20180731,13.229998620396332
20180801,12.960996513956397
20180802,0.24710859421176096
20180803,0.38141514573195395
20180804,0.8290317146990525
20180805,0.05605757891619833
20180806,3.2057796080957432
20180807,19.014125975083246
20180808,11.624083375114648
20180809,0.5715833512603635
20180810,8.127404645314721
20180811,1.5105447037667583
20180812,3.158306600386254
20180813,1.0029821343502585
20180814,0.18933853302775214
20180815,0.22018768554027354
20180816,24.721845994191916
20180817,4.196299701575434
20180818,0.8387361088518637
20180819,0.2308962301668983
20180820,1.4606445583564476
20180821,38.42223846402807
20180822,0.014796042574190095
20180823,0.0
20180824,0.0003946878132507373
20180825,2.3273060805984764
20180826,7.550733341594583
20180827,0.20488529901821836
20180828,0.10277684116577868
20180829,1.660202519304628
20180830,0.14062383681987115
20180831,0.0008172591196689621
20180901,1.7822604289890505
20180902,0.3031988824287615
20180903,1.8835060390245395
20180904,1.7153838758861395
20180905,0.23471596321662705
20180906,7.054966663673941
20180907,4.1506151778504945
20180908,13.608184110498504
20180909,19.94371823546469
20180910,2.447994954650715
20180911,0.013633496835246735
20180912,0.1830019686374647
20180913,0.3754911039381896
20180914,0.1180242729396886
20180915,0.47630080458963214
20180916,0.055674442624280424
20180917,0.1613575436992633
20180918,0.12148390685616627
20180919,0.7777549611052833
20180920,0.7014647343327473
20180921,2.093197236512724
20180922,0.00033130144641943743
20180923,0.0
20180924,4.244236850558423
20180925,17.36905206901747
20180926,5.497011290620781
20180927,0.003051508361469203
20180928,0.031408342527037544
20180929,0.019448995225198093
20180930,1.7721539822626724
20181001,0.16279885368318647
20181002,3.2445181429235284
20181003,0.5128207353550405
20181004,10.196132361719055
20181005,5.123748161046937
20181006,11.819206378393554
20181007,5.485929289714818
20181008,0.40862715381462006
20181009,1.4426576707118381
20181010,4.697458589846781
20181011,0.7274199343046314
20181012,1.6102914855460542
20181013,4.4403859735461735
20181014,0.00023881384348601
20181015,1.1525767788854795
20181016,0.0
20181017,0.03242027910916316
20181018,0.0
20181019,1.2480491596898566
20181020,1.680923420451965
20181021,0.2100219487828995
20181022,0.0
20181023,3.961131681388144e-05
20181024,0.0
20181025,0.0
20181026,2.9356164377971896
20181027,6.037891323264611
20181028,10.70263739557658
20181029,1.1912508342884554
20181030,0.0032381490750407298
20181031,11.273878109810127
20181101,38.55888267605015
20181102,10.179376479656536
20181103,0.313981369727443
20181104,0.2700303658179443
20181105,3.1933584533095765
20181106,5.666739246730621
20181107,0.004006439357084348
20181108,0.0018607514558609628
20181109,5.169860055370237
20181110,0.4293737582267031
20181111,3.6545119835156626e-05
20181112,0.25396576897899215
20181113,2.3249515510825556
20181114,0.00014305896739115655
20181115,12.375330958295622
20181116,0.26141079474151835
20181117,0.6701432753423687
20181118,5.021170066797335
20181119,0.8064429057491412
20181120,1.165946555983882
20181121,0.04889739440952837
20181122,0.04499261765724183
20181123,0.0034278982180464585
20181124,10.209321878851295
20181125,0.038525553071513716
20181126,17.47166172108115
20181127,0.8687524223411828
20181128,0.14049962886022038
20181129,0.5496156666582235
20181130,0.7337087575335614
20181201,12.388151949431895
20181202,9.03481854147718
20181203,2.275863986531585
20181204,0.13599890205968768
20181205,0.4167101786778832
20181206,1.6419396335606935
20181207,0.005578884276269765
20181208,0.011731621747843582
20181209,0.0
20181210,0.008084222188865356
20181211,0.0010285657120428294
20181212,0.00426409195398782
20181213,0.046083267703761664
20181214,2.5321610409559723
20181215,1.9378970462015301
20181216,5.878240960526355
20181217,0.00011358613174102348
20181218,4.253103430477608e-06
20181219,0.0
20181220,3.511400026810027
20181221,9.382315465394322
20181222,0.2366926736123243
20181223,0.023135357287128587
20181224,0.06186387172505605
20181225,0.22176710353547355
20181226,0.000402084071627846
20181227,9.26049078809597
20181228,5.19708270436242
20181229,0.06279969666693243
20181230,0.13049867948942503
20181231,25.442675615600876
20190101,1.0940551388908197
20190102,0.6498698025803069
20190103,0.0678074499811827
20190104,0.001188453736003007
20190105,0.04846529890983018
20190106,0.0012776829949666748
20190107,2.7044706207944404
20190108,4.477037331745486
20190109,0.6826053941910973
20190110,0.09763294999129517
20190111,0.011984199087702022
20190112,5.091858676272544
20190113,3.2260217522022137
20190114,0.012010763015451368
20190115,0.2841426384134828
20190116,0.5820149155356757
20190117,3.711101362473025
20190118,0.412451911477728
20190119,12.667226389939792
20190120,2.1773622601417175
20190121,0.0027938398226943616
20190122,0.2113758408765398
20190123,25.784923436792525
20190124,0.6858934500390979
20190125,0.14736332045128428
20190126,0.5433737231283393
20190127,2.924122184849051
20190128,4.864173626129929
20190129,1.0653127323525402
20190130,0.019590957186142018
20190131,0.003040962143734531
20190201,2.50152917055552
20190202,0.008088919919900264
20190203,0.16182858352412108
20190204,2.2966223668493475
20190205,1.0087213027025594
20190206,11.885382135637592
20190207,10.337765841815068
20190208,0.4046422631223422
20190209,0.016306781724330054
20190210,2.7608341952813276
20190211,2.064358785347285
20190212,19.00044026009849
20190213,1.2253109011061603
20190214,0.020654743947679976
20190215,0.49766353329461777
20190216,0.0023533743602446515
20190217,2.6770770641134396
20190218,1.2964219686003333
20190219,0.0022886386046599193
20190220,9.725247131319326
20190221,0.664815916840322
20190222,0.0
20190223,0.03331253243605094
20190224,7.432837041984341
20190225,0.040293916478681475
20190226,0.2572714501049862
20190227,0.5841496806467971
20190228,0.08340272253906672
20190301,0.11488278717588739
20190302,0.21241952397904124
20190303,2.19203281831411
20190304,0.1088919106951328
20190305,0.20263493139229521
20190306,0.2026630133357573
20190307,0.06876223495710877
20190308,0.020148103065829304
20190309,6.399798116252958
20190310,17.89785695602888
20190311,0.019158864206931244
20190312,0.0
20190313,1.8184843952575185
20190314,11.220186857541265
20190315,4.318375149235921
20190316,0.41885286484351003
20190317,2.0446382765396827
20190318,0.0936115145103234
20190319,0.0045286758124471515
20190320,1.6260425019347597
20190321,5.166878123698652
20190322,0.1541383586471202
20190323,0.0
20190324,0.5443279407885532
20190325,1.768331301035304
20190326,0.0
20190327,0.0
20190328,3.848284909665644
20190329,4.477703131905788
20190330,24.660982996042055
20190331,8.629907816640698
20190401,1.0420590459401312e-05
20190402,0.046414380739201594
20190403,0.1132018020476183
20190404,2.5873147426479486
20190405,2.1542791908957555
20190406,0.08607957919005883
20190407,1.8541718868031858
20190408,2.4564633481798266
20190409,0.00020804404950792676
20190410,0.1586475281471756
20190411,2.3601963372663852
20190412,8.791169378791615
20190413,0.0
20190414,18.009663817184983
20190415,2.0288018463618354
20190416,0.16395038160588404
20190417,1.4175384400708508
20190418,4.6064983770715955
20190419,17.52860892013756
20190420,21.369665622518287
20190421,1.840529328182629
20190422,0.0
20190423,2.657985353219341
20190424,0.14098092946574403
20190425,5.460667536049086
20190426,26.55008159503979
20190427,3.572388831905366
20190428,12.622002438331208
20190429,8.66165296595665
20190430,1.2625603817983693
20190501,7.831061752767203
20190502,3.5119671900676006
20190503,5.866622562581533
20190504,1.286024190062901
20190505,0.0003564689582541651
20190506,0.04841227389838934
20190507,0.9851007399881122
20190508,0.3663410537156854
20190509,10.8220804719861
20190510,1.512793839458984
20190511,0.1714754017749223
20190512,5.432484158485791
20190513,8.077214563897936
20190514,0.02626234935492933
20190515,0.02174022504609472
20190516,0.07529328742136016
20190517,11.771628959306575
20190518,2.2511448622743986
20190519,10.817673470343424
20190520,1.0597273379628684
20190521,3.7517503187862555
20190522,5.173540879586892
20190523,2.0677437367171128
20190524,0.9680885069582279
20190525,5.74585289664802
20190526,10.099760254434898
20190527,0.4186722211385136
20190528,23.0965499361762
20190529,8.043032308756887
20190530,8.378006916518586
20190531,0.0827290931171492
20190601,6.047833256779167
20190602,9.83896233930348
20190603,2.0406102222854487e-05
20190604,0.835887143538063
20190605,9.98722627783754
20190606,0.1411158385393383
20190607,0.0
20190608,0.045409134497688956
20190609,13.06270515551822
20190610,10.04445860720206
20190611,0.0001945126250102271
20190612,0.026980884637341312
20190613,9.143979344570306
20190614,1.243092158732249
20190615,12.047418371332522
20190616,26.130688954177213
20190617,0.7621351947371043
20190618,0.8624674900969234
20190619,1.596821328042227
20190620,30.146872535877026
20190621,0.11342920597262605
20190622,0.3416326822782641
20190623,1.1468053494028728e-05
20190624,6.283524053082216
20190625,0.35610016016854484
20190626,0.15844437277183193
20190627,5.162892687030754
20190628,0.8322542045662834
20190629,0.8903559039757462
20190630,0.10378299290773194
20190701,0.05112672479872535
20190702,3.5121796926428708
20190703,9.310931865838949
20190704,3.68731370056893
20190705,3.8885135368683175
20190706,9.14311227682659
20190707,2.666670847235092
20190708,0.06108260826626794
20190709,0.0
20190710,1.1529614632003473
20190711,3.440881243826315
20190712,0.006037311725565765
20190713,0.015061970355694025
20190714,1.3097435253146354
20190715,3.2300104090740684
20190716,8.084374609427996
20190717,13.286177805026485
20190718,1.1009858133833572
20190719,3.192576262410546
20190720,0.17070638084233722
20190721,12.022895434534444
20190722,8.428061252681747
20190723,0.2213316027968683
20190724,0.050991764695897314
20190725,0.01616086951117778
20190726,0.0016996118763005455
20190727,0.34260770670685514
20190728,1.3606566328393184
20190729,2.7502579948356103
20190730,7.189529145321042
20190731,0.6470568168606133
20190801,0.06607278143832038
20190802,0.00028297881188832813
20190803,0.0001379310899986838
20190804,0.23107506502943637
20190805,0.04951294029230327
20190806,5.796383456457059
20190807,0.44623586812124
20190808,1.0010191813808815
20190809,0.03756263070918132
20190810,0.01703353063297474
20190811,0.011338218080150432
20190812,2.381075276008362
20190813,25.341855835152014
20190814,0.7536480980935095
20190815,5.961818119112827
20190816,0.04444150584540617
20190817,3.685575485351538
20190818,13.249412854953293
20190819,6.098600436861404
20190820,1.9467565176486636
20190821,15.486772642253857
20190822,8.959173467502584
20190823,0.010091219061128793
20190824,0.00025736997541866036
20190825,0.0
20190826,11.887423528606943
20190827,8.565147969599147
20190828,0.0009645455497213346
20190829,0.0019318101647743079
20190830,0.46937077775715125
20190831,0.06016618635522376
20190901,5.362926117008752
20190902,0.2756345310308858
20190903,0.31608973613985086
20190904,0.9241965662153054
20190905,0.09033575771302772
20190906,1.0554920487868262
20190907,0.34213373091151944
20190908,1.8063013951975755
20190909,0.10556271958463997
20190910,0.04828858191121843
20190911,1.7980227662899178
20190912,1.873436045052316
20190913,2.281875416703577
20190914,0.03353391636362328
20190915,0.2080722944732749
20190916,0.48588309507155963
20190917,0.030500938332635907
20190918,0.0
20190919,0.0
20190920,0.06829844923827486
20190921,3.712402855805295
20190922,0.04711737359652745
20190923,2.6369344141102045
20190924,6.722671482317421e-05
20190925,0.6842611815210349
20190926,0.07820807195914536
20190927,1.4755530564625192
20190928,2.3843523509000555
20190929,6.233856348076039
20190930,3.28281755740283
20191001,0.0965806953496161
20191002,5.522949754055165
20191003,1.3750596258182755
20191004,0.010930618666742145
20191005,0.001193972061786599
20191006,3.088434078295447
20191007,1.0958066753717886
20191008,0.0
20191009,0.0
20191010,0.0
20191011,6.175835186062152
20191012,3.6027994671174466
20191013,0.0
20191014,0.0008682413200380646
20191015,0.085960468674286
20191016,5.7300911820619405
20191017,0.005774045676520152
20191018,1.2204208814047054e-05
20191019,0.0
20191020,0.2227510700721121
20191021,7.003935544303308
20191022,2.6865372905802865
20191023,0.0025570798458570913
20191024,0.0003605084013251011
20191025,0.09222976637181873
20191026,18.011840586782085
20191027,8.633669013020954
20191028,0.002957442992967434
20191029,0.21771505261661805
20191030,12.651913505568482
20191031,21.52886480924902
20191101,2.2649188800477265
20191102,0.8327695646343767
20191103,0.02202990501194966
20191104,0.273143586628137
20191105,0.08983116826591833
20191106,0.0002854198753490223
20191107,0.4128819377590276
20191108,0.0018100444206308151
20191109,0.009964484284839002
20191110,0.1732464601570821
20191111,9.72341993329277
20191112,2.773590119218301
20191113,0.0009024671073901855
20191114,0.11449228990275004
20191115,0.009494436779966909
20191116,0.008082307835230609
20191117,0.08130281334674455
20191118,0.015456936036372323
20191119,0.17387750472123742
20191120,0.03185425636124198
20191121,1.721877051907746
20191122,0.48642260851137425
20191123,2.3908246227442382
20191124,0.62468051839394
20191125,0.017384226592528137
20191126,0.15656619564711832
20191127,16.874592098802623
20191128,0.030844618022257547
20191129,0.09833008835540051
20191130,2.124317959997695
20191201,9.971029199200967
20191202,1.4203606791505687
20191203,0.15008378586348142
20191204,0.08203791949871772
20191205,0.018250879967170792
20191206,0.04429873203105631
20191207,0.0
20191208,3.538673672819437e-05
20191209,11.91158902921639
20191210,0.7500122898082342
20191211,0.09425477446701973
20191212,0.0
20191213,2.5784791005011487e-05
20191214,1.647193840643114
20191215,0.2649793873140217
20191216,2.009197343196053
20191217,2.645977324699893
20191218,0.26713373915946964
20191219,5.259078867647459e-05
20191220,0.0
20191221,0.0
20191222,0.0
20191223,0.0
20191224,0.00010641583167968828
20191225,6.756077864757183e-05
20191226,0.05584668634269929
20191227,0.491524429185879
20191228,0.005955365176899488
20191229,17.317089476170203
20191230,19.794454624082423
20191231,2.537403809261137
20200101,0.02366440277343439
20200102,0.000700286640386281
20200103,1.960615932450435
20200104,2.8614769739408925
20200105,0.2516701435170243
20200106,0.21821385950554065
20200107,0.11737358829779485
20200108,0.3659392449710188
20200109,0.01923690768450944
20200110,20.12709935878069
20200111,47.75915437451232
20200112,8.592666452459607
20200113,0.14587065732845353
20200114,0.0007203643067057018
20200115,1.5343003833944846
20200116,0.21550848192234134
20200117,0.0010388641117919967
20200118,22.894678883208755
20200119,0.32248701112027534
20200120,0.09263654790688346
20200121,0.0394528941221652
20200122,0.0
20200123,0.00012825373913668366
20200124,12.91559050832391
20200125,3.513732429574562
20200126,1.407210859809606
20200127,0.49592584295939596
20200128,0.23661450636461437
20200129,0.240520138027066
20200130,0.07447807269591779
20200131,0.44920611078678246
20200201,1.0066072566452997
20200202,0.19260076981829924
20200203,0.0
20200204,3.5399898443238826
20200205,1.7110569668396398
20200206,11.03227551078679
20200207,1.5907883203893738
20200208,0.8230767680536165
20200209,4.89682724556349
20200210,7.5954059596208845
20200211,0.12876628844700902
20200212,0.857467819947284
20200213,9.671984325122377
20200214,0.26136080170581855
20200215,0.018939459319160492
20200216,0.2810062660223245
20200217,0.23380294191281006
20200218,5.365988178561408
20200219,9.812643680455042e-05
20200220,0.09602529189596246
20200221,0.0
20200222,0.0
20200223,0.0
20200224,2.50136395601588
20200225,6.951902913278918
20200226,10.248979659263215
20200227,2.19010788413632
20200228,0.21791750966872098
20200229,0.005519042535985995
20200301,0.0
20200302,6.430459712665364
20200303,2.910640729317547
20200304,0.7526308888405279
20200305,0.00876138414188483
20200306,1.7424664163614303
20200307,0.01179143531178731
20200308,0.0
20200309,0.34201606612302676
20200310,8.162223639389143
20200311,0.7215110724715554
20200312,0.2699369257582789
20200313,4.008195098446907
20200314,1.9354104794387177
20200315,1.4625762709875125
20200316,1.0964024427118544
20200317,0.6063549885374709
20200318,11.855005788225924
20200319,9.64060416985904
20200320,10.380578395103296
20200321,0.00607553086904415
20200322,1.5278001644675228
20200323,4.10003363085149
20200324,0.028883693877975566
20200325,0.05738411227161335
20200326,3.366606369190203
20200327,3.002728129328541
20200328,26.86545155387702
20200329,8.732114727073057
20200330,0.08241366678033474
20200331,0.7824470477973159
20200401,1.4865001449920199
20200402,0.0011566216792918919
20200403,0.0
20200404,0.2191729256663845
20200405,0.3681116254897151
20200406,0.11938889442251388
20200407,9.647591748375406
20200408,6.964816952633987
20200409,5.246133099861719
20200410,0.19052622183880588
20200411,0.0023728580089242553
20200412,2.093225767865028
20200413,2.4026287983779135
20200414,0.08689400272124922
20200415,1.2795673095372877
20200416,0.10862129219757316
20200417,8.491153045079386
20200418,0.04623630257396429
20200419,0.08786396415673216
20200420,0.015317001721991115
20200421,0.7970981594255886
20200422,0.6636263478290648
20200423,2.704175956821754
20200424,0.5193849417549846
20200425,1.8603406662678479
20200426,5.413356159949567
20200427,0.013661121297487762
20200428,5.489062642575305
20200429,4.949554437185972
20200430,3.535848411313076
20200501,0.3544479969294492
20200502,0.26472816710757163
20200503,0.18022924947571403
20200504,0.06465928062517792
20200505,1.8476161835836424
20200506,0.5088066671416759
20200507,0.07047106629447285
20200508,0.376507540689198
20200509,0.10065243490108253
20200510,5.218183588552951
20200511,3.0345013978900655
20200512,0.019734961249962473
20200513,0.0
20200514,9.775498832700261
20200515,18.09163600774112
20200516,0.1400794770615523
20200517,6.4071605272563925
20200518,27.626653322137567
20200519,31.324075894675115
20200520,1.6890470666564512
20200521,3.000964257843016
20200522,1.5763591224466196
20200523,0.022376571771829647
20200524,0.9354799208408716
20200525,7.116001714975911
20200526,0.46770131180863417
20200527,0.8029979397303799
20200528,3.7842138105961816
20200529,6.107619993837618
20200530,0.011130667769108303
20200531,2.1036457169038774e-05
20200601,0.0031517146848780023
20200602,0.9802304366575593
20200603,0.16842162798321006
20200604,12.204388357814668
20200605,1.0897439686529165
20200606,0.08307301602146099
20200607,0.0
20200608,0.0
20200609,0.6802815076103221
20200610,20.505725454024827
20200611,0.452729784562442
20200612,0.16191956579127303
20200613,4.7701330175421495
20200614,0.00020113077508625155
20200615,0.17922264962019266
20200616,0.006782808343726865
20200617,2.9103588663642638e-05
20200618,0.26259143069216273
20200619,0.044737187207012495
20200620,0.003556427948394416
20200621,3.3599390275476537
20200622,7.831251021151974
20200623,12.84542663332161
20200624,0.13995756726321287
20200625,0.26828693295536016
20200626,2.2376901300955336
20200627,9.043794985145407
20200628,1.639023660167716
20200629,0.1937479275757336
20200630,0.13798161282248655
20200701,4.5791756929493855e-06
20200702,0.0
20200703,0.017778477831507794
20200704,0.44108030402556525
20200705,0.032242464509132915
20200706,0.23557187135990537
20200707,0.7622236393586991
20200708,0.7737923655878337
20200709,2.5793635604583156
20200710,15.901275190023568
20200711,1.1152414733669296
20200712,1.4181617868941685
20200713,0.29891663626155485
20200714,6.646448655940195e-05
20200715,0.0
20200716,9.476852461093129
20200717,0.021446955971287412
20200718,0.020327976369864335
20200719,4.781567527539736
20200720,0.948483348305452
20200721,0.3002492649700015
20200722,15.918081913939496
20200723,1.6265860935867382
20200724,0.2612366488032324
20200725,0.02843313181379968
20200726,0.0055115810031459945
20200727,10.795814359925906
20200728,1.2664049594544327
20200729,0.1537364772325192
20200730,0.14938060424932365
20200731,0.035404340273540204
20200801,8.661552735350726
20200802,14.10434734651146
20200803,2.4217678434708794
20200804,1.2192741524750015
20200805,0.000743940194138127
20200806,0.12861141049511685
20200807,0.020796969472335385
20200808,0.0
20200809,0.028139343658731858
20200810,0.7864381368975812
20200811,0.26354229693134795
20200812,0.01485706665398883
20200813,0.0
20200814,9.146387270475095
20200815,0.5690002715918607
20200816,6.218617044543989
20200817,0.1950401540799604
20200818,0.0043804575824588935
20200819,0.00663256257726759
20200820,0.0
20200821,0.0
20200822,0.0022811400941036833
20200823,0.13725474233789933
20200824,0.20402982153477572
20200825,0.5343095738479549
20200826,1.213760646216394
20200827,1.3940877786223316
20200828,17.3103119965675
20200829,3.684393869785106
20200830,0.0
20200831,0.0
20200901,1.4010624566023782
20200902,6.129169258672998
20200903,0.00040335366065952927
20200904,0.004495273660762309
20200905,0.011039394933355843
20200906,0.012866517187213225
20200907,19.338519900640776
20200908,9.515425574735005
20200909,0.5800509374427201
20200910,0.20713730583674556
20200911,0.15950892476459663
20200912,0.1375135841520736
20200913,8.625376155633274
20200914,0.01731409623539777
20200915,0.0
20200916,0.0
20200917,0.41214539530191063
20200918,0.0
20200919,0.0
20200920,0.0
20200921,0.0
20200922,0.0
20200923,0.0
20200924,0.0
20200925,0.0
20200926,1.216878256702996e-05
20200927,0.046159090188327624
20200928,8.317417131018669
20200929,0.05357091788775824
20200930,0.6944373070618469
20201001,1.0661319769534017
20201002,0.1381002841454873
20201003,0.11903251624632098
20201004,5.129824403072263
20201005,0.0003178571807707429
20201006,0.09457615258325021
20201007,0.0
20201008,0.0
20201009,0.0
20201010,0.0605898501625201
20201011,0.8369424832237468
20201012,0.8591692386394645
20201013,5.230011867553875
20201014,0.0
20201015,1.826823661063002
20201016,0.05879485317643645
20201017,0.0014392037740410062
20201018,1.3633688074973593
20201019,11.244132425830948
20201020,2.889037179303432
20201021,12.519925108879589
20201022,1.5855893299592354
20201023,3.8298866469253894
20201024,2.805066001216129
20201025,0.0013170918127507149
20201026,0.8764088852625839
20201027,2.295136815857348
20201028,2.228856309846994
20201029,12.732078624230105
20201030,0.1124842674790838
20201031,3.0265934269855882e-05
20201101,3.1318816519215935
20201102,0.0005848413293026391
20201103,0.0
20201104,0.0
20201105,0.010158161146793793
20201106,0.0
20201107,0.0
20201108,0.0
20201109,1.9232059168247685e-05
20201110,0.006024220974445243
20201111,5.708580296349889
20201112,0.0
20201113,0.48712303752542085
20201114,0.02393057736881966
20201115,18.808684926098703
20201116,0.031007179986635942
20201117,0.4647199269762113
20201118,3.8446901497106664e-05
20201119,0.0
20201120,2.312343857428132e-05
20201121,0.11029532476383175
20201122,21.79151272674056
20201123,0.07559970936746142
20201124,3.1660766882316436
20201125,9.328332905430997
20201126,7.325490898499545
20201127,0.18664169247175086
20201128,0.005808246419499662
20201129,0.0
20201130,8.019516375589033
20201201,2.047935015294106
20201202,0.006947648483036288
20201203,0.0118422358699144
20201204,0.0024203337037851337
20201205,0.0067461564098356235
20201206,0.0071480741357201
20201207,0.05076395631479731
20201208,0.07071403308058802
20201209,0.0019833914387253557
20201210,0.0
20201211,0.020440672963583092
20201212,11.328938009155431
20201213,0.07993064481734827
20201214,0.03810965907976554
20201215,0.0
20201216,2.3022304689785025
20201217,0.96238422148995
20201218,0.07765417149151357
20201219,0.9824829428242129
20201220,0.9800128892836372
20201221,1.4734679372327641
20201222,0.4955031760787882
20201223,0.5709639064586652
20201224,2.7932366867011096
20201225,1.276124818152763
20201226,0.03824410948128857
20201227,0.4786817653237296
20201228,2.628875784170091
20201229,0.012333552046538144
20201230,9.596626183559591
20201231,0.8843993404408245
20210101,15.980749079053671
20210102,4.9152222140784145
20210103,2.6709671593144337
20210104,0.12276466736991053
20210105,0.9645040443037537
20210106,0.08238181183982657
20210107,0.10404070721937782
20210108,0.16841903179051712
20210109,0.011308856920034478
20210110,0.00030489596861157166
20210111,0.050029749128670024
20210112,0.0015213338325534395
20210113,0.00012732932239071972
20210114,0.10601406230188283
20210115,4.229057406981233
20210116,0.4305080439680055
20210117,1.3600450339043544
20210118,1.3679308054655213
20210119,0.10419627132784055
20210120,2.2073978111691877
20210121,5.651714074268127e-06
20210122,0.05411828985365077
20210123,0.01212368775722702
20210124,0.5828622666600844
20210125,1.0716835647677554
20210126,6.673526901055751
20210127,0.10278189510119279
20210128,0.1749346926406419
20210129,0.0009846940037233094
20210130,0.03180228977512715
20210131,16.556478794862144
20210201,2.2847067699985786
20210202,0.8081623846717216
20210203,2.1307087938764233e-07
20210204,3.1404289428521532
20210205,5.211848660176979
20210206,0.018622765276209215
20210207,1.00699791826079
20210208,0.7394139466602057
20210209,1.0278754450998735
20210210,1.8726356195410536
20210211,0.6699700784322705
20210212,0.5568525422675902
20210213,1.3858972906276652
20210214,0.1574147519710052
20210215,6.568727497502784
20210216,14.41974417713352
20210217,0.0912457465241809
20210218,2.7701700768221036
20210219,0.310187388285621
20210220,0.04276529172435518
20210221,0.00911678049037587
20210222,2.793970517620232
20210223,0.08670371390833224
20210224,0.006013948883795662
20210225,0.006112353181596746
20210226,1.961400356524181e-05
20210227,3.905461995151882
20210228,4.905124428743309
20210301,0.5394884632847897
20210302,-8.326672684688674e-14
20210303,-8.326672684688674e-14
20210304,0.005028065417116807
20210305,-8.326672684688674e-14
20210306,-8.326672684688674e-14
20210307,4.285428508491795e-05
20210308,-8.326672684688674e-14
20210309,-8.326672684688674e-14
20210310,0.012709933870549625
20210311,4.977292583008726
20210312,0.11783788114204494
20210313,-8.326672684688674e-14
20210314,-8.326672684688674e-14
20210315,2.267380168088355
20210316,0.9102407668591139
20210317,0.010157881681628206
20210318,16.99457942934869
20210319,0.1373803639720472
20210320,-8.326672684688674e-14
20210321,-8.326672684688674e-14
20210322,0.00038696107090271866
20210323,0.04692896427691266
20210324,2.1203468812800805
20210325,4.799906558280054
20210326,21.676149490990845
20210327,0.01812832011231485
20210328,11.933404790204914
20210329,2.0046092171980047e-06
20210330,-8.326672684688674e-14
20210331,2.2494956249196076
20210401,0.17071857583077044
20210402,0.0006609846122515024
20210403,-8.326672684688674e-14
20210404,-8.326672684688674e-14
20210405,0.33454922651781677
20210406,0.000535571538982753
20210407,0.1491524477563079
20210408,2.640975963384738
20210409,3.4353921390642177
20210410,6.341379728234659
20210411,11.586758450836776
20210412,1.2090285337231153
20210413,1.002304566965639e-06
20210414,0.001802426065191931
20210415,0.9093967188654357
20210416,0.009065933217911803
20210417,0.733021642222534
20210418,0.16881836172895795
20210419,0.24093537412265337
20210420,5.978800477989778
20210421,6.919946945361178
20210422,0.5579760687841047
20210423,7.674710921159123e-06
20210424,3.184413423157053
20210425,0.5154665599144177
20210426,-8.326672684688674e-14
20210427,8.125115392356683e-05
20210428,1.1307016772221217
20210429,19.467068947082463
20210430,1.0085516431680452
20210501,0.107475849942155
20210502,0.02443810459592258
20210503,9.277829526138529
20210504,2.601013836867694
20210505,0.9107586316609328
20210506,2.8593950967877784
20210507,7.517817312490743
20210508,0.05661662941293185
20210509,35.072094685043844
20210510,0.423452378281671
20210511,0.3919153476883454
20210512,0.15975763381355976
20210513,0.0037660499168980116
20210514,0.0007869473505865143
20210515,0.0018724573623296304
20210516,0.5774850681522109
20210517,1.2703458261937148
20210518,0.2647596904536783
20210519,0.2426968058449863
20210520,0.012699139417958676
20210521,0.00024560112810317663
20210522,0.015617373266614207
20210523,2.162331241612778
20210524,3.6023272416557273
20210525,0.12065853282549592
20210526,11.742768251733088
20210527,0.0057449297780047814
20210528,20.38711411522847
20210529,0.1559630697540343
20210530,-8.326672684688674e-14
20210531,-8.326672684688674e-14
20210601,0.19795592643051105
20210602,15.865437024559935
20210603,2.9207063584262785
20210604,0.05182796943266353
20210605,0.00011384413335039674
20210606,0.075784588608586
20210607,5.20697400579936
20210608,3.446899086700135
20210609,2.577473112032004
20210610,4.104966857618945
20210611,0.49870398614554856
20210612,1.6881735831597657
20210613,4.203704252359617
20210614,0.0910928317694735
20210615,0.15329609188186646
20210616,-8.326672684688674e-14
20210617,-8.326672684688674e-14
20210618,6.2025170446273235
20210619,6.623352544734328
20210620,5.284581464503635
20210621,17.255745142294746
20210622,0.019430934554332428
20210623,0.005561911264509327
20210624,0.0031782237300308895
20210625,16.367017518271837
20210626,15.699636879694472
20210627,5.455428694262363
20210628,5.056977631642067
20210629,3.2521168711508217
20210630,9.73282159290592
20210701,2.105051261991881
20210702,0.18221445764856847
20210703,0.10825162138872896
20210704,0.20806277661019457
20210705,0.0069459769945407705
20210706,0.03683081585235634
20210707,4.269544987415801
20210708,20.681186205121733
20210709,0.96819155836306
20210710,1.2286926011779062
20210711,17.34436268900592
20210712,6.933186068890531
20210713,12.591297201911983
20210714,1.124225716586029
20210715,3.1412666339213944
20210716,20.44782971306706
20210717,22.709298579442223
20210718,0.07675067770806435
20210719,0.16436498040028413
20210720,0.022132885953097755
20210721,0.01809143542811928
20210722,-8.326672684688674e-14
20210723,4.195406098152439
20210724,1.332261521266515
20210725,3.734228275274913
20210726,-8.326672684688674e-14
20210727,0.06612107207561732
20210728,0.23385237538342396
20210729,3.4383809439158783
20210730,0.1670160794086732
20210731,0.00015948118979448362
20210801,1.5153406940376641
20210802,0.003495317247908502
20210803,0.003947538383600432
20210804,0.001082786980480268
20210805,0.0002720815419411786
20210806,0.16522035744803118
20210807,3.8006860484331906
20210808,0.7043712381199142
20210809,3.1475802304180043
20210810,10.194566165588371
20210811,0.8515686869168695
20210812,2.0643524844287096
20210813,9.455515439018733
20210814,0.05308545439796498
20210815,-8.326672684688674e-14
20210816,5.605989670727914
20210817,1.5362949902022538
20210818,1.1898901690171253
20210819,0.6449307624145124
20210820,0.3732489013899785
20210821,0.1481323659459113
20210822,0.12481450309637855
20210823,0.0011846903017158146
20210824,0.3068355488554273
20210825,10.760176029638348
20210826,0.883390866636712
20210827,0.9924798572878948
20210828,3.6805248200346554
20210829,5.1920289713397185
20210830,3.5994232631575915
20210831,0.01762459255653493
20210901,0.005235420137970382
20210902,-8.326672684688674e-14
20210903,0.043731438946794106
20210904,2.03231541738325
20210905,4.939612799924205
20210906,0.0028117094186327013
20210907,0.05230306775125483
20210908,2.3561760663226163
20210909,0.0020339170175357867
20210910,0.003104722241523147
20210911,0.0009833007531288857
20210912,0.011793531210877277
20210913,0.037260574725549236
20210914,0.29004692797014525
20210915,6.313930444011651
20210916,5.189171058668823e-05
20210917,0.04263029525822987
20210918,0.0531113045625628
20210919,0.013702066285484649
20210920,3.033719569242823
20210921,2.8140422264782248
20210922,53.64833760716129
20210923,26.97838453536763
20210924,0.008018071391993451
20210925,7.263266102537427
20210926,-8.326672684688674e-14
20210927,0.10018864119479623
20210928,0.0031546674181046563
20210929,-8.326672684688674e-14
20210930,-8.326672684688674e-14
20211001,-8.326672684688674e-14
20211002,4.421487813997767
20211003,18.195505851466045
20211004,1.7684568259097615
20211005,0.4704249632433747
20211006,0.029778960811709776
20211007,6.879583471298518
20211008,18.060200858694767
20211009,2.4993694539958247
20211010,0.7080781742589639
20211011,6.017734609742145e-07
20211012,3.1127011464960086
20211013,0.08530014607799577
20211014,0.9655012828014103
20211015,18.649552575588473
20211016,4.998591324475571
20211017,0.004880587671229242
20211018,-8.326672684688674e-14
20211019,-8.326672684688674e-14
20211020,0.016735753419717985
20211021,5.085078795891129
20211022,0.17188308890604523
20211023,1.2734181325324163
20211024,13.515256572855211
20211025,36.115790157277594
20211026,0.35274754315809986
20211027,3.3686278219401824e-05
20211028,0.9079506701074935
20211029,19.810514975913897
20211030,3.1712869742649126
20211031,0.04284017009523142
20211101,0.0021098495482070835
20211102,0.3127470699912364
20211103,0.09137819278197988
20211104,0.08972142879083655
20211105,-8.326672684688674e-14
20211106,-8.326672684688674e-14
20211107,-8.326672684688674e-14
20211108,-8.326672684688674e-14
20211109,0.09380834738081917
20211110,0.04638392226140716
20211111,4.449730911579646
20211112,0.6149870615542532
20211113,1.3365548054575114
20211114,5.9152164974428745
20211115,1.0657000076191887
20211116,0.49678781871658195
20211117,1.1172443218500903
20211118,6.779748467319612
20211119,0.024712397758754705
20211120,0.020670624115859022
20211121,3.796391590619315
20211122,0.17637508140243263
20211123,-8.326672684688674e-14
20211124,4.4575349408369445e-05
20211125,7.300707884204749
20211126,0.8123900172213357
20211127,1.885119336837644
20211128,2.0780152306517374
20211129,0.08648582953343742
20211130,3.9597370540949566
20211201,0.7153849286987657
20211202,0.042914195364997444
20211203,1.40575340625198
20211204,0.0011394386154930623
20211205,5.829310397648236
20211206,8.164153960647512
20211207,0.04678973130741657
20211208,0.16203061802249957
20211209,0.06154793603440021
20211210,0.5924978417125398
20211211,14.80553609777831
20211212,-8.326672684688674e-14
20211213,-8.326672684688674e-14
20211214,-8.326672684688674e-14
20211215,1.1450478165171363
20211216,1.7829974885759297
20211217,0.09612815431839025
20211218,12.300250675385367
20211219,0.03992069592462979
20211220,0.0003888526741709036
20211221,9.248255318197457e-05
20211222,0.01328991610374821
20211223,0.08259927307538383
20211224,0.09302153743608926
20211225,9.501518897100162
20211226,0.03765768184365804
20211227,13.390478294948203
20211228,7.88193834492471
20211229,0.332153044741966
20211230,2.023731125328776
20211231,0.6619328501504149
20220101,4.879974101018068
20220102,5.681221176674917
20220103,0.002446795320497345
20220104,-4.163336342344337e-14
20220105,0.04184347570638766
20220106,0.047226801261523454
20220107,0.14556742033448
20220108,0.2612930065645327
20220109,7.265442293389512
20220110,0.12072341497579281
20220111,0.022376484615953676
20220112,0.08212280771007577
20220113,0.29533018071156736
20220114,0.1498363271965841
20220115,0.032087933508852674
20220116,0.010800547922649383
20220117,0.6242290420971576
20220118,0.0470140042854056
20220119,0.024157993286728612
20220120,0.04814415578252419
20220121,0.014708236249924421
20220122,0.08396442427728407
20220123,5.810270660695391
20220124,3.4111093661355683
20220125,0.2118935808690192
20220126,0.013448408627837949
20220127,0.390384005816529
20220128,0.28101590933557086
20220129,0.02384846735542862
20220130,0.2943586902790917
20220131,0.00024180034144286188
20220201,0.0012784180406736065
20220202,19.957408179953447
20220203,17.14489116486347
20220204,2.634084556860143
20220205,0.3286670615141027
20220206,0.002276783231677717
20220207,0.13300455456352075
20220208,0.06854968747820181
20220209,0.0755617844993336
20220210,1.0113635046513654
20220211,7.588089711863259
20220212,0.53300097875177
20220213,0.5634423996737786
20220214,0.05105816202015459
20220215,0.00011417645932593572
20220216,0.08928943793136215
20220217,32.051857792877236
20220218,7.737055250081781
20220219,0.29603810338951675
20220220,-4.163336342344337e-14
20220221,-4.163336342344337e-14
20220222,8.278150812107416
20220223,0.23328834390124004
20220224,1.6338837799544792
20220225,8.619998965463237
20220226,0.01743868820710832
20220227,-4.163336342344337e-14
20220228,-4.163336342344337e-14
20220301,0.49574598619421234
20220302,0.2570548989042331
20220303,0.9100100534204223
20220304,6.672958624913603e-06
20220305,-4.163336342344337e-14
20220306,5.09198032230826
20220307,21.617506896747035
20220308,0.08767642588057731
20220309,0.11632877845748595
20220310,0.0008298144889716168
20220311,2.4140495200407424
20220312,0.5961700608377414
20220313,0.5165454436696725
20220314,-4.163336342344337e-14
20220315,0.14873846702296137
20220316,0.00011150948981328195
20220317,0.0012453561079914298
20220318,4.737448933007899
20220319,11.9332941196289
20220320,1.3210217863875156
20220321,-4.163336342344337e-14
20220322,7.578172170769928
20220323,22.624693113342328
20220324,0.262628642192399
20220325,2.375742344682738
20220326,2.0041483318810998
20220327,0.13231290278184749
20220328,0.009137721445800346
20220329,0.0020580036851985777
20220330,3.0154664917627083
20220331,6.0499555418176465
20220401,2.180937867956955
20220402,0.12035148957110896
20220403,3.6081509863641634
20220404,5.009083312399858
20220405,0.26067736104620537
20220406,10.248921460499558
20220407,0.49757993683098356
20220408,3.4565018825684413
20220409,2.0828922268866426
20220410,-4.163336342344337e-14
20220411,7.778252178130072
20220412,1.0210769122213035
20220413,10.41628196939933
20220414,10.86794441048417
20220415,1.1383132700016012
20220416,0.9891447118340724
20220417,1.3483069849487705e-06
20220418,6.839078550767688
20220419,1.0969052802529722
20220420,0.2260746399273961
20220421,4.23377276837286
20220422,1.9957374473063882
20220423,0.21313372503476385
20220424,0.3245377826140532
20220425,17.76398494937006
20220426,0.017433065668572733
20220427,0.00019107355466941228
20220428,0.04801071780529059
20220429,0.0048031524991982944
20220430,2.172327833428031
20220501,10.405555826632256
20220502,0.013220152694659383
20220503,19.957700362626355
20220504,1.1857495876281723
20220505,4.649921888112823
20220506,10.619411659255622
20220507,2.7908535406967756
20220508,-4.163336342344337e-14
20220509,-4.163336342344337e-14
20220510,0.011816075787146456
20220511,0.34911551310121297
20220512,-4.163336342344337e-14
20220513,0.0487586064741166
20220514,1.7546655689952277
20220515,3.339822897461989
20220516,7.940321430693993
20220517,-4.163336342344337e-14
20220518,7.782841595980332
20220519,0.5239808352334837
20220520,1.6333416439951316
20220521,7.452142317230254
20220522,2.5382552096909428
20220523,0.007645524151693242
20220524,-4.163336342344337e-14
20220525,6.594280086127869
20220526,22.730426718466617
20220527,6.946328065263543
20220528,0.811702786309232
20220529,0.02913729680013472
20220530,-4.163336342344337e-14
20220531,0.019019165632832298
20220601,6.7369053572495545
20220602,0.5305480856085135
20220603,0.010914883359520159
20220604,-4.163336342344337e-14
20220605,0.00862439416701488
20220606,5.3099001428620225
20220607,15.465413287363553
20220608,11.202278165101333
20220609,10.941476248839544
20220610,0.01282060593165531
20220611,0.32883175277710014
20220612,2.683598732438834
20220613,3.8447240898245827
20220614,22.24572999006012
20220615,0.0011005260221008768
20220616,0.3010641329367591
20220617,3.583041827065116e-05
20220618,-4.163336342344337e-14
20220619,-4.163336342344337e-14
20220620,0.04494696616565244
20220621,-4.163336342344337e-14
20220622,0.13873691586689746
20220623,-4.163336342344337e-14
20220624,-4.163336342344337e-14
20220625,5.6363691748701935e-06
20220626,5.728686433689411
20220627,0.03153128142576888
20220628,-4.163336342344337e-14
20220629,0.10378924945183712
20220630,-4.163336342344337e-14
20220701,1.406983686986702
20220702,0.5208041428856804
20220703,4.31639435972517e-05
20220704,-4.163336342344337e-14
20220705,12.307800264256384
20220706,26.179510490944246
20220707,0.014592313995573862
20220708,1.4193208724561222
20220709,0.02258585962238489
20220710,-4.163336342344337e-14
20220711,0.04210526460715927
20220712,3.9094586461338046
20220713,3.5973565354689545
20220714,0.25884406471929744
20220715,3.589818060314668
20220716,16.496214554925615
20220717,17.149377214772784
20220718,11.944594268602476
20220719,0.000301601124830106
20220720,0.8137545444580835
20220721,0.004911323656119066
20220722,0.14741333920744623
20220723,3.5276134207585024
20220724,1.6529358789161313
20220725,3.8946410297640717
20220726,0.03311780182690982
20220727,4.9112561491407645
20220728,0.28233295340204795
20220729,0.06486391459868893
20220730,0.002330268833688633
20220731,0.003952300020456657
20220801,1.6517718008619742
20220802,0.002451253971055369
20220803,2.801791749068212
20220804,11.704614261474754
20220805,3.537703223550018
20220806,0.2862407318880514
20220807,1.246368481365133
20220808,11.112126340053527
20220809,7.852245431497222
20220810,0.5170942876679895
20220811,0.068130804387575
20220812,-4.163336342344337e-14
20220813,0.9678266492264023
20220814,12.466271585307323
20220815,0.20526832140313897
20220816,0.2726660068754376
20220817,0.4477907044080509
20220818,0.08008268218004373
20220819,0.155263625615999
20220820,9.968391750245832
20220821,10.897975149182596
20220822,0.2660918021287538
20220823,9.962116448202738e-06
20220824,0.034624673693558
20220825,0.1860128255392173
20220826,0.7307761104660956
20220827,0.11301284686247634
20220828,0.20893072674880475
20220829,2.279992422115745
20220830,8.657033967799935
20220831,-4.163336342344337e-14
20220901,0.1312445029818657
20220902,0.10112869082742268
20220903,0.18670434482323908
20220904,13.002532148762246
20220905,2.438482443750035
20220906,0.688583193953903
20220907,0.014793037911673416
20220908,-4.163336342344337e-14
20220909,3.5154250832744125e-05
20220910,0.6022390032396903
20220911,10.892537359699787
20220912,1.7716224291885794
20220913,3.002824192039475
20220914,0.0071575224067738225
20220915,0.0035981797178951253
20220916,-4.163336342344337e-14
20220917,0.10909779845569101
20220918,0.06417012780705622
20220919,7.644507243925729
20220920,0.026047096321536848
20220921,1.7136977625398397
20220922,0.6824278065844869
20220923,-4.163336342344337e-14
20220924,0.8191544354071171
20220925,6.617864411568722
20220926,1.9917676009810303
20220927,0.6949895058552721
20220928,0.3309471030625211
20220929,0.0004905877211210201
20220930,-4.163336342344337e-14
20221001,-4.163336342344337e-14
20221002,0.002272994199477501
20221003,-4.163336342344337e-14
20221004,-4.163336342344337e-14
20221005,-4.163336342344337e-14
20221006,0.033420306456967266
20221007,0.5607696523659428
20221008,-4.163336342344337e-14
20221009,-4.163336342344337e-14
20221010,0.00010016896215021071
20221011,0.3893388810012313
20221012,2.5887547106305764
20221013,4.26297597461375
20221014,0.007352968492535272
20221015,1.8013673140015696
20221016,0.03471535495977417
20221017,2.395869744013616
20221018,2.494568278714049
20221019,3.6586359966527873
20221020,0.2258734809297761
20221021,-4.163336342344337e-14
20221022,-4.163336342344337e-14
20221023,1.4197783980574667e-06
20221024,-4.163336342344337e-14
20221025,0.49875736173791557
20221026,11.184837556187166
20221027,-4.163336342344337e-14
20221028,-4.163336342344337e-14
20221029,4.5910589545125926e-05
20221030,0.9169049083666989
20221031,10.08736651205698
20221101,1.0887587125995821
20221102,-4.163336342344337e-14
20221103,-4.163336342344337e-14
20221104,0.0011307659035951212
20221105,5.025569780023604
20221106,0.02661458864500337
20221107,-4.163336342344337e-14
20221108,-4.163336342344337e-14
20221109,-4.163336342344337e-14
20221110,-4.163336342344337e-14
20221111,1.2539845957607223
20221112,4.077786469560494
20221113,0.3575965835263888
20221114,0.0015693506182073345
20221115,0.6450471360622805
20221116,1.6770418683111061
20221117,0.7414237552002403
20221118,0.49824350417504604
20221119,0.09886058217674262
20221120,0.19399666638815982
20221121,-4.163336342344337e-14
20221122,-4.163336342344337e-14
20221123,-4.163336342344337e-14
20221124,0.15827183672538736
20221125,1.2029009999208222
20221126,-4.163336342344337e-14
20221127,31.07955260734307
20221128,0.09912337969561451
20221129,0.09141836042793212
20221130,5.3559553139610205
20221201,0.007112891343972348
20221202,0.048760434253779766
20221203,3.041396080244164
20221204,-4.163336342344337e-14
20221205,0.0001835818944542859
20221206,0.5222884478445539
20221207,0.4690744772194786
20221208,0.06959835158909666
20221209,4.576276002738265
20221210,0.7861507975253873
20221211,0.9920036921800826
20221212,0.07004939834948441
20221213,0.01960679314470724
20221214,1.1470736160998845
20221215,10.346903593732423
20221216,0.6541362792053416
20221217,0.4146574304057728
20221218,0.23375035799588353
20221219,0.02278225273298385
20221220,0.000330115670106225
20221221,0.004130463191497098
20221222,2.2618953709915934
20221223,8.212807197327225
20221224,0.46810091275526156
20221225,0.2977247877845016
20221226,0.43339790322668226
20221227,0.06092893967635211
20221228,2.3498648315994908e-05
20221229,0.02976989183489219
20221230,5.779877816888648
20221231,14.083912127918857
