Week Num,Location,Set,Bottle,Date,Time,Sample Type,F (mg/L),CL (mg/L),NO2 (mg/L),NO3 (mg/L),SO4 (mg/L),SIO2 (mg/L),NH3 (mg/L),SRP (mg/L),TP (mg/L),TKN (mg/L),SS (mg/L),NPOC (mg/L),TN (mg/L),COND (mჾ)
1,MBG,RF,1,09/26/22,1200,SAMPLE,0.52,63,0,0,80.7,1.3262,0.0708,0.01,0.1618,1.163,30.62,-9,-9,-9
1,MBG,RF,3,09/27/22,0400,SAMPLE,0.49,61.4,0.26,0,80.2,1.6908,0.0848,0.0196,0.1559,1.025,30.04,-9,-9,-9
1,MBG,RF,6,09/28/22,0400,SAMPLE,0.5,61.4,0,0,82.7,2.1177,0.0739,0.0206,0.1576,1.126,28.93,-9,-9,-9
1,MBG,RF,9,09/29/22,0400,SAMPLE,0.52,63.1,0,0,85.9,1.5911,0.0636,0.0035,0.1506,1.14,27.43,-9,-9,-9
1,MBG,RF,24,10/03/22,0922,BOTH,0.49,61.2,0,0,86.9,0.0504,0.0144,-0.0008,0.1496,1.293,34.67,-9,-9,-9
3,MBG,RQ,1,10/10/22,1200,SAMPLE,0.43,50.8,0,0.14,67.7,0.5218,0.2083,0.0165,0.2098,1.376,53.06,-9,-9,-9
3,MBG,RQ,4,10/11/22,1200,SAMPLE,0.45,53.7,0,0.11,70.1,0.8421,0.1961,0.0138,0.1504,1.226,22.16,-9,-9,-9
3,MBG,RQ,7,10/12/22,1200,SAMPLE,0.45,53,0,0.09,69.7,1.1824,0.162,0.004,0.1564,1.205,33.85,-9,-9,-9
3,MBG,RQ,10,10/13/22,1200,SAMPLE,0.42,50.5,0,0.1,66.6,1.0771,0.1566,0.0018,0.1517,1.359,29.89,-9,-9,-9
3,MBG,RQ,13,10/14/22,1200,SAMPLE,0.44,49.9,0,0.11,66.7,1.2325,0.1091,0.002,0.143,1.427,20.71,-9,-9,-9
3,MBG,RQ,16,10/15/22,1200,SAMPLE,0.41,48.8,0,0.1,64.3,1.134,0.0517,-0.0002,0.1432,1.255,25.16,-9,-9,-9
3,MBG,RQ,19,10/16/22,1200,SAMPLE,0.41,47.8,0,0.11,64.6,1.168,0.0321,-0.0008,0.133,1.269,21.68,-9,-9,-9
3,MBG,RQ,24,10/17/22,0930,BOTH,0.42,48.8,0,0,66.7,0.9314,0.0175,0.0025,0.1524,1.282,34.99,-9,-9,-9
4,MBG,RI,1,10/17/22,1200,SAMPLE,-9,-9,-9,-9,-9,0.9074,0.1308,-0.0241,0.1339,1.309,34.12,-9,-9,-9
4,MBG,RI,4,10/18/22,1200,SAMPLE,0.34,46.6,0,0,62.4,0.9636,0.1365,-0.0255,0.1307,1.212,25.81,-9,-9,-9
4,MBG,RI,7,10/19/22,1200,SAMPLE,0.33,46.3,0,0.15,58.9,1.2759,0.1319,-0.0251,0.1158,1.14,17.96,-9,-9,-9
4,MBG,RI,10,10/20/22,1200,SAMPLE,0.33,45.7,0,0.18,58.9,1.4466,0.1197,-0.0259,0.1064,1.093,13.76,-9,-9,-9
4,MBG,RI,13,10/21/22,1200,SAMPLE,0.38,47.8,0,0,64.6,1.0093,0.0318,-0.0225,0.1215,1.203,22.65,-9,-9,-9
4,MBG,RI,16,10/22/22,1200,SAMPLE,0.35,50.8,0,0.18,64.3,1.0896,0.0062,-0.0271,0.1167,1.121,21.51,-9,-9,-9
4,MBG,RI,19,10/23/22,1200,SAMPLE,0.34,45.8,0,0.18,59.9,0.781,0.0252,-0.028,0.099,1.155,16.27,-9,-9,-9
4,MBG,RI,24,10/24/22,0918,BOTH,0.36,45.8,0,0.11,58.9,0.6129,0.0663,-0.0218,0.1114,1.484,22.82,-9,-9,-9
5,MBG,RE,1,10/24/22,1200,SAMPLE,-9,-9,-9,-9,-9,0.642,0.1101,0.0013,0.1051,1.281,24.46,-9,-9,-9
5,MBG,RE,4,10/25/22,1200,SAMPLE,0.43,46.5,0,0,69,0.3932,0.0981,0.0006,0.1096,1.179,25.21,-9,-9,-9
5,MBG,RE,7,10/26/22,1200,SAMPLE,0.41,46,0.23,0,68.3,0.0763,0.0984,0.0003,0.1093,1.185,27.7,-9,-9,-9
5,MBG,RE,10,10/27/22,1200,SAMPLE,0.41,46.3,0,0,69.5,0.2106,0.0556,-0.0001,0.1181,1.079,27.95,-9,-9,-9
5,MBG,RE,13,10/28/22,1200,SAMPLE,0.42,47.3,0,0,70.2,0.0277,0.0392,-0.0002,0.1185,1.203,25.64,-9,-9,-9
5,MBG,RE,16,10/29/22,1200,SAMPLE,0.41,46.8,0,0,68.3,0.3053,0.0218,0.0002,0.1163,1.298,25.43,-9,-9,-9
5,MBG,RE,19,10/30/22,1200,SAMPLE,0.48,50.2,0.24,0,66.8,0.0216,0.0196,0.0011,0.104,1.236,24.77,-9,-9,-9
5,MBG,RE,24,10/31/22,0914,BOTH,0.46,50.3,0.29,0.08,70.5,0.427,0.0424,0.0018,0.1055,1.085,28.96,-9,-9,-9
6,MBG,RK,1,10/31/22,1200,SAMPLE,0.39,51.8,0.16,0,64.7,0.0145,0.1212,-0.0007,0.1094,1.329,30.32,-9,-9,-9
6,MBG,RK,4,11/01/22,1200,SAMPLE,0.29,55.1,0.19,0,68.3,0.0303,0.1681,0.0006,0.1172,1.241,22.92,-9,-9,-9
6,MBG,RK,7,11/02/22,1200,SAMPLE,0.4,54.4,0.18,0,67.2,0.0303,0.1864,0.0006,0.1069,1.363,18.83,-9,-9,-9
6,MBG,RK,10,11/03/22,1200,SAMPLE,0.29,56.7,0.21,0,69.9,0.0341,0.1704,0.0005,0.1054,1.252,18.45,-9,-9,-9
6,MBG,RK,13,11/04/22,1200,SAMPLE,0.3,57.3,0.2,0,70.6,0.0307,0.1018,0.0004,0.1182,1.306,21.32,-9,-9,-9
6,MBG,RK,16,11/05/22,1200,SAMPLE,0.31,60.8,0.22,0,74,0.0816,0.0448,-0.0014,0.1357,1.407,34.71,-9,-9,-9
6,MBG,RK,19,11/06/22,1200,SAMPLE,0.31,61.1,0.25,0,79.5,0.047,0.0164,0.0012,0.1176,1.44,26.49,-9,-9,-9
6,MBG,RK,24,11/07/22,0914,BOTH,0.43,64.5,0.25,0,79.6,0.0103,0.0686,0.0006,0.1173,1.192,23.04,-9,-9,-9
7,MBG,RG,1,11/07/22,1200,SAMPLE,0.5,63.1,0.27,0,83,0.1151,0.189,0.0052,0.1569,1.301,37.01,-9,-9,-9
7,MBG,RG,4,11/08/22,1200,SAMPLE,0.51,64.8,0.3,0,84.9,0.1926,0.1931,0.0048,0.1297,1.192,27.23,-9,-9,-9
7,MBG,RG,7,11/09/22,1200,SAMPLE,0.52,67.2,0.3,0,86.4,-0.0521,0.1665,0.0028,0.1122,1.213,15.14,-9,-9,-9
7,MBG,RG,10,11/10/22,1200,SAMPLE,0.4,73.3,0.36,0,91.2,0.167,0.1704,0.0028,0.1213,1.231,17.96,-9,-9,-9
7,MBG,RG,13,11/11/22,1200,SAMPLE,0.04,72.5,0.34,0,89.4,0.1479,0.1119,0.0011,0.1241,1.207,15.47,-9,-9,-9
7,MBG,RG,16,11/12/22,1200,SAMPLE,0.39,75.3,0.37,0,90.3,0.0349,0.0966,0.0006,0.1176,1.315,20.65,-9,-9,-9
7,MBG,RG,19,11/13/22,1200,SAMPLE,0.39,75.1,0.35,0,89.6,0.0223,0.0629,0.0007,0.1083,1.277,16.64,-9,-9,-9
7,MBG,RG,24,11/14/22,0920,BOTH,0.4,79.5,0.37,0,94,0.0735,0.0736,0.0008,0.0987,1.202,12.93,-9,-9,-9
9,MBG,RW,1,11/14/22,1200,SAMPLE,0.4,77.4,0.32,0,86.2,-9,0.1624,-0.0006,0.1086,1.198,23.07,-9,-9,-9
9,MBG,RW,2,11/15/22,1200,SAMPLE,0.4,78.4,0.3,0,88.5,-9,0.1549,-0.0004,0.0885,1.019,14.69,-9,-9,-9
9,MBG,RW,3,11/16/22,1200,SAMPLE,0.41,81.1,0.3,0,91.9,-9,0.1031,-0.0024,0.0829,1.036,15.12,-9,-9,-9
9,MBG,RW,4,11/17/22,1200,SAMPLE,0.42,84.4,0.33,0,97.6,-9,0.1147,-0.0017,0.0806,1.011,13.76,-9,-9,-9
9,MBG,RW,5,11/18/22,1200,SAMPLE,0.42,86.2,0.32,0,98.6,-9,0.0932,-0.0027,0.0822,0.915,15.63,-9,-9,-9
9,MBG,RW,6,11/19/22,1200,SAMPLE,0.42,87.5,0.32,0,101.2,-9,0.1014,-0.0026,0.1287,1.154,45,-9,-9,-9
9,MBG,RW,7,11/20/22,1200,SAMPLE,0.42,84.6,0.3,0,99.7,-9,0.0624,-0.0027,0.0719,0.952,18.31,-9,-9,-9
9,MBG,RW,8,11/21/22,1200,SAMPLE,0.43,87.6,0.33,0,102.7,-9,0.064,-0.0028,0.0755,0.919,12.5,-9,-9,-9
9,MBG,RW,9,11/22/22,1200,SAMPLE,0.44,88,0.31,0,104.2,-9,0.0613,-0.0025,0.0691,0.942,9.45,-9,-9,-9
9,MBG,RW,10,11/23/22,1200,SAMPLE,0.43,84.6,0.31,0,103.2,-9,0.0534,-0.0035,0.0662,0.825,8.45,-9,-9,-9
9,MBG,RW,11,11/24/22,1200,SAMPLE,0.44,84.1,0.3,0,102.9,-9,0.0708,0.0003,0.0639,0.852,9.27,-9,-9,-9
9,MBG,RW,12,11/25/22,1200,SAMPLE,0.43,83,0.29,0,102,-9,0.0255,-0.0034,0.0647,0.763,8.82,-9,-9,-9
9,MBG,RW,13,11/26/22,1200,SAMPLE,0.43,82.4,0.29,0,101.3,-9,0.0295,-0.0026,0.0689,0.78,9.24,-9,-9,-9
9,MBG,RW,14,11/27/22,1200,SAMPLE,0.42,80,0.3,0,98,-9,0.0295,-0.0033,0.069,0.808,10.55,-9,-9,-9
9,MBG,RW,24,11/28/22,0910,BOTH,0.52,76.8,0.34,0.34,87.4,-9,0.0304,-0.0016,0.1117,0.967,19.74,-9,-9,-9
10,MBG,RC,1,11/28/22,1200,SAMPLE,0.55,73.1,0,0.56,84.4,0.9416,0.0724,0.0044,0.1302,1.035,-9,8.88,1.633,-9
10,MBG,RC,4,11/29/22,1200,SAMPLE,0.58,73.6,0,0.67,96.5,2.0012,0.0657,0.0152,0.1122,0.996,-9,6.83,1.804,-9
10,MBG,RC,7,11/30/22,1200,SAMPLE,0.61,81,0,0.52,106.1,2.187,0.0438,0.0245,0.1261,0.925,-9,6.733,1.692,-9
10,MBG,RC,10,12/01/22,1200,SAMPLE,0.47,59.8,0,0.73,73.8,2.524,0.0363,0.0227,0.1126,1.045,-9,6.894,1.993,-9
10,MBG,RC,13,12/02/22,1200,SAMPLE,0.56,69.5,0,1.24,86,2.4418,0.0311,0.0275,0.108,0.896,-9,6.796,2.517,-9
10,MBG,RC,16,12/03/22,1200,SAMPLE,0.57,73.1,0,0.96,89.4,1.8309,0.0245,0.0198,0.1224,0.909,-9,7.485,2.215,-9
10,MBG,RC,19,12/04/22,1200,SAMPLE,0.58,73,0,1.04,92.8,2.0595,0.0265,0.0236,0.1006,0.831,-9,8.274,2.264,-9
10,MBG,RC,24,12/05/22,0923,BOTH,0.56,76,0,1.09,98.1,2.291,0.0537,0.0213,0.0887,0.883,-9,6.463,2.197,-9
11,MBG,RU,1,12/05/22,1200,SAMPLE,0.51,74.2,0,0.92,94.8,2.264,0.047,0.0164,0.0899,0.921,11.59,6.73,2.152,-9
11,MBG,RU,4,12/06/22,1200,SAMPLE,0.51,76.7,0,0.9,98.3,2.4568,0.047,0.0205,0.0957,0.862,3.42,6.799,2.26,-9
11,MBG,RU,7,12/07/22,1200,SAMPLE,0.51,78,0,0.94,98.1,2.3123,0.0462,0.0241,0.1041,0.906,6,7.08,2.307,-9
11,MBG,RU,10,12/08/22,1200,SAMPLE,0.51,77.5,0,1.02,98.3,2.3647,0.0318,0.0192,0.093,1.122,6.59,7.485,2.427,-9
11,MBG,RU,13,12/09/22,1200,SAMPLE,0.51,79.1,0,1.17,101.7,2.4668,0.0072,0.0189,0.1016,1.048,15.69,7.455,2.571,-9
11,MBG,RU,16,12/10/22,1200,SAMPLE,0.52,82.7,0,1.37,105.4,2.3033,0.0192,0.0229,0.0913,1.019,7.84,7.565,2.892,-9
11,MBG,RU,19,12/11/22,1200,SAMPLE,0.52,83.9,0,1.41,105.1,2.099,0.0259,0.0288,0.0903,0.977,5.24,7.695,2.836,-9
11,MBG,RU,24,12/12/22,0925,BOTH,0.49,78.6,0,1.31,96.1,2.0965,0.0301,0.0361,0.096,0.965,3.25,7.998,3.062,-9
14,MBG,RH,1,12/12/22,1200,SAMPLE,0.4,85.3,0,2.54,104.8,2.232,0.0833,0.022,0.0758,0.867,11.33,-9,-9,-9
14,MBG,RH,3,12/14/22,1200,SAMPLE,0.41,85.7,0,2.53,103.2,2.2507,0.077,0.0319,0.0787,0.763,7.98,-9,-9,-9
14,MBG,RH,5,12/16/22,1200,SAMPLE,0.33,70.8,0,3.22,93.4,3.6293,0.0782,0.0315,0.0993,0.93,28.02,-9,-9,-9
14,MBG,RH,7,12/18/22,1200,SAMPLE,0.37,75.5,0,2.39,100.7,3.1918,0.052,0.0211,0.0728,0.769,15.57,-9,-9,-9
14,MBG,RH,9,12/20/22,1200,SAMPLE,0.35,72.9,0,2.25,94.2,2.0426,0.075,0.0094,0.0937,0.952,23.41,-9,-9,-9
14,MBG,RH,11,12/22/22,1200,SAMPLE,0.34,73.5,0,2.12,92.5,1.5808,0.0626,0.0033,0.0806,0.96,27.39,-9,-9,-9
14,MBG,RH,13,12/24/22,1200,SAMPLE,0.34,71.9,0,2.2,89.7,0.4185,0.1109,-0.0004,0.0925,1.249,36.44,-9,-9,-9
14,MBG,RH,15,12/26/22,1200,SAMPLE,0.37,73.7,0,2.29,92.6,-0.0956,0.1248,-0.0008,0.0954,1.339,27.66,-9,-9,-9
14,MBG,RH,17,12/28/22,1200,SAMPLE,0.37,70.9,0,2.26,88.3,-0.1666,0.0494,-0.0016,0.0872,1.523,21.53,-9,-9,-9
14,MBG,RH,18,12/29/22,1200,SAMPLE,0.36,67.9,0,2.16,85,-0.1745,0.0422,-0.0008,0.0837,1.519,19.76,-9,-9,-9
14,MBG,RH,19,12/30/22,1200,SAMPLE,0.36,68.4,0,2.21,85.7,-0.1818,0.0473,-0.0009,0.0831,1.405,18.1,-9,-9,-9
14,MBG,RH,20,12/31/22,1200,SAMPLE,0.28,58.8,0,2.42,85.6,2.3102,0.0661,0.0069,0.1105,0.995,16.61,-9,-9,-9
14,MBG,RH,21,01/01/23,1200,SAMPLE,0.31,65.6,0,4.49,85.7,3.6162,0.0517,0.0274,0.1627,1.214,50.88,-9,-9,-9
14,MBG,RH,22,01/02/23,1200,SAMPLE,0.24,48.5,0,4.91,63.6,4.5698,0.074,0.0571,0.2374,1.282,88.17,-9,-9,-9
14,MBG,RH,24,01/03/23,0854,BOTH,0.27,56.3,0,5.44,71.5,5.4096,0.1167,0.0895,0.2447,1.472,61.64,-9,-9,-9
15,MBG,RL,1,01/03/23,1200,SAMPLE,0.28,57.4,0,5.47,73.3,5.5993,0.1266,0.0887,0.2582,1.17,-9,-9,-9,-9
15,MBG,RL,4,01/04/23,1200,SAMPLE,0.2,40.4,0,6.71,50.5,6.9182,0.0779,0.0708,0.298,1.706,-9,-9,-9,-9
15,MBG,RL,5,01/04/23,2000,SAMPLE,0.13,39.5,0.03,7.54,50.9,7.2608,0.0799,0.069,0.3248,1.776,-9,-9,-9,-9
15,MBG,RL,7,01/05/23,1200,SAMPLE,0.13,39.6,0.04,8.7,54.1,7.2573,0.0818,0.0877,0.3174,1.788,-9,-9,-9,-9
15,MBG,RL,10,01/06/23,1200,SAMPLE,0.21,37.7,0.04,7.67,49.5,7.5834,0.0834,0.0933,0.3251,1.83,-9,-9,-9,-9
15,MBG,RL,13,01/07/23,1200,SAMPLE,0.12,40.3,0.04,6.96,50.5,7.652,0.0869,0.0992,0.2999,1.761,-9,-9,-9,-9
15,MBG,RL,16,01/08/23,1200,SAMPLE,0.22,39.1,0.04,6.98,50.8,7.7317,0.0762,0.0946,0.2932,1.636,-9,-9,-9,-9
15,MBG,RL,24,01/09/23,0916,BOTH,0.2,40.4,0.04,6.98,52.7,7.7193,0.0884,0.1041,0.2847,1.67,-9,-9,-9,-9
16,MBG,RP,1,01/09/23,1200,SAMPLE,0.28,43.1,0,6.19,50,7.6362,0.0715,0.0925,0.277,1.683,43.84,8.183,7.432,-9
16,MBG,RP,4,01/10/23,1200,SAMPLE,0.28,44.1,0,6.24,53.2,7.7838,0.0592,0.0884,0.2474,1.393,31.58,8.193,7.421,-9
16,MBG,RP,7,01/11/23,1200,SAMPLE,0.26,41.7,0,5.82,51.8,7.5266,0.054,0.0822,0.2367,1.821,32.09,8.176,7.123,-9
16,MBG,RP,10,01/12/23,1200,SAMPLE,0.28,39.4,0,5.2,50.7,7.7355,0.0758,0.0925,0.2557,1.594,51.21,8.635,6.927,-9
16,MBG,RP,13,01/13/23,1200,SAMPLE,0.36,41.9,0,5.32,53.2,7.6027,0.118,0.095,0.225,1.52,29.25,7.756,6.439,-9
16,MBG,RP,16,01/14/23,1200,SAMPLE,0.3,43.2,0,5.04,59.5,7.7342,0.1106,0.0941,0.2025,1.428,23.96,8.796,6.469,-9
16,MBG,RP,19,01/15/23,1200,SAMPLE,0.31,48.3,0,5.25,66.3,7.7045,0.094,0.0862,0.19,1.289,21.35,8.518,6.376,-9
16,MBG,RP,24,01/16/23,0915,BOTH,0.27,43.8,0,4.59,61.8,7.7445,0.0986,0.0793,0.1777,1.22,15.76,7.634,5.938,-9
17,MBG,RT,1,01/16/23,1200,SAMPLE,0.21,43.3,0,5.76,66.8,7.7313,0.1198,0.0856,0.1777,1.165,22.02,6.768,5.994,-9
17,MBG,RT,4,01/17/23,1200,SAMPLE,0.21,46.2,0.03,5.43,71.6,7.5444,0.1321,0.0772,0.1915,1.043,48.01,6.238,5.573,-9
17,MBG,RT,7,01/18/23,1200,SAMPLE,0.22,44.9,0,6.24,73.1,7.672,0.1459,0.0723,0.1607,1.101,21.93,6.189,6.429,-9
17,MBG,RT,10,01/19/23,1200,SAMPLE,0.2,35.1,0,5.91,64,7.3958,0.1055,0.0703,0.3665,1.447,109.72,6.429,6.034,-9
17,MBG,RT,13,01/20/23,1200,SAMPLE,0.21,33.3,0.03,6.93,51,7.2589,0.0403,0.0725,0.5453,2.279,225.95,9.532,7.124,-9
17,MBG,RT,16,01/21/23,1200,SAMPLE,0.19,24.5,0.04,6.56,39.1,7.1809,0.0388,0.0902,0.7313,2.85,378.82,10.07,6.696,-9
17,MBG,RT,19,01/22/23,1200,SAMPLE,0.2,29.2,0.04,6.78,43.1,7.3688,0.0532,0.097,0.5754,2.307,211.01,8.889,6.899,-9
17,MBG,RT,24,01/23/23,0927,BOTH,0.2,31.4,0.03,6.67,48.7,7.6047,0.1027,0.0916,0.4348,1.716,113.59,7.752,6.635,-9
18,MBG,RB,1,01/23/23,1200,SAMPLE,0.27,31,0.07,6.19,45.8,7.5812,0.0383,0.0835,0.4587,1.857,112.08,7.23,6.494,-9
18,MBG,RB,4,01/24/23,1200,SAMPLE,0.26,29.3,0.07,6.11,44.9,7.6542,0.0426,0.0833,0.4199,1.692,77.83,7.524,6.271,-9
18,MBG,RB,7,01/25/23,1200,SAMPLE,0.26,28.3,0.07,6.35,45.2,7.3585,0.0521,0.0955,0.4329,1.833,83.01,7.392,6.673,-9
18,MBG,RB,10,01/26/23,1200,SAMPLE,0.26,29.9,0.07,6.36,48.2,7.6926,0.0588,0.0979,0.3807,1.537,63.63,7.273,6.739,-9
18,MBG,RB,13,01/27/23,1200,SAMPLE,0.26,33.1,0,6.16,51.7,7.5589,0.0543,0.0882,0.3859,1.58,99.38,7.367,6.677,-9
18,MBG,RB,16,01/28/23,1200,SAMPLE,0.26,36.5,0,5.99,54.1,7.521,0.0591,0.0855,0.2819,1.393,53.2,6.647,6.526,-9
18,MBG,RB,19,01/29/23,1200,SAMPLE,0.26,41.1,0,6.05,56.8,7.714,0.0592,0.0773,0.2511,1.293,36.74,6.711,6.57,-9
18,MBG,RB,24,01/30/23,0917,BOTH,0.26,37.3,0,6.12,58.4,7.4575,0.0357,0.0581,0.2277,1.229,43.22,6.032,6.613,-9
19,MBG,RN,1,01/30/23,1200,SAMPLE,0.26,37.1,0,6.03,56.4,7.2972,0.0071,0.0475,0.2139,1.316,52.89,6.454,5.992,-9
19,MBG,RN,4,01/31/23,1200,SAMPLE,0.29,48.9,0,6.32,54.4,7.2201,0.0613,0.0604,0.2218,1.408,56.37,6.196,6.295,-9
19,MBG,RN,7,02/01/23,1200,SAMPLE,0.27,60.4,0,5.87,56.8,7.5283,0.064,0.0611,0.2042,1.307,46.75,6.335,5.871,-9
19,MBG,RN,10,02/02/23,1200,SAMPLE,0.26,49.6,0,6.44,51.5,7.6044,0.0436,0.0668,0.2122,1.364,38.05,6.075,6.514,-9
19,MBG,RN,13,02/03/23,1200,SAMPLE,0.27,54.8,0,6.24,54.7,7.6905,0.0726,0.0712,0.2098,1.246,30.58,6.748,6.214,-9
19,MBG,RN,16,02/04/23,1200,SAMPLE,0.26,50.9,0,6.07,54.7,7.3273,0.0607,0.0746,0.1873,1.154,24.44,6.548,6.139,-9
19,MBG,RN,19,02/05/23,1200,SAMPLE,0.27,46.1,0,6.06,55.1,7.3422,0.0582,0.0786,0.1897,1.17,25.05,6.601,6.216,-9
19,MBG,RA,5,02/06/23,0000,SAMPLE,0,0,0,0,0,0.0459,-0.0003,0.0026,0.005,0.014,0,0.5474,0.0203,-9
19,MBG,RN,24,02/06/23,0904,BOTH,0.27,44.1,0,6.33,53.8,7.4069,0.05,0.0774,0.1994,1.199,25.41,6.791,6.335,-9
20,MBG,RJ,1,02/06/23,1200,SAMPLE,0.27,44.9,0,6.5,54.9,7.2948,0.1534,0.0796,0.217,1.014,22.35,5.913,6.453,-9
20,MBG,RJ,4,02/07/23,1200,SAMPLE,0.27,44.9,0,6.35,57,7.1864,0.0905,0.0782,0.2164,1.095,46.34,5.785,6.237,-9
20,MBG,RJ,7,02/08/23,1200,SAMPLE,0.28,43.8,0,6.24,57.4,7.1956,0.1195,0.0729,0.1874,0.903,21.8,6,6.201,-9
20,MBG,RJ,10,02/09/23,1200,SAMPLE,0.23,27.8,0,4.22,38.6,6.3203,0.074,0.0735,0.6666,2.154,368.63,6.233,4.883,-9
20,MBG,RJ,11,02/09/23,2000,SAMPLE,0.28,25.8,0.05,5.48,35.7,6.4084,0.015,0.0673,0.7943,2.714,447.88,8.336,4.885,-9
20,MBG,RJ,12,02/10/23,0400,SAMPLE,0.29,26,0.05,5.69,33.1,6.4137,0.0171,0.0744,0.8685,3.229,436.21,8.276,5.108,-9
20,MBG,RJ,13,02/10/23,1200,SAMPLE,0.28,25.9,0.05,5.66,32.5,6.5925,0.0215,0.0845,0.8479,3.666,433.85,8.45,5.047,-9
20,MBG,RJ,14,02/10/23,2000,SAMPLE,0.28,25.3,0.06,5.21,34.6,6.4564,0.036,0.0829,0.7722,2.654,405.69,9.274,4.735,-9
20,MBG,RJ,15,02/11/23,0400,SAMPLE,0.27,22.1,0.06,5.07,29.7,6.5181,0.0096,0.0786,0.9303,3.033,538.68,8.945,4.516,-9
20,MBG,RJ,16,02/11/23,1200,SAMPLE,0.27,24.1,0.06,5.24,30.1,6.389,0.0155,0.0916,0.9477,2.907,514.16,9.156,4.788,-9
20,MBG,RJ,19,02/12/23,1200,SAMPLE,0.28,31.5,0.06,5.54,36.2,6.7749,0.0265,0.0946,0.6111,2.394,268.72,9.062,5.066,-9
20,MBG,RJ,24,02/13/23,0920,BOTH,0.27,31.2,0.05,5.97,38.8,6.8824,0.0653,0.0943,0.5177,1.9,177.25,7.705,5.832,-9
21,MBG,RD,1,02/13/23,1200,SAMPLE,0.27,30.8,0.11,5.88,36.2,6.9554,0.0421,0.0973,0.5496,1.967,176.08,7.793,5.604,-9
21,MBG,RD,4,02/14/23,1200,SAMPLE,0.26,29.2,0,5.61,36.1,6.9817,0.0773,0.1005,0.4798,1.938,119.96,7.96,5.083,-9
21,MBG,RD,7,02/15/23,1200,SAMPLE,0.26,29.4,0.11,5.83,36.6,6.9602,0.0725,0.0976,0.5526,2.183,253.73,7.976,5.353,-9
21,MBG,RD,10,02/16/23,1200,SAMPLE,0.27,32.1,0,6.03,42.7,7.4374,0.109,0.1019,0.3784,1.786,74.53,7.824,5.348,-9
21,MBG,RD,13,02/17/23,1200,SAMPLE,0.27,32.5,0,5.7,41.8,7.002,0.0756,0.0937,0.3224,1.539,54.99,8.463,4.714,-9
21,MBG,RD,16,02/18/23,1200,SAMPLE,0.26,34.1,0,5.63,46.9,6.8431,0.0532,0.0829,0.3519,1.685,116.96,8.071,4.782,-9
21,MBG,RD,19,02/19/23,1200,SAMPLE,0.26,34.7,0,5.56,51,6.8301,0.0475,0.0767,0.29,1.709,79.14,7.844,4.995,-9
21,MBG,RD,24,02/20/23,0942,BOTH,0.27,36.3,0,5.56,52.6,6.9169,0.0779,0.0716,0.2278,1.131,39.56,6.829,5.358,-9
22,MBG,RA,1,02/20/23,1200,SAMPLE,0.15,36.2,0,6.09,56.6,7.0958,0.056,0.0766,0.228,1.165,37.59,7.251,6.391,-9
22,MBG,RA,4,02/21/23,1200,SAMPLE,0.16,37.3,0.03,5.94,58.6,6.3103,0.0188,0.072,0.2355,1.272,57.46,7.647,6.188,-9
22,MBG,RA,7,02/22/23,1200,SAMPLE,-9,-9,-9,-9,-9,6.4809,0.0512,0.0708,0.2429,1.091,74.74,7.554,5.774,-9
22,MBG,RA,10,02/23/23,1200,SAMPLE,0.2,21.9,0,4.7,33,5.6668,0.038,0.0849,0.6532,2.819,266.67,8.166,4.706,-9
22,MBG,RA,13,02/24/23,1200,SAMPLE,0.19,17.8,0.03,4.09,25,5.9476,0.0139,0.0994,0.9307,3.46,475.81,8.419,4.285,-9
22,MBG,RA,16,02/25/23,1200,SAMPLE,0.15,20.6,0.03,4.67,27.9,5.6165,0.0207,0.0977,0.661,3.289,254.86,8.921,4.633,-9
22,MBG,RA,24,02/26/23,0644,BOTH,0.16,19.8,0.03,5.08,26.9,5.9487,0.0247,0.0948,0.6239,2.317,183.98,8.627,5.232,-9
23,MBG,RM,1,02/26/23,1200,SAMPLE,0.21,18.6,0.02,5.11,23.2,6.0401,0.0363,0.1158,0.6293,0.183,215.69,8.354,5.615,-9
23,MBG,RM,4,02/27/23,1200,SAMPLE,0.2,19.4,0.01,5.24,26.7,6.3831,0.0194,0.1093,0.5573,1.911,141.64,8.169,6.047,-9
23,MBG,RM,7,02/28/23,1200,SAMPLE,0.22,14.4,0.01,4.25,20.1,5.7095,0.0126,0.0865,0.8626,2.614,287.97,8.048,4.743,-9
23,MBG,RM,9,03/01/23,0400,SAMPLE,0.21,14.2,0.01,4.11,21.6,5.9566,0.0088,0.0799,0.8845,2.838,430.68,7.876,4.647,-9
23,MBG,RM,13,03/02/23,1200,SAMPLE,0.23,16.3,0.01,4.21,23,6.3675,0.0119,0.0942,0.7478,1.631,282.95,9.032,4.628,-9
23,MBG,RM,16,03/03/23,1200,SAMPLE,0.2,17.4,0.01,4.29,25.1,6.6985,0.0115,0.0871,0.6437,1.969,196.36,9.251,4.994,-9
23,MBG,RM,19,03/04/23,1200,SAMPLE,0.21,10.8,0,3.31,16.1,5.2546,0.0093,0.0784,0.9556,2.808,372.17,7.146,3.523,-9
23,MBG,RM,22,03/05/23,1200,SAMPLE,0.2,9.7,0.01,2.84,14.7,5.1122,0.0171,0.0795,0.9685,3.113,466.94,8.814,3.185,-9
23,MBG,RM,24,03/06/23,0918,BOTH,0.21,11.9,0,3.04,16.4,5.647,0.0308,0.0869,0.8561,1.734,337.6,7.886,3.568,-9
24,MBG,RS,1,03/06/23,1200,SAMPLE,0.22,11.9,0,3.39,16.3,5.3018,-0.0076,0.0706,0.8233,2.755,381.59,7.455,3.252,-9
24,MBG,RS,4,03/07/23,1200,SAMPLE,0.22,12.3,0,3.51,17.1,5.5026,-0.0038,0.0822,0.6699,2.545,285.23,8.081,3.252,-9
24,MBG,RS,7,03/08/23,1200,SAMPLE,0.23,14,0,3.98,20.6,5.9455,0.0075,0.09,0.6047,2.267,187.16,7.698,3.618,-9
24,MBG,RS,10,03/09/23,1200,SAMPLE,0.23,16.3,0,4.24,24.9,6.1611,0.0153,0.0876,0.498,2.004,139,7.013,4.022,-9
24,MBG,RS,13,03/10/23,1200,SAMPLE,0.23,18.4,0,4.28,28.9,6.2259,-0.0079,0.0563,0.4258,1.912,103.13,7.392,3.94,-9
24,MBG,RS,16,03/11/23,1200,SAMPLE,0.22,21.1,0,4.19,33.1,6.185,0.0016,0.0629,0.3602,1.554,76.61,8.023,3.82,-9
24,MBG,RS,19,03/12/23,1200,SAMPLE,0.23,22.5,0.01,4.34,36.8,6.308,0.0082,0.0675,0.3337,1.482,60.18,6.876,4.352,-9
24,MBG,RS,24,03/13/23,0916,BOTH,0.24,26.3,0,4.35,40.8,6.6405,0.0054,0.055,0.2583,1.334,48.54,6.336,4.552,-9
25,MBG,RB,1,03/13/23,1200,SAMPLE,0.22,25.9,0,4.21,43.3,6.4899,0.0773,0.0694,0.2585,1.12,56.63,5.901,3.907,-9
25,MBG,RB,4,03/14/23,1200,SAMPLE,0.22,29.4,0,4.22,46.8,6.5744,0.0852,0.0619,0.1937,1.013,42.9,5.796,3.964,-9
25,MBG,RB,7,03/15/23,1200,SAMPLE,0.23,32.1,0,4.09,51,6.3665,0.0845,0.0553,0.1653,0.891,33.05,5.765,3.859,-9
25,MBG,RB,10,03/16/23,1200,SAMPLE,0.24,33.2,0,4.05,53.7,6.2537,0.0861,0.0489,0.208,1.061,91.8,5.764,3.691,-9
25,MBG,RB,13,03/17/23,1200,SAMPLE,0.23,31.5,0,3.93,51.5,6.0437,0.047,0.0451,0.162,0.989,45.26,5.78,3.605,-9
25,MBG,RB,16,03/18/23,1200,SAMPLE,0.23,33.3,0,4.03,54.3,6.0292,0.0363,0.0436,0.1584,0.929,46.42,6.034,3.566,-9
25,MBG,RB,19,03/19/23,1200,SAMPLE,0.23,32.9,0,3.86,52.8,5.6961,0.0455,0.0379,0.1403,0.787,33.25,5.995,3.443,-9
25,MBG,RB,24,03/20/23,0913,BOTH,0.24,35.3,0,4.1,58.8,6.056,0.0607,0.038,0.1249,0.789,24.74,5.435,3.739,-9
26,MBG,RF,1,03/20/23,1200,SAMPLE,0.23,34.5,0.09,3.84,53.8,6.1034,0.027,0.0403,0.1475,0.4,44.38,7.113,4.066,-9
26,MBG,RF,4,03/21/23,1200,SAMPLE,0.22,34.3,0.08,3.77,55.3,5.6105,0.0268,0.0343,0.1276,0.344,23.46,5.673,3.832,-9
26,MBG,RF,7,03/22/23,1200,SAMPLE,0.23,35,0.08,3.85,58,5.5127,0.0079,0.0251,0.1175,0.382,20.85,5.58,3.914,-9
26,MBG,RF,10,03/23/23,1200,SAMPLE,0.23,35.7,0.08,3.63,58,5.8321,0.017,0.036,0.1236,0.409,17.82,5.65,3.736,-9
26,MBG,RF,13,03/24/23,1200,SAMPLE,0.23,28.9,0.07,4.65,41.6,5.7774,0.0171,0.0408,0.4221,1.583,170.58,7.742,4.259,-9
26,MBG,RF,16,03/25/23,1200,SAMPLE,0.23,19.4,0.06,4.74,26.9,5.8678,-0.0018,0.0727,0.7316,1.986,332.7,8.883,4.064,-9
26,MBG,RF,19,03/26/23,1200,SAMPLE,0.22,14,0.05,5.06,19.7,6.0985,0.0332,0.0894,0.6708,1.616,206.67,9.948,4.065,-9
26,MBG,RF,24,03/27/23,0916,BOTH,0.22,14.4,0.05,5.1,20.6,6.4432,0.0078,0.0912,0.6182,1.24,151.7,8.992,4.425,-9
27,MBG,RW,1,03/27/23,1200,SAMPLE,0.25,15.1,0,5.01,20.5,6.3715,0.0086,0.091,0.6153,2.431,172.35,12.6,4.379,-9
27,MBG,RW,4,03/28/23,1200,SAMPLE,0.24,16,0,5,22.5,6.7269,0.0136,0.0926,0.5295,2.471,131,12.83,4.262,-9
27,MBG,RW,7,03/29/23,1200,SAMPLE,0.25,17.2,0,4.79,25.3,6.5737,0.0174,0.0852,0.482,1.929,115.52,12.05,4.275,-9
27,MBG,RW,10,03/30/23,1200,SAMPLE,0.25,18.8,0,4.78,29.2,6.5797,-0.001,0.0791,0.4443,2.113,94.25,13.14,4.323,-9
27,MBG,RW,13,03/31/23,1200,SAMPLE,0.25,21.3,0,4.86,33.6,6.5455,0.018,0.0782,0.3628,1.49,72.39,12.65,4.383,-9
27,MBG,RW,16,04/01/23,1200,SAMPLE,0.25,22.5,0,4.74,37.5,6.2881,0.0007,0.0593,0.3606,1.428,117.65,12.81,4.337,-9
27,MBG,RW,20,04/02/23,2000,SAMPLE,0.25,22.7,0,4.49,34.4,6.2314,0.0368,0.0618,0.5753,2.272,287.2,13.42,4.023,-9
27,MBG,RW,24,04/03/23,0912,BOTH,0.29,22.7,0,4.12,37,6.1171,0.0237,0.0554,0.4757,2.432,206.27,13.24,3.926,-9
28,MBG,RP,1,04/03/23,1200,SAMPLE,0.26,22.9,0.03,4.51,40.4,5.6665,0.1124,0.0794,0.4976,2.395,224.43,13.46,4.459,-9
28,MBG,RP,4,04/04/23,1200,SAMPLE,0.26,21.5,0.03,4.09,36.6,5.2586,0.0896,0.08,0.5213,2.624,255.28,13.8,4.056,-9
28,MBG,RP,7,04/05/23,1200,SAMPLE,0.26,22.3,0.03,4.43,39.1,5.5263,0.1198,0.0833,0.4884,2.16,209.26,13.61,4.155,-9
28,MBG,RP,10,04/06/23,1200,SAMPLE,0.27,22.9,0.03,4.44,41.4,5.5703,0.1112,0.084,0.4022,1.927,114.87,14.26,4.181,-9
28,MBG,RP,13,04/07/23,1200,SAMPLE,0.26,24,0.03,4.42,41.9,5.4942,0.03,0.0767,0.3174,1.57,77.43,14.29,4.085,-9
28,MBG,RP,16,04/08/23,1200,SAMPLE,0.26,26.6,0.03,4.17,45,5.5114,0.039,0.0723,0.2771,1.5,83.01,14.12,3.957,-9
28,MBG,RP,19,04/09/23,1200,SAMPLE,0.26,29,0.04,4.42,49.7,5.5858,0.0627,0.0674,0.2243,1.339,56.66,15.38,4.148,-9
28,MBG,RP,24,04/10/23,0919,BOTH,0.28,31.2,0.04,4.27,55.1,5.7152,0.0563,0.0626,0.2001,1.406,50.72,13.37,4.266,-9
29,MBG,RQ,1,04/10/23,1200,SAMPLE,0.25,32.3,0.02,3.58,50.5,5.8812,0.0409,0.0575,0.1986,0.884,51.82,14.78,5.45,-9
29,MBG,RQ,4,04/11/23,1200,SAMPLE,0.25,32.6,0.03,3.32,50.4,5.7397,0.035,0.0541,0.2224,0.709,67.33,14.78,5.234,-9
29,MBG,RQ,7,04/12/23,1200,SAMPLE,0.25,31.6,0.03,3.18,50.7,5.7021,0.0611,0.0538,0.2168,0.807,64.54,14.7,5.038,-9
29,MBG,RQ,10,04/13/23,1200,SAMPLE,0.22,31.9,0.02,3.04,52.5,5.5401,0.0295,0.0512,0.1812,0.782,47.21,15.13,4.951,-9
29,MBG,RQ,13,04/14/23,1200,SAMPLE,0.21,31.5,0.02,2.91,50,5.3519,0.0436,0.0491,0.1719,0.761,42.23,14.95,4.708,-9
29,MBG,RQ,16,04/15/23,1200,SAMPLE,0.21,31.3,0.02,2.87,50.4,5.0465,0.0812,0.0392,0.1629,1.12,33.2,15.68,4.86,-9
29,MBG,RQ,19,04/16/23,1200,SAMPLE,0.22,32.5,0.02,2.24,50.3,3.8491,0.0319,0.0145,0.163,1.049,41.2,15.54,4.072,-9
29,MBG,RQ,24,04/17/23,1221,BOTH,0.29,35.1,0.04,2.27,54.2,3.6642,-0.0049,0.0102,0.1577,0.9,42.57,14.62,4.048,-9
30,MBG,RI,1,04/17/23,2000,SAMPLE,0.23,34.2,0,2.45,51.7,3.4666,0.1325,0.0283,0.1457,1.319,32.32,-9,-9,-9
30,MBG,RI,4,04/18/23,2000,SAMPLE,0.17,33.5,0,2.73,50.2,4.2749,0.0338,0.0248,0.1409,1.225,32.84,-9,-9,-9
30,MBG,RI,7,04/19/23,2000,SAMPLE,0.15,33.9,0.01,2.79,50.5,4.081,0.0297,0.0232,0.1455,0.973,31.95,-9,-9,-9
30,MBG,RI,10,04/20/23,2000,SAMPLE,0.18,34.7,0,2.98,52,4.3968,0.0575,0.0302,0.1472,1.079,32.22,-9,-9,-9
30,MBG,RI,13,04/21/23,2000,SAMPLE,0.37,33.3,0,2.56,51.9,3.942,0.0459,0.0193,0.1302,1.02,24.01,-9,-9,-9
30,MBG,RI,16,04/22/23,2000,SAMPLE,0.36,33.8,0,2.34,52,3.3033,0.0604,0.0007,0.1335,1.325,21.84,-9,-9,-9
30,MBG,RI,19,04/23/23,2000,SAMPLE,0.42,35.8,0.01,2.02,54.2,1.9815,0.015,-0.0008,0.1321,1.394,25.61,-9,-9,-9
30,MBG,RI,22,04/24/23,2000,SAMPLE,0.37,36.6,0.01,1.54,55,0.3299,0.0137,-0.0018,0.1194,1.391,40.08,-9,-9,-9
30,MBG,RI,24,04/25/23,0934,BOTH,0.4,39.5,0.04,1.37,60.4,0.1503,0.0714,0.0008,0.1179,1.622,30.76,-9,-9,-9
31,MBG,RE,1,04/25/23,1200,SAMPLE,0.28,38.5,0.05,1.74,60.9,-0.0225,0.1261,-0.0032,0.1063,1.136,32.38,13.95,2.458,-9
31,MBG,RE,4,04/26/23,1200,SAMPLE,0.29,41.1,0.05,1.7,62.3,0.0216,0.0933,-0.0034,0.0933,1.103,26.42,14.16,2.345,-9
31,MBG,RE,7,04/27/23,1200,SAMPLE,0.28,41.3,0.05,1.59,63.2,0.0284,0.0604,-0.0034,0.0938,1.217,25.13,14.66,2.178,-9
31,MBG,RE,10,04/28/23,1200,SAMPLE,0.29,40,0.05,1.35,62.6,0.0128,0.0647,-0.002,0.1577,1.24,83.22,13.8,2.012,-9
31,MBG,RE,13,04/29/23,1200,SAMPLE,0.28,41.7,0.05,1.31,65.4,0.068,0.0443,-0.0028,0.0975,0.889,22.27,13.9,1.899,-9
31,MBG,RE,16,04/30/23,1200,SAMPLE,0.28,40.4,0.05,1.57,61.2,0.363,0.0313,-0.0034,0.1169,1.035,29.62,14.24,2.142,-9
31,MBG,RE,19,05/01/23,1200,SAMPLE,0.29,46.4,0.06,2.73,67.4,1.7829,0.0648,-0.0015,0.1207,1.12,39.76,14.43,3.243,-9
31,MBG,RE,24,05/01/23,1220,BOTH,0.29,48.4,0.07,2.79,69.9,1.8726,0.0652,0.0022,0.1263,1.188,41.86,11.37,3.643,-9
32,MBG,RM,1,05/01/23,2000,SAMPLE,0.3,44,0.09,3.43,62.2,1.7903,0.1744,0.0025,0.155,1.37,50.83,14.31,4.508,-9
32,MBG,RM,4,05/02/23,2000,SAMPLE,0.29,41.1,0.07,4.81,57.5,2.6277,0.2241,-0.0003,0.1569,1.415,48.78,14.96,5.29,-9
32,MBG,RM,7,05/03/23,2000,SAMPLE,0.3,41.1,0.07,4.84,60.6,2.8812,0.0764,-0.0011,0.1492,1.23,37.92,15.63,5.259,-9
32,MBG,RM,10,05/04/23,2000,SAMPLE,0.31,45.8,0.09,3.83,67.6,2.0052,0.0409,0.0004,0.1406,1.182,43.97,14.4,4.522,-9
32,MBG,RM,13,05/05/23,2000,SAMPLE,0.32,50,0.1,4.4,71.4,2.1766,0.0083,-0.0015,0.1348,1.511,42.85,15.08,5.093,-9
32,MBG,RM,16,05/06/23,2000,SAMPLE,0.31,46.3,0.08,5.49,65,2.6813,-0.0025,0.0035,0.1407,1.034,47.92,15.05,5.831,-9
32,MBG,RM,19,05/07/23,2000,SAMPLE,0.29,42.3,0.08,5.18,59.2,1.5058,-0.0037,-0.0019,0.1359,1.203,35.71,15.4,5.516,-9
32,MBG,RM,24,05/08/23,1211,BOTH,0.28,37.4,0.06,5.8,54.4,2.6704,0.0262,0.0026,0.1461,1.309,40.42,14.53,6.009,-9
33,MBG,RK,1,05/08/23,2000,SAMPLE,0.23,32.5,0.08,5.58,52,2.7332,0.1153,0.0247,0.1615,1.369,49.73,13.65,6.477,-9
33,MBG,RK,4,05/09/23,2000,SAMPLE,0.22,33.3,0.07,5.46,50.4,2.1523,0.1079,0.0111,0.1485,1.512,47.95,14.34,5.834,-9
33,MBG,RK,7,05/10/23,2000,SAMPLE,0.25,33.2,0.07,5.55,46.5,2.4358,0.109,0.0098,0.1336,1.346,36.12,14.91,5.981,-9
33,MBG,RK,10,05/11/23,2000,SAMPLE,0.23,34.9,0.05,5.25,48.5,2.3113,0.1174,0.011,0.1248,1.435,27.22,14.57,5.549,-9
33,MBG,RK,13,05/12/23,2000,SAMPLE,0.23,32.7,0.06,5.14,45.9,3.1677,0.0567,0.024,0.1229,1.165,23.18,13.63,5.445,-9
33,MBG,RK,16,05/13/23,2000,SAMPLE,0.22,31.3,0.06,4.92,46.1,3.443,0.0755,0.0374,0.1244,1.085,23.63,13.88,5.414,-9
33,MBG,RK,19,05/14/23,2000,SAMPLE,0.24,32.3,0.06,5.01,49.4,3.4059,0.0325,0.0307,0.2778,1.567,165.63,13.72,5.552,-9
33,MBG,RK,24,05/15/23,1306,BOTH,0.24,33.8,0.06,4.96,50.8,3.2618,0.0126,0.0292,0.1308,1.329,27.63,12.56,5.36,-9
34,MBG,RG,1,05/15/23,2000,SAMPLE,0.24,32.7,0.02,4.39,47.6,3.1003,0.2321,0.0338,0.1359,1.283,30.03,14.08,5.436,-9
34,MBG,RG,4,05/16/23,2000,SAMPLE,0.26,35.2,0.01,4.04,51,1.9437,0.1249,0.0199,0.1475,1.385,31.83,12.97,4.948,-9
34,MBG,RG,7,05/17/23,2000,SAMPLE,0.26,35.6,0,4.16,53.3,1.4836,0.1377,0.0145,0.1456,1.11,40.16,14.42,5.178,-9
34,MBG,RG,10,05/18/23,2000,SAMPLE,0.26,36.6,0.02,4.04,52.2,1.5791,0.1209,0.0156,0.129,1.038,32.72,13.58,4.803,-9
34,MBG,RG,13,05/19/23,2000,SAMPLE,0.25,34.5,0,3.41,50.5,0.9725,0.084,0.0028,0.1303,1.141,26.74,13.85,4.308,-9
34,MBG,RG,16,05/20/23,2000,SAMPLE,0.24,31,0,3.47,45.7,2.8715,0.0614,0.0393,0.1453,1.111,26.04,13.03,4.478,-9
34,MBG,RG,19,05/21/23,2000,SAMPLE,0.23,29.4,0.01,3.5,43.2,3.8091,0.0754,0.0727,0.1956,1.101,35.48,14.23,4.361,-9
34,MBG,RG,24,05/22/23,1223,BOTH,0.23,28.2,0.02,3.39,41.7,3.8272,0.0601,0.0816,0.2088,1.03,27.54,14.39,4.693,-9
35,MBG,RW,1,05/22/23,2000,SAMPLE,0.23,28.6,0.09,3.61,44.1,3.8837,0.0181,0.0978,0.2247,1.137,41.61,12.05,4.221,-9
35,MBG,RW,4,05/23/23,2000,SAMPLE,0.23,29.1,0.04,3.9,40.6,4.2059,0.0312,0.0978,0.2063,1.116,29.98,12.3,4.4,-9
35,MBG,RW,7,05/24/23,2000,SAMPLE,0.25,31.7,0.02,3.91,46.1,3.7689,0.0352,0.079,0.2574,1.378,95.81,13.48,4.292,-9
35,MBG,RW,10,05/25/23,2000,SAMPLE,0.25,35,0,3.75,49.8,1.1619,0.091,0.0198,0.1658,1.34,38.23,13.19,3.762,-9
35,MBG,RW,13,05/26/23,2000,SAMPLE,0.27,37.7,0,3.46,52.2,-0.246,0.0697,-0.0003,0.1659,1.726,63.75,14.07,3.638,-9
35,MBG,RW,16,05/27/23,2000,SAMPLE,-9,-9,-9,-9,-9,-0.2337,0.0482,-0.0019,0.1513,1.711,46.65,13.74,3.646,-9
35,MBG,RW,19,05/28/23,2000,SAMPLE,0.29,38.6,0,3.86,54.7,-0.1517,0.0306,-0.0004,0.1588,1.516,43.34,14.33,3.914,-9
35,MBG,RW,24,05/30/23,1311,BOTH,0.29,30.8,0.02,3.05,42.6,0.5453,0.0115,-0.0007,0.1116,1.401,24.61,12.08,4.095,-9
36,MBG,RC,1,05/30/23,2000,SAMPLE,0.27,34.1,0.15,3.26,46,0.7474,0.0621,0.0284,0.1116,0.975,23.71,14.67,4.2,-9
36,MBG,RC,4,05/31/23,2000,SAMPLE,0.27,35.2,0.09,2.84,47.6,0.3823,0.0849,0.0208,0.1107,1.064,26.85,14.78,3.758,-9
36,MBG,RC,7,06/01/23,2000,SAMPLE,0.28,36.9,0.07,2.72,49.6,0.9422,0.0927,0.0297,0.1124,1.003,18.12,15.13,3.514,-9
36,MBG,RC,10,06/02/23,2000,SAMPLE,0.27,37.6,0.07,2.42,50.3,1.1431,0.1016,0.0313,0.1523,1.124,47.4,13.79,3.366,-9
36,MBG,RC,13,06/03/23,2000,SAMPLE,0.28,39,0.05,2.14,52.6,1.3647,0.0137,0.0196,0.1585,1.072,57.12,14.19,2.795,-9
36,MBG,RC,16,06/04/23,2000,SAMPLE,0.28,40.5,0.02,1.55,55.1,1.0331,0.0373,0.0011,0.1735,1.241,83.08,13.75,2.23,-9
36,MBG,RC,24,06/05/23,1315,BOTH,0.3,42.5,0.02,1.15,57.7,1.0758,0.0155,-0.0019,0.1146,1.279,22.84,10.76,1.872,-9
37,MBG,RE,1,06/05/23,2000,SAMPLE,0.39,41,0.06,1.1,56.5,1.4364,0.0312,0.0269,0.1258,0.998,27.58,13.75,2.138,-9
37,MBG,RE,4,06/06/23,2000,SAMPLE,0.39,43.2,0.01,0.73,60.2,1.1199,0.1452,0.0279,0.1247,1.036,28.7,13.47,1.777,-9
37,MBG,RE,7,06/07/23,2000,SAMPLE,0.4,43.5,0.01,0.55,59.3,1.0143,0.1293,0.0253,0.1951,1.107,74.05,13.52,1.6,-9
37,MBG,RE,10,06/08/23,2000,SAMPLE,0.39,43.7,0,0.32,59.6,0.5897,0.1769,0.0257,0.1359,0.993,34.76,13.07,1.343,-9
37,MBG,RE,13,06/09/23,2000,SAMPLE,0.4,45.7,0,0.16,62.1,0.3753,0.0967,0.0207,0.1443,1.144,38.83,13.53,1.138,-9
37,MBG,RE,16,06/10/23,2000,SAMPLE,0.39,46.1,0,0,61.1,0.1555,0.0712,0.0211,0.1478,1.216,49.41,13.35,0.8262,-9
37,MBG,RE,19,06/11/23,2000,SAMPLE,0.38,44.7,0,0,60.1,0.2919,-0.0029,0.0207,0.1584,1.187,48.69,12.03,0.9227,-9
37,MBG,RE,24,06/12/23,1201,BOTH,0.4,47.3,0,0,62.3,0.271,0.0009,0.0177,0.1378,1.226,30.53,11.81,0.7367,-9
38,MBG,RU,1,06/12/23,2000,SAMPLE,0.35,48.2,0.09,0,67.3,0.5,0.2444,0.008,0.1689,1.567,54.58,13.36,0.8174,-9
38,MBG,RU,4,06/13/23,2000,SAMPLE,0.36,49,0.1,0,68.5,0.1764,0.0786,0.0058,0.154,1.519,43.8,13.82,0.6958,-9
38,MBG,RU,7,06/14/23,2000,SAMPLE,0.35,49.3,0.1,0,69.7,0.0987,0.0178,0.0053,0.1614,1.437,47.18,13.74,0.6438,-9
38,MBG,RU,10,06/15/23,2000,SAMPLE,0.35,49.4,0.1,0,71.4,0.8647,0.0562,0.0057,0.1673,1.686,42.43,13.28,0.6957,-9
38,MBG,RU,13,06/16/23,2000,SAMPLE,0.38,53.3,0.1,0,70.9,2.0327,0.0805,0.0127,0.2316,1.917,61.89,13.92,1.179,-9
38,MBG,RU,16,06/17/23,2000,SAMPLE,0.39,53.2,0.1,0.14,64.9,0.7801,0.0286,0.0092,0.1675,1.258,41.15,13.24,1.556,-9
38,MBG,RU,19,06/18/23,2000,SAMPLE,0.39,54.6,0.11,0,67.4,0.3496,0.0567,0.0131,0.1623,1.347,36.43,-9,-9,-9
38,MBG,RU,24,06/19/23,1240,BOTH,0.41,55,0.13,0,69.1,0.0669,-0.007,0.0038,0.1788,1.503,56.6,10.83,0.9299,-9
39,MBG,RH,1,06/19/23,2000,SAMPLE,0.43,53.4,0,0.31,66.5,-0.0652,0.2603,0.0241,0.1534,1.341,43.45,12.29,1.567,-9
39,MBG,RH,3,06/20/23,1200,SAMPLE,0.45,54.6,0,0.43,68.5,-0.0995,0.2349,0.0237,0.1534,1.155,35.53,14.03,1.632,-9
39,MBG,RH,5,06/21/23,0400,SAMPLE,0.44,54.2,0,0.47,69.9,-0.1119,0.2137,0.028,0.1393,1.036,37.01,12.99,1.61,-9
39,MBG,RH,8,06/22/23,0400,SAMPLE,0.43,53.8,0,0.37,71.2,-0.1731,0.1499,0.0188,0.1251,1.204,38.74,13.38,1.604,-9
39,MBG,RH,13,06/23/23,2000,SAMPLE,0.43,54.8,0,0.15,72.8,0.0002,0.1207,0.0205,0.141,1.136,34.08,12.1,1.24,-9
39,MBG,RH,16,06/24/23,2000,SAMPLE,0.44,57.8,0,0.08,76.4,0.1792,0.0461,0.0226,0.1533,1.106,42.71,12.32,1.015,-9
39,MBG,RH,19,06/25/23,2000,SAMPLE,0.45,59.7,0,0,79.5,-0.0404,0.0145,0.022,0.1377,1.209,21.19,12.97,0.7956,-9
39,MBG,RH,24,06/26/23,1230,BOTH,0.46,63.8,0,0,85,0.6318,0.0109,0.018,0.1784,1.241,48.32,13.05,0.8444,-9
40,MBG,RL,1,06/26/23,2000,SAMPLE,0.36,60.7,0.08,0.37,80.6,0.4709,-0.0007,0.036,0.136,0.623,33.64,12.25,0.8769,-9
40,MBG,RL,2,06/27/23,2000,SAMPLE,0.38,66.3,0,0.38,87.7,1.0293,0.0028,0.0495,0.1322,0.645,34.16,11.76,0.853,-9
40,MBG,RL,3,06/28/23,2000,SAMPLE,0.4,70.3,0.03,0.87,96.9,0.5771,0.0086,0.028,0.1239,0.722,29.9,12.17,1.438,-9
40,MBG,RL,4,06/29/23,2000,SAMPLE,0.38,62.8,0.14,1.91,82.3,0.3983,0.0038,0.0116,0.1011,0.754,18.05,12.64,2.64,-9
40,MBG,RL,5,06/30/23,2000,SAMPLE,0.37,60.6,0.16,2.07,76.1,-0.0864,0.0115,0.0116,0.1012,0.885,25.27,11.88,2.894,-9
40,MBG,RL,6,07/01/23,2000,SAMPLE,0.36,56.9,0.12,1.91,71.1,-0.081,0.0678,0.0125,0.1002,0.989,17.57,12.12,2.603,-9
40,MBG,RL,7,07/02/23,2000,SAMPLE,-9,-9,-9,-9,-9,0.7275,0.059,0.0141,0.1275,1.109,42.08,13.01,3.834,-9
40,MBG,RL,8,07/03/23,2000,SAMPLE,0.25,26.7,1.03,10.74,36.1,4.3156,0.3935,0.098,0.2781,1.986,81.55,13.15,13.53,-9
40,MBG,RL,9,07/04/23,2000,SAMPLE,0.24,22.3,0.49,13.03,30.8,6.9354,0.183,0.0385,0.1742,1.638,51.11,13.98,15.58,-9
40,MBG,RL,10,07/05/23,2000,SAMPLE,0.27,29.7,0.2,12,44.6,5.3379,0.1437,0.0236,0.1309,1.521,38.9,13.31,14.1,-9
40,MBG,RL,11,07/06/23,2000,SAMPLE,0.27,31.4,0.1,9.13,49.1,4.1349,0.0422,0.0144,0.1259,1.536,43.51,13.34,10.45,-9
40,MBG,RL,12,07/07/23,2000,SAMPLE,0.3,34.7,0.07,8.1,53.5,4.1185,0.1178,0.0136,0.1419,1.56,58.38,12.95,9.283,-9
40,MBG,RL,13,07/08/23,2000,SAMPLE,0.28,32.5,0.07,8.45,49.3,5.3571,0.0498,0.0182,0.1275,1.331,36.46,13.01,9.692,-9
40,MBG,RL,14,07/09/23,2000,SAMPLE,0.28,32.4,0.09,9.51,46.6,5.8961,0.1664,0.0138,0.136,1.664,40.9,14.95,11.08,-9
40,MBG,RL,24,07/10/23,1330,BOTH,0.28,32,0.09,9.9,45.6,5.6545,0.0417,0.0097,0.1485,2.103,33.18,12.76,11.83,-9
42,MBG,RP,1,07/10/23,2000,SAMPLE,0.32,32.9,0.14,10.42,49.6,5.0088,0.4901,0.0225,0.1348,1.596,37.51,11.46,10.32,-9
42,MBG,RP,4,07/11/23,2000,SAMPLE,0.31,31.6,0.09,10.37,49.2,4.9288,0.3133,0.0171,0.0966,1.323,24.48,11.8,10.2,-9
42,MBG,RP,7,07/12/23,2000,SAMPLE,0.29,31.9,0.08,9.74,49,5.1412,0.2046,0.0168,0.0763,1.421,11.85,12.05,9.647,-9
42,MBG,RP,10,07/13/23,2000,SAMPLE,0.3,32.2,0.07,8.57,49.7,4.9791,0.1979,0.0235,0.0927,1.207,23.61,12.99,8.818,-9
42,MBG,RP,13,07/14/23,2000,SAMPLE,0.32,32.5,0.06,8.16,49.6,4.8085,0.1334,0.0184,0.0971,1.479,32.22,12.19,8.327,-9
42,MBG,RP,16,07/15/23,2000,SAMPLE,0.31,32.2,0.06,7.59,50,5.2381,0.1797,0.0194,0.1151,1.379,46.37,18.05,7.678,-9
42,MBG,RP,19,07/16/23,2000,SAMPLE,0.32,32.7,0.04,7.26,51.5,5.6324,0.0159,0.0183,0.1067,1.448,22.29,12.3,7.403,-9
42,MBG,RP,24,07/17/23,1400,BOTH,0.29,31.9,0.04,7.78,50,6.09,0.0169,0.0172,0.1181,1.386,45.58,12.75,7.96,-9
43,MBG,RT,1,07/17/23,2000,SAMPLE,0.3,30.8,0.15,8.4,45.5,5.8746,0.6967,-0.0021,0.0905,1.001,23.67,11.99,9.254,-9
43,MBG,RT,4,07/18/23,2000,SAMPLE,0.29,30,0.11,8.37,44.7,5.24,0.1351,-0.0017,0.0674,0.996,21.75,10.34,9.352,-9
43,MBG,RT,7,07/19/23,2000,SAMPLE,0.3,31.2,0.1,8.15,47.5,4.5217,0.1096,-0.0011,0.1085,1.204,46.88,11.62,8.723,-9
43,MBG,RT,10,07/20/23,2000,SAMPLE,0.29,30.3,0.1,8.26,45.4,3.7387,0.1282,-0.0032,0.0873,1.333,19.05,11.3,9.199,-9
43,MBG,RT,13,07/21/23,2000,SAMPLE,0.3,30.3,0.11,8.2,44.7,3.5577,0.0174,-0.0034,0.0832,1.293,23.18,11.4,8.965,-9
43,MBG,RT,16,07/22/23,2000,SAMPLE,0.3,29.9,0.1,8.61,43.5,3.2601,-0.0072,-0.0033,0.1047,1.723,31.79,11.18,9.238,-9
43,MBG,RT,19,07/23/23,2000,SAMPLE,0.31,29.4,0.11,9.02,42.3,3.6237,0.0098,-0.0041,0.0975,1.466,21.02,11.15,9.34,-9
43,MBG,RT,24,07/24/23,1225,BOTH,0.33,30.9,0.13,10.41,42.7,5.243,0.0124,-0.0024,0.0948,1.45,17.18,12.65,11.03,-9
44,MBG,RN,1,07/24/23,2000,SAMPLE,0.35,29.3,0.13,10.11,36.1,5.4435,0.1824,0.0055,0.0961,1.398,29.09,12.51,10.93,-9
44,MBG,RN,4,07/25/23,2000,SAMPLE,0.37,31.1,0.14,9.97,37.5,6.1982,0.1661,-0.001,0.1067,1.731,28.23,12.99,10.95,-9
44,MBG,RN,7,07/26/23,2000,SAMPLE,0.37,32.8,0.15,8.51,38.8,6.1602,0.2079,-0.0006,0.1035,2.219,25.2,12.49,9.72,-9
44,MBG,RN,10,07/27/23,2000,SAMPLE,0.37,34.5,0.15,7,40.9,5.47,0.1109,0.0001,0.0898,1.49,18.33,11.5,8.102,-9
44,MBG,RN,12,07/28/23,1200,SAMPLE,0.37,36.2,0.15,5.78,43.2,4.8046,0.1545,-0.0011,0.0987,1.501,20.93,11.6,6.999,-9
44,MBG,RN,15,07/29/23,1200,SAMPLE,0.39,40.4,0.17,4.38,47.4,4.4755,0.1192,-0.0024,0.1076,1.449,26.27,12.09,5.727,-9
44,MBG,RN,19,07/30/23,2000,SAMPLE,0.4,46.7,0.19,2.38,52.9,3.7144,0.0325,-0.0021,0.1177,1.291,18.34,11.11,3.874,-9
44,MBG,RN,24,07/31/23,1310,BOTH,0.44,54,0.22,1.52,60.6,3.2422,0.0126,0.0001,0.1698,1.909,66.62,12.25,3.209,-9
45,MBG,RJ,1,07/31/23,2000,SAMPLE,0.48,55.5,0.13,2.69,65.1,3.2005,0.205,0.0237,0.1033,1.251,22.25,11.23,2.948,-9
45,MBG,RJ,4,08/01/23,2000,SAMPLE,0.48,54.5,0.03,2.05,62.1,0.9628,0.2499,0.0136,0.1114,1.329,24.97,12.47,2.544,-9
45,MBG,RJ,7,08/02/23,2000,SAMPLE,0.45,44.2,0.04,2.64,54,1.3614,0.2632,0.0092,0.1128,1.487,20.07,11.41,3.079,-9
45,MBG,RJ,10,08/03/23,2000,SAMPLE,0.46,45.8,0.02,2.28,58.2,1.5549,0.1569,0.0024,0.1159,1.42,23.1,11.38,2.633,-9
45,MBG,RJ,13,08/04/23,2000,SAMPLE,0.4,40.7,0.02,1.74,47.6,1.7394,0.1197,0.0007,0.1098,1.316,38.49,11.61,2.367,-9
45,MBG,RJ,16,08/05/23,2000,SAMPLE,0.43,41.6,0.03,2.54,47.1,2.9997,0.117,0.0016,0.142,1.395,24.65,11.44,2.778,-9
45,MBG,RJ,24,08/06/23,1000,BOTH,0.42,42.9,0.02,2.78,47,3.733,0.1073,0.0076,0.1417,1.511,35.09,12.11,2.976,-9
46,MBG,RT,1,08/06/23,1200,SAMPLE,0.39,38.1,0.58,2.1,42.5,4.0393,0.1563,0.0608,0.1775,0.96,29.66,11.24,3.22,-9
46,MBG,RT,4,08/07/23,1200,SAMPLE,0.42,41.5,0.25,2.3,45.3,4.6342,0.2186,0.0436,0.1371,1.086,24.85,12,3.151,-9
46,MBG,RT,7,08/08/23,1200,SAMPLE,0.42,42.2,0.15,2.34,45.8,5.1868,0.2468,0.0471,0.1405,1.105,19.77,11.07,3.179,-9
46,MBG,RT,10,08/09/23,1200,SAMPLE,0.43,42.1,0.14,2.04,46.6,4.4222,0.2155,0.0225,0.1337,1.121,24.2,12.15,2.674,-9
46,MBG,RT,13,08/10/23,1200,SAMPLE,0.42,40.2,0.12,1.6,47,3.2415,0.2141,0.0005,0.1264,1.317,23.54,12.1,2.337,-9
46,MBG,RT,16,08/11/23,1200,SAMPLE,0.4,37.3,0.12,1.17,45.9,2.22,0.2273,0.0007,0.1157,1.348,20.63,11.37,1.855,-9
46,MBG,RT,19,08/12/23,1200,SAMPLE,0.4,35.3,0.11,1.1,43.9,1.9522,0.1044,-0.0015,0.1156,1.369,24.46,10.86,1.815,-9
46,MBG,RT,22,08/13/23,1200,SAMPLE,0.34,29.4,0.11,0.89,36.6,1.8471,0.0358,-0.003,0.1166,1.244,26.79,10.81,1.752,-9
46,MBG,RT,24,08/14/23,1305,BOTH,0.38,33.9,0.12,1,43.2,2.0034,0.036,0.0002,0.106,1.272,24.77,11.65,1.727,-9
47,MBG,RD,1,08/14/23,2000,SAMPLE,0.39,34.8,0.1,1.25,43.1,2.275,0.1485,0.0212,0.1245,1.509,28.51,11.57,2.105,-9
47,MBG,RD,4,08/15/23,2000,SAMPLE,0.39,33.3,0,1.15,41,2.0601,0.0704,0.0006,0.1129,1.8,24.1,11.29,1.88,-9
47,MBG,RD,7,08/16/23,2000,SAMPLE,0.41,34.2,0,1.09,42.5,1.5666,0.0803,0.001,0.097,1.765,28.62,12.73,1.756,-9
47,MBG,RD,10,08/17/23,2000,SAMPLE,0.4,33.2,0,1.12,41.6,1.6437,0.0603,-0.0006,0.1402,1.67,46.41,11.84,1.737,-9
47,MBG,RD,13,08/18/23,2000,SAMPLE,0.37,32.7,0.02,1.07,41.1,1.611,0.0184,-0.0029,0.1607,1.556,43.25,12.58,1.59,-9
47,MBG,RD,16,08/19/23,2000,SAMPLE,0.38,33.2,0.01,0.93,42.1,1.5801,0.019,-0.0023,0.1059,1.556,29.17,11.95,1.503,-9
47,MBG,RD,19,08/20/23,2000,SAMPLE,0.42,33.5,0,0.77,42.9,1.5504,0.0195,-0.0065,0.117,1.564,27.26,12.59,1.332,-9
47,MBG,RD,24,08/21/23,1306,BOTH,0.42,35.1,0.02,0.76,45.1,1.8948,0.0131,-0.0021,0.1111,1.597,23.79,12.28,1.355,-9
48,MBG,RA,1,08/21/23,2000,SAMPLE,0.37,36.2,0.06,0.17,44.4,1.9949,0.2162,0.0154,0.1081,1.107,26.58,12.3,1.474,-9
48,MBG,RA,4,08/22/23,2000,SAMPLE,0.35,36.4,0.06,0.08,44.2,2.3927,0.2321,0.0104,0.1408,1.24,32.7,12.59,1.485,-9
48,MBG,RA,7,08/23/23,2000,SAMPLE,0.38,37.8,0,0.01,46.9,2.6753,0.3347,0.0024,0.1415,1.463,29,12.2,1.285,-9
48,MBG,RA,10,08/24/23,2000,SAMPLE,0.34,35.9,0.06,0.1,42.4,3.1712,0.2225,0.0049,0.1734,1.501,48.5,11.64,1.305,-9
48,MBG,RA,13,08/25/23,2000,SAMPLE,0.33,35.3,0.07,0.16,42.7,4.1633,0.2043,0.0124,0.1743,1.367,40.97,12.71,1.492,-9
48,MBG,RA,16,08/26/23,2000,SAMPLE,0.35,43.9,0.09,0.07,60.7,4.7725,0.1673,0.0038,0.1642,1.334,37.38,12.75,1.219,-9
48,MBG,RA,19,08/27/23,2000,SAMPLE,0.37,52.6,0.12,0.04,72.3,4.7705,0.0745,-0.0008,0.1627,1.352,34.29,13.31,1.349,-9
48,MBG,RA,24,08/28/23,1305,BOTH,0.42,46.8,0.11,0.1,54.5,4.2388,0.0421,0.0033,0.1431,1.553,28.8,12.85,1.283,-9
49,MBG,RM,1,08/28/23,2000,SAMPLE,0.31,46.7,0.2,0.65,58.6,4.6352,0.2313,0.025,0.1614,1.463,37.88,13.22,1.681,-9
49,MBG,RM,4,08/29/23,2000,SAMPLE,0.32,44.8,0.11,0.17,52.1,3.9023,0.373,0.0057,0.1328,1.657,24.93,13.55,1.312,-9
49,MBG,RM,7,08/30/23,2000,SAMPLE,0.34,45.2,0.11,0.14,52.5,4.0472,0.2226,0.0067,0.1559,1.531,42.29,12.8,1.125,-9
49,MBG,RM,10,08/31/23,2000,SAMPLE,0.33,44.9,0.1,0.04,50.8,3.913,0.2102,0.0045,0.1667,2.091,43.15,13.18,0.9946,-9
49,MBG,RM,13,09/01/23,2000,SAMPLE,0.32,44.9,0.1,0.07,50.5,4.0013,0.153,0.0005,0.157,1.486,30.99,13.29,1.027,-9
49,MBG,RM,16,09/02/23,2000,SAMPLE,0.33,47,0.08,0,53.5,3.995,0.0605,-0.0008,0.1498,1.56,34.82,13.39,0.7288,-9
49,MBG,RM,19,09/03/23,2000,SAMPLE,0.35,47.9,0.08,0,52.6,3.7714,0.0666,-0.0004,0.1599,1.627,34.69,13.52,0.8379,-9
49,MBG,RM,22,09/04/23,2000,SAMPLE,0.31,45.8,0,0,52.2,3.3017,0.0517,0.0008,0.1582,1.472,32.35,13.66,0.6505,-9
49,MBG,RM,24,09/05/23,1301,BOTH,0.32,50.7,0,0,54.3,3.2479,0.0442,0.0034,0.135,1.301,24.63,11.84,0.584,-9
50,MBG,RD,1,09/05/23,2000,SAMPLE,0.46,47.1,0.09,0.01,50,3.0804,-9,0.026,0.1654,1.477,25.63,12.13,0.9602,-9
50,MBG,RD,4,09/06/23,2000,SAMPLE,0.43,45.2,0.1,0.05,47.4,2.9115,-9,0.0224,0.1744,1.365,30.97,12.15,1.029,-9
50,MBG,RD,7,09/07/23,2000,SAMPLE,0.45,47.3,0.09,0.03,50.1,2.9817,-9,0.0115,0.1685,1.403,34.27,11.43,0.8437,-9
50,MBG,RD,10,09/08/23,2000,SAMPLE,0.44,48.4,0.09,0.05,50,3.2474,-9,0.0199,0.1811,1.463,38.23,11.67,0.9005,-9
50,MBG,RD,13,09/09/23,2000,SAMPLE,0.44,49.3,0.09,0.08,51.3,3.2732,-9,0.0194,0.1737,1.299,31.85,11.58,0.7802,-9
50,MBG,RD,16,09/10/23,2000,SAMPLE,0.45,49.6,0.09,0.05,52.2,2.8581,-9,-0.0015,0.1582,1.375,27.69,11.66,0.719,-9
50,MBG,RD,24,09/11/23,1205,BOTH,0.39,51.1,0,0.01,54.2,2.7986,-9,0.0001,0.1529,1.389,30.8,11.4,0.7289,-9
52,MBG,RS,1,09/11/23,2000,SAMPLE,0.43,50.9,0.27,0.05,54,3.0683,0.1124,0.0404,0.1542,1.216,28.98,13.82,0.9872,-9
52,MBG,RS,3,09/13/23,2000,SAMPLE,0.45,53.5,0.15,0.02,59.4,3.0029,0.1801,0.0346,0.1588,1.315,29.18,13.59,0.9842,-9
52,MBG,RS,5,09/15/23,2000,SAMPLE,0.48,54.4,0.12,0.04,63.9,2.933,0.1891,0.042,0.1508,1.314,31.13,13.19,0.9373,-9
52,MBG,RS,7,09/17/23,2000,SAMPLE,0.47,55.2,0.07,0.01,64.9,2.3003,0.1927,0.0267,0.1482,1.389,26.8,13.66,0.9479,-9
52,MBG,RS,9,09/19/23,2000,SAMPLE,0.42,56.1,0.06,0.01,63.8,2.3766,0.2219,0.0261,0.1648,1.41,34.97,13.42,0.8893,-9
52,MBG,RS,11,09/21/23,2000,SAMPLE,0.49,57.1,0.05,0.04,63,2.3846,0.0764,0.0223,0.1456,1.317,19.49,13.03,0.8078,-9
52,MBG,RS,13,09/23/23,2000,SAMPLE,0.48,56.8,0,0,61.4,2.2324,0.0359,0.0103,0.1858,1.597,62.46,13.7,0.7368,-9
52,MBG,RS,24,09/25/23,1301,BOTH,0.47,60.3,0,0,63.6,2.2442,0.031,0.0108,0.1516,1.361,29.19,14.41,0.5754,-9
1,MBG,RF,1,09/25/23,2000,SAMPLE,0.5,59.8,0.06,0.07,64.3,2.1726,0.1214,0.0324,0.1605,1.382,33.2,11.49,1.014,-9
1,MBG,RF,4,09/26/23,2000,SAMPLE,0.51,60.9,0.05,0.05,68.5,2.2657,0.1548,0.0357,0.1536,1.247,31.1,11.75,0.9998,-9
1,MBG,RF,7,09/27/23,2000,SAMPLE,0.5,60.5,0.05,0.06,65.5,2.2491,0.133,0.0294,0.1448,1.754,24.3,12.73,1.005,-9
1,MBG,RF,10,09/28/23,2000,SAMPLE,0.51,61.6,0.05,0.03,66,2.473,0.082,0.0252,0.137,1.024,28.73,11.94,0.8144,-9
1,MBG,RF,13,09/29/23,2000,SAMPLE,0.49,60.1,0.05,0.02,63.7,2.456,0.0438,0.01,0.138,1.273,24.36,11.42,0.7121,-9
1,MBG,RF,16,09/30/23,2000,SAMPLE,0.52,63.7,0.05,0.03,67.6,2.2759,0.0018,0.0097,0.1486,1.23,29.26,11.44,0.7003,-9
1,MBG,RF,19,10/01/23,2000,SAMPLE,0.53,64.6,0,0.01,69.2,1.9838,0.0005,0.0101,0.1339,1.188,18.31,12.79,0.6748,-9
1,MBG,RF,24,10/02/23,1520,BOTH,0.57,68.5,0,0,73.4,1.9111,0.0011,0.0068,0.1315,1.132,14.93,12.5,0.666,-9
2,MBG,RG,1,10/02/23,2000,SAMPLE,0.52,67.7,0,0.04,74,2.0511,0.1324,0.0282,0.139,1.148,19.61,11.73,0.8217,-9
2,MBG,RG,4,10/03/23,2000,SAMPLE,0.57,69.8,0,0,75.9,1.6933,0.0855,0.0157,0.1509,1.214,18.3,12.27,0.697,-9
2,MBG,RG,7,10/04/23,2000,SAMPLE,0.57,69.8,0,0,76.2,1.6973,0.0702,0.0154,0.1556,1.276,21.46,11.65,0.6672,-9
2,MBG,RG,10,10/05/23,2000,SAMPLE,0.56,68.8,0,0.03,74.8,2.104,0.0786,0.0247,0.1677,1.197,24.75,11.42,0.8076,-9
2,MBG,RG,13,10/06/23,2000,SAMPLE,0.53,64.2,0,0,70.5,1.984,0.0244,0.0159,0.1823,1.211,37.17,12.1,0.6248,-9
2,MBG,RG,16,10/07/23,2000,SAMPLE,0.58,71,0,0,77,2.0048,0.0239,0.0137,0.1775,1.219,35.83,12.2,0.626,-9
2,MBG,RG,19,10/08/23,2000,SAMPLE,0.58,71.2,0,0,77.4,2.0962,0.0187,0.0134,0.1602,1.171,25.48,12.6,0.6084,-9
2,MBG,RG,24,10/09/23,1300,BOTH,0.61,73.7,0,0,80,2.1162,0.0239,0.0164,0.1521,1.185,19.9,13.17,0.7237,-9
3,MBG,RQ,1,10/09/23,2000,SAMPLE,0.57,73.8,0.38,0,82.2,2.0698,0.0817,0.0187,0.1564,1.094,-9,12.62,0.6968,-9
3,MBG,RQ,4,10/10/23,2000,SAMPLE,0.58,76.3,0.34,0,85.8,2.1287,0.0631,0.017,0.1432,1.026,-9,13.1,0.6493,-9
3,MBG,RQ,7,10/11/23,2000,SAMPLE,0.59,77.5,0.37,0,87.2,1.9429,0.0495,0.0128,0.1428,0.991,-9,12.04,0.592,-9
3,MBG,RQ,10,10/12/23,2000,SAMPLE,0.6,79,0.38,0,90.7,1.9319,0.051,0.0147,0.1488,1.089,-9,12.64,0.5979,-9
3,MBG,RQ,13,10/13/23,2000,SAMPLE,0.61,80.1,0.4,0,94.1,1.9573,0.0433,0.0096,0.1538,0.981,-9,12.76,0.6099,-9
3,MBG,RQ,16,10/14/23,2000,SAMPLE,0.62,80.9,0.43,0,96.6,1.95,0.0428,0.0132,0.138,0.945,-9,13.37,0.6577,-9
3,MBG,RQ,19,10/15/23,2000,SAMPLE,0.61,80.2,0.44,0,95.6,1.9647,0.0415,0.0159,0.1394,1.034,-9,11.38,0.6068,-9
3,MBG,RQ,24,10/16/23,1230,BOTH,0.63,82.5,0.36,0,96.7,2.0447,0.0532,0.0171,0.1474,1.006,-9,12.1,0.6588,-9
4,MBG,RI,1,10/16/23,2000,SAMPLE,0.47,82,0,0,88.3,1.8509,0.0641,0.0147,0.1309,1.2,30.4,13.36,-9,-9
4,MBG,RI,4,10/17/23,2000,SAMPLE,0.5,84,0,0,90.6,1.7194,0.062,0.0173,0.1409,1.16,29.47,12.94,-9,-9
4,MBG,RI,7,10/18/23,2000,SAMPLE,0.51,96.7,0.05,0.02,105,1.8718,0.3484,0.0496,0.1939,1.619,12.92,15.64,-9,-9
4,MBG,RI,10,10/19/23,2000,SAMPLE,0.5,94.3,0,0,98.9,1.6365,0.0656,0.0136,0.1302,1.298,22,12.96,-9,-9
4,MBG,RI,13,10/20/23,2000,SAMPLE,0.48,87.5,0,0,86.6,1.5213,0.0436,0.0105,0.1293,1.219,23.57,13.5,-9,-9
4,MBG,RI,16,10/21/23,2000,SAMPLE,0.49,87.4,0,0.03,84.8,1.4299,0.0405,0.0103,0.1297,1.153,21.32,14.17,-9,-9
4,MBG,RI,19,10/22/23,2000,SAMPLE,0.49,87.3,0,0.17,83.1,1.4259,0.0193,0.0066,0.1254,1.346,18.56,13.73,-9,-9
4,MBG,RI,24,10/23/23,1230,BOTH,0.54,89.8,0,0.19,85.8,1.4697,0.0218,0.0075,0.1189,1.105,15.57,13.04,-9,-9
5,MBG,RE,1,10/23/23,2000,SAMPLE,0.63,83.6,0,0.23,83.4,1.3912,0.0812,0.0091,0.1271,1.077,21.41,11.97,1.421,-9
5,MBG,RE,4,10/24/23,2000,SAMPLE,0.47,85.7,0,0.15,87.4,0.9407,0.0786,0.004,0.1234,1.18,19.86,11.97,1.154,-9
5,MBG,RE,7,10/25/23,2000,SAMPLE,0.23,83.6,0,0.08,87.7,0.6042,0.0978,-0.0004,0.1193,1.199,21.3,12.74,1.188,-9
5,MBG,RE,10,10/26/23,2000,SAMPLE,0.14,86.6,0,0.08,90,0.4906,0.0917,0.0014,0.1223,1.285,23.7,12.62,1.198,-9
5,MBG,RE,13,10/27/23,2000,SAMPLE,0.45,82.8,0,0.09,86.1,0.4521,0.0581,-0.0026,0.1189,1.302,23.84,11.79,1.045,-9
5,MBG,RE,16,10/28/23,2000,SAMPLE,0.35,82.4,0.02,0.16,87.5,0.6881,0.0419,-0.0006,0.1096,1.39,20.14,12.01,1.326,-9
5,MBG,RE,19,10/29/23,2000,SAMPLE,0.46,84.7,0,0.19,87.5,0.8272,0.0517,-0.0003,0.1166,1.384,21.7,11.92,1.215,-9
5,MBG,RE,24,10/30/23,1230,BOTH,0.47,77.3,0,0.75,83.9,2.0083,0.0387,0.0011,0.1189,1.789,21.96,13.1,1.835,-9
6,MBG,RK,1,10/30/23,2000,SAMPLE,0.4,70.9,0,1.13,81.9,2.0403,0.1126,0.0013,0.2097,1.142,31.43,12.64,2.11,-9
6,MBG,RK,4,10/31/23,2000,SAMPLE,0.39,69.9,0.03,2.02,92.3,3.4966,0.0546,0.0167,0.1155,0.892,16.7,13.05,2.78,-9
6,MBG,RK,7,11/01/23,2000,SAMPLE,0.4,65.9,0.03,1.97,81.4,2.77,0.0369,0.0187,0.1244,0.839,18.27,13.65,2.754,-9
6,MBG,RK,10,11/02/23,2000,SAMPLE,0.4,64.7,0,1.9,84.9,2.4696,0.0214,0.0036,0.1079,0.852,15.95,12.86,2.696,-9
6,MBG,RK,13,11/03/23,2000,SAMPLE,0.39,63.9,0.02,1.55,84.8,2.0376,0.0191,0.0084,0.1033,0.81,14.08,11.4,2.32,-9
6,MBG,RK,16,11/04/23,2000,SAMPLE,0.35,63.5,0.03,1.32,82.2,1.6568,0.0175,0.0121,0.0985,0.782,11.5,12.31,2.106,-9
6,MBG,RK,19,11/05/23,2000,SAMPLE,0.38,61.8,0.03,1.37,81.4,1.503,0.0156,0.0119,0.1055,0.739,18.99,12.31,1.963,-9
6,MBG,RK,24,11/06/23,1210,BOTH,0.36,65.2,0.03,1.31,87.2,1.4131,0.033,0.0195,0.1012,0.756,13.37,14.14,2.141,-9
7,MBG,RJ,1,11/06/23,2000,SAMPLE,0.49,66.8,0.32,0.29,77,1.2864,0.0225,0.0031,0.0948,0.882,17.04,-9,-9,-9
7,MBG,RJ,4,11/07/23,2000,SAMPLE,0.49,67.1,0.3,0.23,77.3,1.2128,0.0577,0.0082,0.097,1.083,20.6,-9,-9,-9
7,MBG,RJ,7,11/08/23,2000,SAMPLE,0.48,66.1,0.26,0.13,80.8,1.1248,0.0626,0.002,0.0769,0.855,9.21,-9,-9,-9
7,MBG,RJ,10,11/09/23,2000,SAMPLE,0.49,67.1,0.27,0.03,82.4,0.7253,0.0057,-0.0046,0.0779,0.955,10.01,-9,-9,-9
7,MBG,RJ,13,11/10/23,2000,SAMPLE,0.48,66.8,0.27,0.01,84.8,0.7298,0.1176,0.0009,0.0756,0.85,8.48,-9,-9,-9
7,MBG,RJ,16,11/11/23,2000,SAMPLE,0.49,70.2,0.28,0,91.6,0.608,0.0008,-0.0048,0.0655,0.74,6.49,-9,-9,-9
7,MBG,RJ,19,11/12/23,2000,SAMPLE,0.5,71.9,0.3,0,95.2,0.5284,-0.0102,-0.0021,0.0685,0.838,10.85,-9,-9,-9
7,MBG,RJ,24,11/13/23,1232,BOTH,0.56,74,0.31,0,96.1,0.5507,0.0009,0.0006,0.0705,0.894,8.99,-9,-9,-9
9,MBG,RG,2,11/14/23,2000,SAMPLE,0.45,78.8,0.14,0.02,101.4,0.2962,0.2012,0.0064,0.0667,0.886,9.46,12.22,0.8347,-9
9,MBG,RG,3,11/15/23,2000,SAMPLE,0.47,80.9,0.17,0.01,106.8,0.3856,0.1385,0.0014,0.0694,0.828,13.02,12.98,0.8562,-9
9,MBG,RG,5,11/17/23,2000,SAMPLE,0.47,89,0.18,0.01,112.6,0.5776,0.1458,0.0061,0.0738,0.891,14.55,12.87,0.9385,-9
9,MBG,RG,6,11/18/23,2000,SAMPLE,0.49,91,0.23,0.02,115.9,0.3207,0.1124,0.0045,0.0633,0.841,9.25,12.35,1.015,-9
9,MBG,RG,8,11/20/23,2000,SAMPLE,0.49,95.8,0.21,0.04,113.4,0.3422,0.0476,0.002,0.0672,0.855,13.61,12.37,1.06,-9
9,MBG,RG,9,11/21/23,2000,SAMPLE,0.48,93.7,0.23,0.03,112.5,0.321,0.0639,0.0012,0.0619,0.774,9.03,12.28,1.02,-9
9,MBG,RG,10,11/22/23,2000,SAMPLE,0.48,93.4,0.22,0.02,112.3,0.2902,0.045,0.0004,0.0552,0.813,7.66,13.15,1.072,-9
9,MBG,RG,11,11/23/23,2000,SAMPLE,0.46,90.7,0.23,0.02,109.5,0.4552,0.0343,0.0009,0.0539,0.793,7.13,12.27,1.022,-9
9,MBG,RG,13,11/25/23,2000,SAMPLE,0.48,91.3,0.2,0.08,109.1,0.5253,0.018,0.0012,0.0537,0.818,6.43,12.43,1.219,-9
9,MBG,RG,24,11/27/23,1224,BOTH,0.49,93.7,0.26,0.06,119.5,0.7038,0.0138,0.0014,0.0548,0.753,7.31,12.84,1.277,-9
10,MBG,RW,1,11/27/23,2000,SAMPLE,0.51,92.4,0.44,0.1,129.2,0.6317,0.0478,-0.0005,0.0592,0.958,6.32,7.599,1.212,-9
10,MBG,RW,4,11/28/23,2000,SAMPLE,0.52,92.6,0.45,0.13,127.3,0.8219,0.0356,-0.0014,0.0485,0.929,5.19,6.798,1.208,-9
10,MBG,RW,7,11/29/23,2000,SAMPLE,0.53,92.8,0.47,0.03,124.4,0.7416,0.0394,-0.0021,0.0537,1.011,6.14,7.397,1.098,-9
10,MBG,RW,10,11/30/23,2000,SAMPLE,0.54,92.5,0.41,0.03,122.1,0.7275,0.0281,-0.0016,0.0545,1.009,6.02,7.412,1.059,-9
10,MBG,RW,13,12/01/23,2000,SAMPLE,0.51,88,0.46,0.05,118.9,0.7661,0.0214,-0.0017,0.0485,0.957,5.45,7.357,1.184,-9
10,MBG,RW,16,12/02/23,2000,SAMPLE,0.52,90.1,0.7,0.22,136.7,0.507,0.0051,-0.0006,0.0497,0.941,3.86,6.89,1.097,-9
10,MBG,RW,19,12/03/23,2000,SAMPLE,0.5,85.1,0.38,0.16,115.1,0.4612,0.0089,-0.0028,0.0508,0.964,6.11,7.923,1.148,-9
10,MBG,RW,24,12/04/23,1153,BOTH,0.49,83.3,0.43,0.13,111.1,0.7709,0.009,0.0017,0.0548,0.927,4.94,6.911,1.431,-9
11,MBG,RC,1,12/04/23,1200,SAMPLE,0.49,83.7,0.39,0.31,112.1,0.5884,0.0461,0.0016,0.0517,0.911,8.54,12.04,1.496,-9
11,MBG,RC,4,12/05/23,1200,SAMPLE,0.48,80.9,0.27,0.69,111.6,0.6634,0.0531,0.001,0.0532,0.841,4.27,11.33,1.604,-9
11,MBG,RC,7,12/06/23,1200,SAMPLE,0.48,81.9,0.23,0.61,113,0.5027,0.0453,-0.0007,0.0538,0.873,6.21,10.44,1.454,-9
11,MBG,RC,10,12/07/23,1200,SAMPLE,0.46,77,0.29,0.44,105.1,0.4466,0.0155,-0.0009,0.0565,0.97,6.85,12.56,1.739,-9
11,MBG,RC,13,12/08/23,1200,SAMPLE,0.47,75.8,0.33,0.3,100.8,0.1406,0.0231,-0.0008,0.0567,1.009,6.59,11.48,1.61,-9
11,MBG,RC,16,12/09/23,1200,SAMPLE,0.52,86.9,0.11,1.37,123.4,0.0578,0.011,-0.0018,0.0648,1.059,10.48,12.51,1.744,-9
11,MBG,RC,19,12/10/23,1200,SAMPLE,0.45,72.3,0.27,0.87,89.7,0.0408,0.008,-0.0009,0.0651,1.046,9.41,13,2.14,-9
11,MBG,RC,24,12/11/23,1240,BOTH,0.47,75.3,0.29,0.6,88,0.0556,0.0209,0.0041,0.0677,1.161,7.97,11.64,2.194,-9
14,MBG,RS,2,12/12/23,2000,SAMPLE,0.59,73.7,0,1.55,89.1,0.0061,0.0582,-0.0072,0.0629,2.525,5.77,13.78,2.006,-9
14,MBG,RS,4,12/14/23,2000,SAMPLE,0.51,64.4,0,1.34,77.1,-0.0039,0.0315,-0.0029,0.0597,2.576,4.69,13.5,2.199,-9
14,MBG,RS,6,12/16/23,2000,SAMPLE,0.59,76.7,0,1.53,92.5,0.0086,0.0283,-0.008,0.0587,0.906,4.28,13.49,1.97,-9
14,MBG,RS,8,12/18/23,2000,SAMPLE,0.6,77.6,0,1.48,92.8,0.0064,0.0755,-0.0071,0.0676,0.953,10.14,12.51,1.985,-9
14,MBG,RS,10,12/20/23,2000,SAMPLE,0.61,81,0,1.51,95.4,-0.0028,0.0713,-0.0085,0.0672,0.977,7.12,15.26,2.037,-9
14,MBG,RS,12,12/22/23,2000,SAMPLE,0.63,85.4,0,1.65,98.5,0.002,0.111,-0.0016,0.0648,0.904,6.55,13.02,1.993,-9
14,MBG,RS,14,12/24/23,2000,SAMPLE,0.47,66.1,0.01,3.29,96.5,3.1138,0.0863,0.0066,0.1086,-9,19.84,12.82,3.527,-9
14,MBG,RS,15,12/25/23,2000,SAMPLE,0.5,72.1,0.02,3.46,106,2.9265,0.1162,0.0112,0.089,1.095,15.45,13.72,3.733,-9
14,MBG,RS,16,12/26/23,2000,SAMPLE,0.5,73.7,0.02,3.55,96.6,2.7097,0.0818,0.0082,0.0938,1.008,17.2,14.62,3.878,-9
14,MBG,RS,18,12/28/23,2000,SAMPLE,0.49,67.4,0.02,2.98,84.5,1.8115,0.0324,-0.003,0.0744,0.831,9.14,13.55,3.224,-9
14,MBG,RS,20,12/30/23,2000,SAMPLE,0.48,68.4,0.01,2.63,89.3,1.3488,0.0503,0,0.0614,0.946,11.07,13.91,2.909,-9
14,MBG,RS,22,01/01/24,2000,SAMPLE,0.5,72.8,0.02,2.78,96.4,1.2149,0.0347,-0.003,0.0558,1.11,7.46,14.13,3.01,-9
14,MBG,RS,24,01/02/24,1244,BOTH,0.51,74.5,0.03,3.1,101.5,1.718,-0.0192,-0.0069,0.061,0.739,7.38,13.5,3.451,-9
15,MBG,RH,1,01/02/24,2000,SAMPLE,0.46,68.4,0.03,3.09,95.9,1.7221,0.0599,-0.0058,0.0607,0.842,7.2,13.36,3.516,-9
15,MBG,RH,4,01/03/24,2000,SAMPLE,0.47,74.6,0.03,3.26,103,1.7958,0.0515,-0.0022,0.0541,0.905,6.31,13.17,3.509,-9
15,MBG,RH,7,01/04/24,2000,SAMPLE,0.49,77.7,0.03,3.25,105.7,1.4237,0.0613,0.0068,0.0552,0.894,5.12,13.67,3.519,-9
15,MBG,RH,10,01/05/24,2000,SAMPLE,0.47,74.8,0.03,3.26,104.4,1.8298,0.0307,0.0005,0.0534,0.983,4.85,14.15,3.644,-9
15,MBG,RH,13,01/06/24,2000,SAMPLE,0.47,75.2,0.03,3.31,104.3,1.6771,0.0269,0.0055,0.0525,1.009,4.69,11.74,3.596,-9
15,MBG,RH,16,01/07/24,2000,SAMPLE,0.5,79.1,0.03,3.26,104.4,1.1784,0.0296,0.0071,0.0538,0.81,6.07,12.41,3.507,-9
15,MBG,RH,24,01/08/24,1149,BOTH,0.49,79.7,0.03,3.31,103.9,1.1182,-0.0014,0.0079,0.0576,0.959,5.22,12.18,3.678,-9
16,MBG,RL,1,01/08/24,1200,SAMPLE,0.52,81,0.04,3.31,104.7,1.4282,0.0744,0.0257,0.1267,1.043,33.33,-9,-9,-9
16,MBG,RL,4,01/09/24,1200,SAMPLE,0.51,81,0.04,2.83,101.9,0.9738,0.1491,0.0245,0.0928,0.954,19.45,-9,-9,-9
16,MBG,RL,7,01/10/24,1200,SAMPLE,0.35,36.8,0.03,6.82,51.4,6.4401,0.0639,0.0852,0.5146,2.867,190.43,-9,-9,-9
16,MBG,RL,10,01/11/24,1200,SAMPLE,0.35,38.4,0.03,7.3,51.9,6.4105,0.0575,0.0804,0.421,2.481,122.96,-9,-9,-9
16,MBG,RL,13,01/12/24,1200,SAMPLE,0.35,43,0.03,6.47,61.5,6.2744,0.0593,0.0884,0.3681,1.705,100.4,-9,-9,-9
16,MBG,RL,16,01/13/24,1200,SAMPLE,0.29,32.5,0.03,5.89,38.4,6.9678,0.0468,0.0845,0.4614,2.097,125,-9,-9,-9
16,MBG,RL,19,01/14/24,1200,SAMPLE,0.3,32.5,0.03,6.7,37.6,7.1508,0.0546,0.1129,0.5117,2.417,142.56,-9,-9,-9
16,MBG,RL,24,01/15/24,1315,BOTH,0.29,38.9,0.03,7.51,44.7,7.8917,0.0639,0.1035,0.401,2.083,73.17,-9,-9,-9
17,MBG,RP,1,01/15/24,2000,SAMPLE,0.18,34.5,0.03,7.38,44.4,6.8639,0.0658,0.1149,0.4081,2.28,81.79,-9,-9,-9
17,MBG,RP,4,01/16/24,2000,SAMPLE,0.19,36,0.03,7.37,42.6,6.8344,0.0664,0.1302,0.4387,2.083,100.5,-9,-9,-9
17,MBG,RP,7,01/17/24,2000,SAMPLE,0.2,41.8,0.03,7.74,49.5,7.3464,0.1146,0.133,0.3677,2.024,64.54,-9,-9,-9
17,MBG,RP,10,01/18/24,2000,SAMPLE,0.21,46.2,0.03,7.6,53.8,7.1023,0.0939,0.1283,0.3369,1.761,48.6,-9,-9,-9
17,MBG,RP,13,01/19/24,2000,SAMPLE,0.23,49.1,0.03,7.53,57.7,7.149,0.0915,0.1151,0.3156,1.583,39.09,-9,-9,-9
17,MBG,RP,16,01/20/24,2000,SAMPLE,0.22,48.2,0.03,7.33,56.3,6.8689,0.1184,0.1271,0.3251,2.01,43.1,-9,-9,-9
17,MBG,RP,19,01/21/24,2000,SAMPLE,0.24,49.5,0.03,7.41,58.2,6.957,0.0859,0.1254,0.3229,1.74,33.52,-9,-9,-9
17,MBG,RP,24,01/22/24,1232,BOTH,0.09,49.7,0.04,7.38,55.7,7.0922,0.0773,0.1242,0.3343,1.855,34.91,-9,-9,-9
18,MBG,RH,1,01/22/24,2000,SAMPLE,0.31,50.9,0.03,7.55,57.7,7.3661,0.0936,0.1183,0.3196,1.79,43.51,13.72,6.08,-9
18,MBG,RH,4,01/23/24,2000,SAMPLE,0.31,54.3,0.03,7.58,58.5,7.3326,0.1197,0.13,0.2998,1.75,31.59,12.95,6.476,-9
18,MBG,RH,7,01/24/24,2000,SAMPLE,0.25,53.3,0.02,5.25,58.3,6.6827,0.1267,0.117,0.2674,1.757,43.37,11.18,4.899,-9
18,MBG,RH,10,01/25/24,2000,SAMPLE,0.25,38.9,0.02,4.56,44.1,6.3704,0.1219,0.1345,0.309,1.633,50.15,12.76,3.986,-9
18,MBG,RH,14,01/27/24,0400,SAMPLE,0.26,40.3,0.02,4.33,33.8,6.2219,0.0522,0.1022,0.691,3.024,350.18,12.63,3.938,-9
18,MBG,RH,16,01/27/24,2000,SAMPLE,0.25,41.7,0.02,3.93,30.8,6.2382,0.0675,0.1159,0.5249,2.65,188.37,13.35,3.938,-9
18,MBG,RH,19,01/28/24,2000,SAMPLE,0.24,34.3,0.02,5.13,29.1,6.5727,0.1044,0.1204,0.4506,2.262,129.1,12.29,4.482,-9
18,MBG,RH,24,01/29/24,1400,BOTH,0.24,32,0.02,6.51,27.8,6.9578,0.0841,0.107,0.4248,2.364,122.28,11.9,5.831,-9
19,MBG,RT,1,01/29/24,2000,SAMPLE,0.24,31,0.04,6.79,27.4,6.9226,0.1106,0.1085,0.4332,2.121,125.32,-9,-9,-9
19,MBG,RT,4,01/30/24,2000,SAMPLE,0.23,35.4,0.03,7.98,32.2,7.1332,0.0993,0.0962,0.3913,1.719,102.06,-9,-9,-9
19,MBG,RT,7,01/31/24,2000,SAMPLE,0.23,32.8,0.03,8.12,34.1,7.3045,0.115,0.0912,0.3228,1.83,75.52,-9,-9,-9
19,MBG,RT,10,02/01/24,2000,SAMPLE,0.23,32.8,0.03,8.24,35.5,7.3944,0.0647,0.0878,0.295,1.763,58.52,-9,-9,-9
19,MBG,RT,13,02/02/24,2000,SAMPLE,0.23,35.2,0.02,8.11,38.5,7.4775,0.1,0.0905,0.2554,1.607,50.73,-9,-9,-9
19,MBG,RT,16,02/03/24,2000,SAMPLE,0.23,34.9,0.03,7.84,40.5,7.4137,0.0998,0.0854,0.2338,1.634,41.67,-9,-9,-9
19,MBG,RT,24,02/05/24,1230,BOTH,0.23,36,0.03,7.83,47.4,7.6243,0.0643,0.0627,0.23,1.493,51.42,-9,-9,-9
20,MBG,RN,1,02/05/24,2000,SAMPLE,0.23,36,0.04,7.86,48,7.2708,0.1226,0.0779,0.1925,1.228,30.97,11.54,6.363,-9
20,MBG,RN,4,02/06/24,2000,SAMPLE,0.23,36.7,0.04,7.59,50.3,7.3914,0.0992,0.0658,0.1793,1.492,27.39,12.15,6.614,-9
20,MBG,RN,7,02/07/24,2000,SAMPLE,0.23,36,0.04,6.96,51.1,7.1869,0.1123,0.0751,0.1816,1.975,33.61,10.81,5.564,-9
20,MBG,RN,10,02/08/24,2000,SAMPLE,0.23,37.8,0.04,6.89,55.1,7.2163,0.0925,0.067,0.1638,1.267,26.18,12.21,5.767,-9
20,MBG,RN,13,02/09/24,2000,SAMPLE,0.24,37,0.04,6.58,56,7.4183,0.1,0.0677,0.1592,1.167,28.38,12.8,5.329,-9
20,MBG,RN,16,02/10/24,2000,SAMPLE,0.24,40.3,0.04,6.91,57.8,7.3718,0.0989,0.0669,0.159,1.213,23.96,12.02,5.507,-9
20,MBG,RN,19,02/11/24,2000,SAMPLE,0.25,40,0.04,6.78,58.2,7.3496,0.0887,0.0639,0.1491,1.155,21.55,12.33,5.803,-9
20,MBG,RN,24,02/12/24,1300,BOTH,0.24,41.3,0.04,6.44,59.7,7.3423,0.0584,0.0568,0.1418,1.21,16.6,12.67,5.584,-9
21,MBG,RJ,1,02/12/24,2000,SAMPLE,0.24,40.1,0.04,6.25,56.6,7.1916,0.0808,0.0553,0.1471,1.178,19.48,5.941,5.508,-9
21,MBG,RJ,4,02/13/24,2000,SAMPLE,0.25,41.5,0.04,6.24,57.6,7.0425,0.0554,0.0537,0.1395,1.168,17.64,5.411,5.273,-9
21,MBG,RJ,7,02/14/24,2000,SAMPLE,0.26,44.6,0.04,6.38,62.7,7.3114,0.0477,0.0498,0.1345,1.145,17.39,5.514,5.184,-9
21,MBG,RJ,10,02/15/24,2000,SAMPLE,0.26,45.6,0.04,6.39,63.4,7.204,0.0429,0.0455,0.1321,1.132,21.87,5.884,6.011,-9
21,MBG,RJ,13,02/16/24,2000,SAMPLE,0.27,46.5,0.04,6.54,63.9,7.2897,0.0416,0.0445,0.1301,1.125,19.13,5.669,6.577,-9
21,MBG,RJ,16,02/17/24,2000,SAMPLE,0.27,45.5,0.04,5.94,64.5,6.967,0.0296,0.0343,0.173,1.321,56.78,6.275,5.784,-9
21,MBG,RJ,19,02/18/24,2000,SAMPLE,0.27,46.7,0.03,5.85,66.3,6.9643,0.0234,0.0275,0.1257,1.442,20.63,5.587,4.774,-9
21,MBG,RJ,24,02/19/24,1241,BOTH,0.28,48.5,0.04,5.96,67.7,7.058,0.0267,0.0299,0.1197,1.093,10.89,5.397,4.943,-9
22,MBG,RL,1,02/19/24,2000,SAMPLE,0.23,47.1,0.02,5.68,65.1,6.6829,0.068,0.0292,0.1155,0.98,9.66,5.719,4.863,-9
21,MBG,RA,12 OLD,02/20/24,0000,SAMPLE,-9,-9,-9,-9,-9,-9,-9,-9,-9,-9,-9,-9,-9,-9
21,MBG,RA,12 OLDR,02/20/24,0000,SAMPLE,-9,-9,-9,-9,-9,-9,-9,-9,-9,-9,-9,-9,-9,-9
21,MBG,RA,12 NEW,02/20/24,0000,SAMPLE,-9,-9,-9,-9,-9,-9,-9,-9,-9,-9,-9,-9,-9,-9
21,MBG,RA,12 NEWR,02/20/24,0000,SAMPLE,-9,-9,-9,-9,-9,-9,-9,-9,-9,-9,-9,-9,-9,-9
22,MBG,RL,4,02/20/24,2000,SAMPLE,0.23,49,0.02,5.64,68.4,6.567,0.068,0.0206,0.1109,0.98,9.77,5.975,5.38,-9
22,MBG,RL,7,02/21/24,2000,SAMPLE,0.24,48,0.02,5.33,69.2,6.005,0.0575,0.0012,0.1232,1.177,18.34,5.743,4.798,-9
22,MBG,RL,10,02/22/24,2000,SAMPLE,0.24,48,0.02,4.84,71.1,5.4405,0.032,-0.0001,0.117,1.303,13.61,5.759,4.327,-9
22,MBG,RL,13,02/23/24,2000,SAMPLE,0.24,46.7,0.01,5.22,73.7,5.7459,-0.0035,-0.0004,0.1279,1.444,27.15,5.729,4.688,-9
22,MBG,RL,16,02/24/24,2000,SAMPLE,0.23,43.4,0.01,6.55,65.9,6.3708,-0.0147,0.0007,0.1666,1.408,46.28,6.093,5.639,-9
22,MBG,RL,18,02/25/24,1200,SAMPLE,0.23,46.1,0.01,5.44,70.3,5.708,-0.0146,-0.0008,0.1396,1.252,40.03,5.884,5.538,-9
22,MBG,RL,24,02/26/24,1300,BOTH,0.25,48.8,0.01,5.37,73.5,5.7404,-0.0075,0.0001,0.1104,1.267,20.8,5.298,5.422,-9
23,MBG,RD,1,02/26/24,2000,SAMPLE,0.23,48.3,0,5.21,71.5,4.7674,0.1585,0.0015,0.1074,1.059,23.34,-9,-9,-9
23,MBG,RD,4,02/27/24,2000,SAMPLE,0.23,53.5,0.02,4.72,76.1,2.4239,0.1455,-0.0007,0.1124,1.522,50.58,-9,-9,-9
23,MBG,RD,7,02/28/24,2000,SAMPLE,0.25,57.4,0.02,4.26,80.4,0.5743,0.1315,-0.0004,0.1184,1.601,56.6,-9,-9,-9
23,MBG,RD,10,02/29/24,2000,SAMPLE,0.26,65.9,0.03,3.9,83.1,1.3306,0.0758,-0.0002,0.116,1.381,41.22,-9,-9,-9
23,MBG,RD,13,03/01/24,2000,SAMPLE,0.26,65.3,0,3.58,82.4,1.0778,0.0524,-0.0006,0.0996,1.382,35.09,-9,-9,-9
23,MBG,RD,16,03/02/24,2000,SAMPLE,0.25,66.1,0.02,3.67,83,1.2869,0.0211,-0.0009,0.1065,1.258,34.41,-9,-9,-9
23,MBG,RD,19,03/03/24,2000,SAMPLE,0.25,69.7,0.02,3.95,88.2,1.2822,0.0155,-0.0016,0.105,1.219,38.79,-9,-9,-9
23,MBG,RD,24,03/04/24,1216,BOTH,0.29,69.8,0.02,4.38,81.2,2.5885,0.0361,0.0006,0.1314,1.317,38.46,-9,-9,-9
24,MBG,RA,1,03/04/24,2000,SAMPLE,0.29,68.8,0,4.5,81.1,2.0766,0.1011,0.0043,0.1138,1.347,30.62,8.61,5.339,-9
24,MBG,RA,4,03/05/24,2000,SAMPLE,0.28,67.2,0.03,4.64,77.8,2.3739,0.0908,0.0036,0.115,1.442,30.73,7.86,5.925,-9
24,MBG,RA,7,03/06/24,2000,SAMPLE,0.29,66.2,0.03,4.59,78.8,1.9116,0.0768,0.0037,0.1227,1.433,39.27,7.763,6.277,-9
24,MBG,RA,10,03/07/24,2000,SAMPLE,0.28,65.4,0.03,4.66,81.7,1.787,0.0467,0.0033,0.1088,1.414,38.77,7.415,5.897,-9
24,MBG,RA,13,03/08/24,2000,SAMPLE,0.28,58.4,0.04,5.13,71,2.1413,0.026,0.0037,0.1469,1.599,47.11,7.924,6.309,-9
24,MBG,RA,16,03/09/24,2000,SAMPLE,0.26,34.9,0,6.97,50.4,5.8084,0.0132,0.019,0.3529,2.379,175.21,10.41,8.827,-9
24,MBG,RA,20,03/11/24,0400,SAMPLE,0.26,44.2,0,6.45,53.6,4.9018,0.0175,0.0273,0.3047,1.904,138.38,9.575,8.449,-9
24,MBG,RA,24,03/11/24,1310,BOTH,0.32,50.2,0.03,6.23,62.6,4.5939,0.0323,0.0386,0.3063,1.803,134.85,8.537,7.425,-9
24,MBG,RA,24,03/11/24,1310,BOTH,0.32,50.2,0.03,6.23,62.6,4.5939,0.0323,0.0386,0.3063,1.803,134.85,8.537,7.425,-9
24,MBG,RA,24,03/11/24,1310,BOTH,0.32,50.2,0.03,6.23,62.6,4.5939,0.0323,0.0386,0.3063,1.803,134.85,8.537,7.425,-9
24,MBG,RA,24,03/11/24,1310,BOTH,0.32,50.2,0.03,6.23,62.6,4.5939,0.0323,0.0386,0.3063,1.803,134.85,8.537,7.425,-9
25,MBG,RM,13,03/15/24,2000,SAMPLE,0.22,23.9,0.04,7.15,31.9,7.3693,-0.0088,0.0624,0.7048,3.345,378.99,11.92,8.616,-9
25,MBG,RM,14,03/16/24,0400,SAMPLE,0.22,22.7,0.04,6.9,31.8,7.4048,-0.0054,0.0627,0.7068,3.273,394.14,11.47,8.102,-9
25,MBG,RM,23,03/18/24,1328,SAMPLE,0.21,23.7,0.04,6.39,32.5,7.3914,-0.0049,0.0827,0.6189,2.928,271.92,10.89,7.237,-9
26,MBG,RS,1,03/18/24,2000,SAMPLE,0.22,22.9,0.05,6.35,31.4,7.4158,0.0458,0.101,0.5854,2.689,256.64,10.32,7.404,-9
26,MBG,RS,4,03/19/24,2000,SAMPLE,0.23,23.4,0.04,6.68,34.1,7.7626,0.0592,0.1045,0.5103,3.244,183.69,10.6,7.029,-9
26,MBG,RS,7,03/20/24,2000,SAMPLE,0.22,24.8,0.03,6.81,36.2,7.8157,0.0663,0.0997,0.4307,2.214,127.92,10.42,7.786,-9
26,MBG,RS,10,03/21/24,2000,SAMPLE,0.23,26.6,0.03,6.72,39.2,7.64,0.0159,0.0912,0.3497,1.748,100.65,10.58,7.261,-9
26,MBG,RS,13,03/22/24,2000,SAMPLE,0.22,28,0.03,6.65,42.1,7.6253,0.0147,0.0862,0.3371,2.023,112.32,10.5,7.997,-9
26,MBG,RS,16,03/23/24,2000,SAMPLE,0.22,28.6,0.03,6.44,43.2,7.5775,0.0161,0.0802,0.2899,1.747,77.73,10.43,7.571,-9
26,MBG,RS,19,03/24/24,2000,SAMPLE,0.22,29.3,0.03,6.12,45.5,7.5054,0.0156,0.0777,0.2674,1.516,81.43,10.16,7.073,-9
26,MBG,RS,24,03/25/24,1257,BOTH,0.24,31.2,0.02,6.19,49.8,7.5478,0.053,0.0751,0.249,0.724,57.44,9.719,7.103,-9
27,MBG,RB,1,03/25/24,2000,SAMPLE,0.22,30.7,0.05,5.95,49.6,7.1201,0.0602,0.0863,0.2527,1.748,65.22,8.968,6.284,-9
27,MBG,RB,4,03/26/24,2000,SAMPLE,0.23,31.5,0.05,5.74,51.2,6.917,0.0576,0.0783,0.2307,1.507,58.24,9.477,5.901,-9
27,MBG,RB,7,03/27/24,2000,SAMPLE,0.23,32,0.04,5.44,50.4,6.8699,0.0526,0.0753,0.2065,1.358,45.01,8.844,5.979,-9
27,MBG,RB,10,03/28/24,2000,SAMPLE,0.24,34.6,0.04,5.82,52.2,6.8279,0.051,0.0694,0.1883,1.376,37.96,9.221,6.31,-9
27,MBG,RB,13,03/29/24,2000,SAMPLE,0.23,34.5,0.03,5.66,52,6.7526,0.0381,0.0678,0.1819,1.261,35.96,9.1,6.374,-9
27,MBG,RB,16,03/30/24,2000,SAMPLE,0.24,36.3,0.03,5.52,55.6,6.1618,0.0471,0.0556,0.1677,1.29,35.79,8.884,5.66,-9
27,MBG,RB,19,03/31/24,2000,SAMPLE,0.25,38.3,0.04,5.48,59.9,6.054,0.0433,0.0505,0.1568,1.272,38.87,8.368,6.192,-9
27,MBG,RB,21,04/01/24,1200,SAMPLE,0.24,37.3,0.03,5.14,58.1,5.6412,0.0322,0.0428,0.1679,0.487,52.2,8.293,5.322,-9
27,MBG,RB,24,04/01/24,1230,BOTH,0.24,37.5,0.04,5.15,58.8,5.7288,0.0293,0.0361,0.1712,1.402,49.78,8.366,5.709,-9
28,MBG,RF,1,04/01/24,2000,SAMPLE,0.24,35.6,0.05,5.7,61.3,6.1557,0.0716,0.0482,0.24,1.664,92.37,8.73,5.912,-9
28,MBG,RF,4,04/02/24,2000,SAMPLE,0.25,27.8,0.08,5.84,42.8,5.9686,0.0431,0.043,0.6216,2.845,360.64,9.533,6.398,-9
28,MBG,RF,7,04/03/24,2000,SAMPLE,0.22,16.2,0.08,5.2,23,6.5027,0.0452,0.0623,0.8389,3.172,422.92,10.16,5.88,-9
28,MBG,RF,10,04/04/24,2000,SAMPLE,0.19,13,0.06,4.34,18,6.5515,0.0702,0.0807,0.7761,2.719,322.48,9.864,5.272,-9
28,MBG,RF,13,04/05/24,2000,SAMPLE,0.2,13.3,0.05,4.56,18.7,6.6012,0.0554,0.0876,0.6374,2.234,203.3,10.27,4.583,-9
28,MBG,RF,16,04/06/24,2000,SAMPLE,0.2,14.1,0.05,4.63,20.3,6.7089,0.0319,0.0903,0.5639,2.113,163.17,10.29,5.109,-9
28,MBG,RF,24,04/07/24,1025,BOTH,0.21,15.8,0.05,4.9,23.5,7.19,0.0521,0.0924,0.5106,1.916,134.58,10.32,5.419,-9
29,MBG,RQ,1,04/07/24,1200,SAMPLE,0.2,15,0.04,4.98,22.1,6.7722,0.0383,0.0986,0.5003,3.024,147.88,9.508,4.944,-9
29,MBG,RQ,4,04/08/24,1200,SAMPLE,0.2,16.2,0.03,4.91,24.4,6.7844,0.0483,0.097,0.4646,3.244,139.02,8.914,4.625,-9
29,MBG,RQ,7,04/09/24,1200,SAMPLE,0.19,17.9,0.03,4.93,27.6,6.9179,0.0327,0.0927,0.4153,2.027,119.11,9.143,4.965,-9
29,MBG,RQ,10,04/10/24,1200,SAMPLE,0.2,19.4,0.02,4.86,31.5,7.0162,0.0442,0.0905,0.3639,2.082,89.26,8.936,5.345,-9
29,MBG,RQ,13,04/11/24,1200,SAMPLE,0.21,16.5,0.01,4.34,31.7,6.3918,0.039,0.072,0.4373,2.289,186.7,9.092,4.183,-9
29,MBG,RQ,16,04/12/24,1200,SAMPLE,0.22,13.6,0.02,4.21,22,6.669,0.0512,0.0613,0.5475,2.71,281.16,10.01,4.965,-9
29,MBG,RQ,19,04/13/24,1200,SAMPLE,0.21,10.2,0.01,3.41,15.6,6.3712,0.0523,0.0798,0.5861,3.009,231.53,9.035,3.445,-9
29,MBG,RQ,22,04/14/24,1200,SAMPLE,0.2,11.2,0.02,3.6,17.2,6.8638,0.0488,0.0947,0.5419,2.63,176.7,10.42,3.629,-9
29,MBG,RQ,24,04/15/24,1250,BOTH,0.21,12.7,0.01,4.11,20.1,7.6296,0.0388,0.0905,0.4845,2.171,149.96,9.693,4.329,-9
30,MBG,RF,1,04/15/24,2000,SAMPLE,0.23,13.4,0.09,4.51,21.7,7.8925,0.0404,0.0929,0.4702,2.217,128.21,10.37,3.925,-9
30,MBG,RF,4,04/16/24,2000,SAMPLE,0.23,15.5,0.08,4.66,25.7,7.6697,0.0384,0.1031,0.4499,2.2,144.96,10.48,5.239,-9
30,MBG,RF,7,04/17/24,2000,SAMPLE,0.23,17.1,0.07,4.57,28.3,7.8351,0.0603,0.1023,0.3967,1.941,111.03,10.18,4.004,-9
30,MBG,RF,10,04/18/24,2000,SAMPLE,0.23,17.9,0.06,4.45,30.1,7.6581,0.0391,0.0944,0.3312,1.712,80.28,9.8,4.836,-9
30,MBG,RF,13,04/19/24,2000,SAMPLE,0.23,18.9,0.05,4.35,33.8,7.5735,0.0358,0.0888,0.3101,1.759,82.2,9.685,3.882,-9
30,MBG,RF,16,04/20/24,2000,SAMPLE,0.23,21.1,0.06,4.79,36,7.7491,0.0267,0.0808,0.2761,1.816,71.33,9.318,5.712,-9
30,MBG,RF,19,04/21/24,2000,SAMPLE,0.25,26.5,0,4.94,45.2,7.4055,0.0239,0.0731,0.2085,1.554,51.95,8.796,4.95,-9
30,MBG,RF,24,04/22/24,1230,BOTH,0.27,29.4,0.05,4.81,49.4,7.0052,0.0426,0.0669,0.195,1.176,46.11,7.781,5.609,-9
31,MBG,RI,1,04/22/24,2000,SAMPLE,0.24,28.7,0.07,4.58,46.5,6.7211,0.0542,0.0744,0.196,1.003,52.71,7.942,4.821,-9
31,MBG,RI,4,04/23/24,2000,SAMPLE,0.23,27.1,0.06,4.3,43.6,6.2882,0.056,0.0689,0.1997,0.892,51.91,7.595,5.235,-9
31,MBG,RI,7,04/24/24,2000,SAMPLE,0.23,25,0.06,4.95,42.6,6.5744,0.0767,0.0645,0.2007,0.956,63.1,7.418,5.258,-9
31,MBG,RI,10,04/25/24,2000,SAMPLE,0.22,23.9,0.06,5.81,38.4,7.0807,0.0355,0.0642,0.2357,1.164,73.46,8.417,6.125,-9
31,MBG,RI,13,04/26/24,2000,SAMPLE,0.23,25.3,0.06,5.86,41.9,7.082,0.0319,0.064,0.2295,1.157,67.07,8.875,6.611,-9
31,MBG,RI,16,04/27/24,2000,SAMPLE,0.22,26.7,0.05,5.4,45.3,6.4244,0.0224,0.059,0.1884,1.104,58.31,8.427,5.369,-9
31,MBG,RI,19,04/28/24,2000,SAMPLE,0.23,25.4,0.05,4.93,44.3,6.0868,0.0184,0.0499,0.1696,1.005,48.43,8.487,5.83,-9
31,MBG,RI,24,04/29/24,1230,BOTH,0.22,24.6,0.05,4.95,40.6,6.315,0.0508,0.0595,0.2001,0.878,56.82,8.485,5.469,-9
32,MBG,RE,1,04/29/24,2000,SAMPLE,0.2,27.3,0.09,5.6,46.2,6.6133,0.0439,0.0718,0.2192,1.221,63.19,8.271,4.923,-9
32,MBG,RE,5,05/01/24,0400,SAMPLE,0.2,16.5,0.06,5.42,28.7,7.7737,0.0383,0.0582,0.466,2.05,230.12,10.89,5.894,-9
32,MBG,RE,7,05/01/24,2000,SAMPLE,0.21,19.3,0.07,5.12,31.9,7.5666,0.0439,0.0642,0.3838,1.689,165.92,10.55,4.533,-9
32,MBG,RE,10,05/02/24,2000,SAMPLE,0.22,27.7,0.05,5.56,47,6.2993,0.0402,0.0618,0.2681,1.358,99.42,9.77,4.844,-9
32,MBG,RE,13,05/03/24,2000,SAMPLE,0.22,23.9,0.05,5.64,39.5,6.8504,0.0546,0.0676,0.315,1.651,107.66,9.996,4.907,-9
32,MBG,RE,16,05/04/24,2000,SAMPLE,0.22,24.2,0.05,5.78,40.3,7.0299,0.0545,0.0679,0.3001,1.559,109.14,10.22,5.547,-9
32,MBG,RE,19,05/05/24,2000,SAMPLE,0.2,10.5,0.03,3.26,17.9,6.2041,0.0247,0.0666,0.5075,1.973,255.88,9.846,3.323,-9
32,MBG,RE,24,05/06/24,1210,BOTH,0.18,12.5,0.04,3.56,22.1,7.2633,0.0654,0.067,0.3921,1.787,154.63,10.8,4.137,-9
33,MBG,RK,1,05/06/24,2000,SAMPLE,0.21,15.5,0.05,3.93,26.2,7.4368,0.0166,0.077,0.3263,2.019,105.14,13.4,5.268,-9
33,MBG,RK,4,05/07/24,2000,SAMPLE,0.22,23.5,0.05,4.61,37.4,7.4259,0.0291,0.0853,0.2379,1.546,58.37,14.49,6.132,-9
33,MBG,RK,7,05/08/24,2000,SAMPLE,0.21,24.4,0.04,4.7,38.9,7.2107,0.0205,0.0764,0.2161,1.521,57.92,14.68,6.419,-9
33,MBG,RK,10,05/09/24,2000,SAMPLE,0.22,22.5,0.04,4.51,37.1,7.0747,0.0317,0.0667,0.3152,1.715,139.52,14.75,6.099,-9
33,MBG,RK,13,05/10/24,2000,SAMPLE,0.22,22,0.03,4.69,35.4,7.0932,0.0244,0.0616,0.3021,1.846,116.32,13.72,5.823,-9
33,MBG,RK,16,05/11/24,2000,SAMPLE,0.22,23.8,0.03,4.36,37.8,6.734,0.0152,0.0592,0.2759,1.843,107.17,14.25,5.645,-9
33,MBG,RK,17,05/12/24,0400,SAMPLE,0.21,21.4,0.03,3.91,34.9,6.7717,0.0281,0.0625,0.2806,2.007,106.04,14.34,5.19,-9
33,MBG,RK,24,05/13/24,1230,BOTH,0.23,28.4,0.03,4.28,45.5,6.165,0.0236,0.0693,0.2078,1.218,59.77,13.25,5.575,-9
35,MBG,RG,1,05/13/24,2000,SAMPLE,0.21,31.3,0.02,4.51,48,5.7444,0.027,0.0871,0.1941,0.933,58.13,-9,-9,-9
35,MBG,RG,2,05/14/24,2000,SAMPLE,0.19,24.7,0.04,4.54,39.1,6.3867,0.029,0.0952,0.2111,1.065,50.66,-9,-9,-9
35,MBG,RG,3,05/15/24,2000,SAMPLE,0.2,31.5,0.05,4.98,45.8,6.6422,-0.0118,0.0951,0.2069,1.085,48.24,-9,-9,-9
35,MBG,RG,4,05/16/24,2000,SAMPLE,0.19,27.4,0.06,4.69,42.2,6.4817,0.0332,0.1092,0.21,0.96,43.45,-9,-9,-9
35,MBG,RG,5,05/17/24,2000,SAMPLE,0.2,28.1,0.06,4.69,44.1,6.4161,0.0212,0.1061,0.1929,0.925,37.53,-9,-9,-9
35,MBG,RG,6,05/18/24,2000,SAMPLE,0.2,30.7,0.07,4.76,43.9,6.3761,-0.0084,0.1036,0.1937,0.977,34.18,-9,-9,-9
35,MBG,RG,7,05/19/24,2000,SAMPLE,0.22,28.3,0.08,4.75,43.7,6.4184,0.0279,0.096,0.1808,0.893,35.84,-9,-9,-9
35,MBG,RG,8,05/20/24,2000,SAMPLE,0.2,28.8,0.09,4.78,41.4,6.3806,-0.0155,0.0775,0.1867,0.938,40.31,-9,-9,-9
35,MBG,RG,9,05/21/24,2000,SAMPLE,0.2,29.9,0.08,4.33,41.5,5.4564,0.0441,0.0553,0.169,1.121,37.34,-9,-9,-9
35,MBG,RG,10,05/22/24,2000,SAMPLE,0.2,29.6,0.09,4.14,43.1,5.0282,0.0844,0.0429,0.2275,1.292,99.86,-9,-9,-9
35,MBG,RG,11,05/23/24,2000,SAMPLE,0.2,32.5,0.04,4.12,44.2,4.4389,0.1095,0.0156,0.1772,1.252,58.54,-9,-9,-9
35,MBG,RG,12,05/24/24,2000,SAMPLE,0.2,32.2,0.03,3.72,45.1,2.781,0.1364,0.0028,0.0981,1.448,32.67,-9,-9,-9
35,MBG,RG,13,05/25/24,2000,SAMPLE,0.19,38.8,0.03,3.47,49.3,1.7111,0.1246,0.0052,0.0991,1.115,32.11,-9,-9,-9
35,MBG,RG,14,05/26/24,2000,SAMPLE,0.2,33.6,0.03,2.97,46.9,1.8919,0.0556,0.0049,0.1041,0.974,35.48,-9,-9,-9
35,MBG,RG,15,05/27/24,2000,SAMPLE,0.24,33.2,0.05,3.68,49.8,4.3407,0.1847,0.0524,0.1599,1.197,49.32,-9,-9,-9
35,MBG,RG,24,05/28/24,1230,BOTH,0.23,28.9,0.09,5.9,41.6,5.4325,0.3136,0.0626,0.2584,2.448,113.14,-9,-9,-9
36,MBG,RW,1,05/28/24,2000,SAMPLE,0.27,30.5,0.15,6.01,43.9,4.9903,0.3278,0.0818,0.223,2.21,58.96,12.08,-9,-9
36,MBG,RW,4,05/29/24,2000,SAMPLE,0.26,31.2,0.12,5.04,44.4,4.4777,0.1496,0.0574,0.2388,2.055,83.85,10.89,-9,-9
36,MBG,RW,7,05/30/24,2000,SAMPLE,0.27,31.5,0.14,7.24,46.2,6.2677,0.1565,0.0749,0.2878,2.244,114.13,11.68,-9,-9
36,MBG,RW,10,05/31/24,2000,SAMPLE,0.25,27.7,0.1,6.75,40,6.5383,0.1172,0.0879,0.2807,2.472,96.35,12.3,-9,-9
36,MBG,RW,13,06/01/24,2000,SAMPLE,0.25,27.1,0.13,8.35,41.3,6.8777,0.1704,0.0959,0.3019,2.086,92.23,11.46,-9,-9
36,MBG,RW,16,06/02/24,2000,SAMPLE,0.24,27.9,0.1,7.68,43,7.1318,0.104,0.0972,0.2789,1.85,72.71,12.28,-9,-9
36,MBG,RW,24,06/03/24,1248,BOTH,0.25,28.9,0.1,7.71,43.7,7.4488,0.1012,0.0957,0.2598,1.904,65.86,12.22,-9,-9
37,MBG,RC,2,06/04/24,0400,SAMPLE,0.26,30,0.16,8.1,46,8.1474,0.017,0.1047,0.2805,1.363,63.45,10.94,-9,-9
37,MBG,RC,4,06/04/24,2000,SAMPLE,0.26,30.4,0.14,8.72,46.7,8.1432,0.0306,0.0995,0.2627,1.399,58.14,10.37,-9,-9
37,MBG,RC,7,06/05/24,2000,SAMPLE,0.27,31.4,0.09,8.46,48.7,7.8373,0.0358,0.0842,0.2338,1.408,51.55,10.45,-9,-9
37,MBG,RC,10,06/06/24,2000,SAMPLE,0.27,33.1,0.04,7.75,50.5,7.7657,0.0392,0.0751,0.227,1.262,49.73,10.53,-9,-9
37,MBG,RC,13,06/07/24,2000,SAMPLE,0.28,31.9,0.04,8.13,48.2,8.1028,0.048,0.0831,0.2641,1.567,65.78,10.28,-9,-9
37,MBG,RC,16,06/08/24,2000,SAMPLE,0.29,38.4,0.02,8.44,50.8,7.9199,0.0397,0.0779,0.2507,1.479,52.29,10.13,-9,-9
37,MBG,RC,19,06/09/24,2000,SAMPLE,0.29,39.3,0.01,7.7,51.3,7.6118,0.0252,0.0705,0.2342,1.479,51.77,10.82,-9,-9
37,MBG,RC,24,06/10/24,1230,BOTH,0.29,40.5,0.02,7.9,55.2,7.4226,0.0328,0.0682,0.2177,1.588,49.1,8.646,-9,-9
38,MBG,RD,2,06/11/24,0400,SAMPLE,0.39,39.7,0.06,9.15,58.4,6.7533,0.0616,0.0731,0.1922,1.031,44.68,6.996,-9,-9
38,MBG,RD,4,06/11/24,2000,SAMPLE,0.4,40.5,0.05,9.97,58.9,6.8631,0.0823,0.0691,0.1762,1.019,30.59,6.555,-9,-9
38,MBG,RD,7,06/12/24,2000,SAMPLE,0.4,40.1,0.04,10.22,59.5,6.158,0.1056,0.046,0.1405,1.03,30.03,6.618,-9,-9
38,MBG,RD,10,06/13/24,2000,SAMPLE,0.4,40.8,0.04,8.99,62.2,4.4428,0.181,0.0014,0.1508,1.451,41.9,6.137,-9,-9
38,MBG,RD,13,06/14/24,2000,SAMPLE,0.41,41.2,0.02,8.68,61.4,3.919,0.1804,-0.0007,0.1432,1.632,28.54,6.375,-9,-9
38,MBG,RD,16,06/15/24,2000,SAMPLE,0.4,40.2,0.02,8.09,60.4,2.6822,0.0778,-0.0018,0.1191,1.472,33,6.206,-9,-9
38,MBG,RD,19,06/16/24,2000,SAMPLE,0.4,39.7,0.02,7.51,59.9,1.2952,0.0178,-0.0033,0.1188,1.652,37.06,6.155,-9,-9
38,MBG,RD,24,06/17/24,1230,BOTH,0.38,40.2,0.03,7.18,60,1.4769,0.0205,0.0016,0.1428,1.672,69.05,6.127,-9,-9
39,MBG,RK,1,06/17/24,2000,SAMPLE,0.25,29,0.19,5.3,48,1.7802,0.1053,0.0233,0.1147,0.948,33.55,6.19,-9,-9
39,MBG,RK,4,06/18/24,2000,SAMPLE,0.27,29.6,0.13,5.3,48.9,3.0757,0.2327,0.0403,0.1194,0.999,21.72,7.018,-9,-9
39,MBG,RK,7,06/19/24,2000,SAMPLE,0.27,29.7,0.1,5.5,48.4,3.4799,0.1423,0.0343,0.1211,1.224,35.83,6.513,-9,-9
39,MBG,RK,10,06/20/24,2000,SAMPLE,0.27,29.4,0.03,4.95,47.2,3.5188,0.3572,0.0228,0.1191,1.34,21.18,6.725,-9,-9
39,MBG,RK,13,06/21/24,2000,SAMPLE,0.28,29.9,0.02,4.26,48.7,3.8154,0.1892,0.0081,0.0974,1.405,20.97,6.695,-9,-9
39,MBG,RK,16,06/22/24,2000,SAMPLE,0.28,31,0,3.95,49.9,3.757,0.1696,0.0039,0.1505,1.305,36.51,6.871,-9,-9
39,MBG,RK,19,06/23/24,2000,SAMPLE,0.28,31.1,0,3.84,49.5,4.0183,0.0646,-0.0006,0.1352,1.182,35.1,6.855,-9,-9
39,MBG,RK,24,06/24/24,1300,BOTH,0.29,31.7,0,3.81,49.9,3.9589,0.0736,0.0001,0.1265,1.919,52.17,6.773,-9,-9
41,MBG,RH,1,06/24/24,2000,SAMPLE,0.22,30.6,0.26,3.91,50.8,3.7532,0.0528,0.0367,0.0979,1.116,16.82,-9,-9,-9
41,MBG,RH,2,06/25/24,2000,SAMPLE,0.22,30.9,0,3.53,51.4,4.0116,0.0472,0.0451,0.1651,1.182,62.37,-9,-9,-9
41,MBG,RH,3,06/26/24,2000,SAMPLE,0.22,27,0.27,4.56,45.3,3.3891,0.0494,0.0702,0.2811,1.57,119.27,-9,-9,-9
41,MBG,RH,4,06/27/24,2000,SAMPLE,0.22,24.1,0.44,9.86,39,5.728,0.0073,0.0762,0.2976,1.996,129.48,-9,-9,-9
41,MBG,RH,5,06/28/24,2000,SAMPLE,0.22,21.6,0.66,11.71,35.7,6.1006,0.0145,0.0648,0.2433,1.913,82.75,-9,-9,-9
41,MBG,RH,6,06/29/24,2000,SAMPLE,0.22,22.8,0.39,10.16,38.9,6.042,0.0148,0.0585,0.2111,1.782,77.99,-9,-9,-9
41,MBG,RH,7,06/30/24,2000,SAMPLE,0.33,28.9,0.14,6.29,46.6,5.6964,0.0194,0.0497,0.1901,1.362,49.17,-9,-9,-9
41,MBG,RH,8,07/01/24,2000,SAMPLE,0.23,22.5,0.47,9.16,39.6,6.0326,0.0261,0.067,0.2452,1.772,71.03,-9,-9,-9
41,MBG,RH,9,07/02/24,2000,SAMPLE,0.25,25.4,0.19,8.74,44.8,5.63,0.0336,0.0488,0.1803,1.635,46.5,-9,-9,-9
41,MBG,RH,10,07/03/24,2000,SAMPLE,0.26,28.4,0.11,7.79,50.5,5.33,0.0747,0.0513,0.1744,1.483,37.77,-9,-9,-9
41,MBG,RH,11,07/04/24,2000,SAMPLE,0.29,30.3,0.08,7.66,53.6,5.644,0.1309,0.0486,0.2131,1.794,51.3,-9,-9,-9
41,MBG,RH,12,07/05/24,2000,SAMPLE,0.28,32.2,0,7.1,56.7,5.3199,0.0793,0.0494,0.1911,1.602,37.09,-9,-9,-9
41,MBG,RH,13,07/06/24,2000,SAMPLE,0.29,33.4,0,6.49,58.3,5.2971,0.0396,0.0333,0.171,1.584,29.99,-9,-9,-9
41,MBG,RH,14,07/07/24,2000,SAMPLE,0.3,35.4,0,6.04,61.5,4.904,0.0151,0.0033,0.1726,1.744,34.48,-9,-9,-9
41,MBG,RH,24,07/08/24,1300,BOTH,0.21,43.9,0,5.08,63.5,4.2352,0.0391,0.0013,0.1904,2.088,30.41,-9,-9,-9
42,MBG,RL,1,07/08/24,2000,SAMPLE,0.3,46.4,0.33,5.08,64.5,3.9001,0.195,0.0316,0.1496,1.646,38.46,6.368,-9,-9
42,MBG,RL,4,07/09/24,2000,SAMPLE,0.31,46.7,0.14,4.83,64.4,3.9653,0.785,0.0516,0.2221,2.412,38.55,6.865,-9,-9
42,MBG,RL,7,07/10/24,2000,SAMPLE,0.28,34.3,0.15,6.24,48.7,5.3094,0.2332,0.0445,0.1841,1.706,56.73,7.168,-9,-9
42,MBG,RL,10,07/11/24,2000,SAMPLE,0.29,31.6,0.16,7.86,44.6,5.6805,0.1153,0.054,0.1905,1.588,55.27,8.03,-9,-9
42,MBG,RL,12,07/12/24,1200,SAMPLE,0.3,37.6,0.12,5.23,56.9,4.0653,0.1598,0.0509,0.1974,1.662,66.62,7.224,-9,-9
42,MBG,RL,16,07/13/24,2000,SAMPLE,0.3,36.1,0.05,6.42,57.4,4.4093,0.0418,0.043,0.1919,1.535,38.28,7.075,-9,-9
42,MBG,RL,19,07/14/24,2000,SAMPLE,0.28,30.9,0.05,7.41,48.5,5.5995,0.0101,0.0633,0.2239,1.6,47.95,7.222,-9,-9
42,MBG,RL,24,07/15/24,1300,BOTH,0.29,31.4,0.06,7.69,47.4,5.9626,0.0229,0.0669,0.2216,1.508,49.93,7.126,-9,-9
43,MBG,RP,1,07/15/24,2000,SAMPLE,0.29,29.9,0.13,7.26,45.3,6.2538,0.0561,0.078,0.2322,1.43,54.04,6.75,-9,-9
43,MBG,RP,4,07/16/24,2000,SAMPLE,0.28,29.7,0.09,5.61,42.7,6.9452,0.105,0.0805,0.2317,1.451,52.01,7.387,-9,-9
43,MBG,RP,7,07/17/24,2000,SAMPLE,0.27,25.2,0.08,6.96,37.9,7.3689,0.1136,0.0706,0.2079,1.553,43.4,7.467,-9,-9
43,MBG,RP,10,07/18/24,2000,SAMPLE,0.29,25.6,0.06,7.66,38.5,7.4653,0.1949,0.0508,0.2055,1.782,38.18,7.958,-9,-9
43,MBG,RP,13,07/19/24,2000,SAMPLE,0.28,27.4,0.05,7.77,40.2,7.3743,0.1493,0.037,0.1833,1.879,38.73,8.048,-9,-9
43,MBG,RP,16,07/20/24,2000,SAMPLE,0.28,26.5,0.05,7.99,38,7.4166,0.0971,0.0292,0.2179,1.987,29.91,8.559,-9,-9
43,MBG,RP,19,07/21/24,2000,SAMPLE,0.3,27.6,0.05,7.46,39.5,7.3495,0.0633,0.0203,0.1645,1.837,27.27,8.833,-9,-9
43,MBG,RP,24,07/22/24,1255,BOTH,0.28,28.7,0.05,7.46,40.8,7.3105,0.0578,0.0255,0.1511,2.222,30.69,8.45,-9,-9
44,MBG,RT,1,07/22/24,2000,SAMPLE,0.21,28.5,0.23,7.16,39.8,6.6747,0.0788,0.0491,0.1374,1.611,21.12,8.189,-9,-9
44,MBG,RT,4,07/23/24,2000,SAMPLE,0.24,27.9,0.11,6.79,38.5,6.6924,0.1234,0.0358,0.1229,1.605,18.75,7.878,-9,-9
44,MBG,RT,7,07/24/24,2000,SAMPLE,0.24,27.4,0.08,6.43,38.3,6.5882,0.1415,0.0225,0.1348,1.876,22.68,8.058,-9,-9
44,MBG,RT,10,07/25/24,2000,SAMPLE,0.25,27.5,0.05,5.93,38.2,5.9142,0.2681,0.0093,0.1354,1.822,31.78,8.448,-9,-9
44,MBG,RT,13,07/26/24,2000,SAMPLE,0.25,26.8,0.05,5.65,38.5,5.9393,0.1289,0.0024,0.1229,1.636,34.53,7.828,-9,-9
44,MBG,RT,16,07/27/24,2000,SAMPLE,0.25,26.5,0.05,5.31,36.9,5.7368,0.1283,-0.0015,0.1233,1.712,27.91,7.836,-9,-9
44,MBG,RT,19,07/28/24,2000,SAMPLE,0.25,26.5,0.04,4.87,37,6.0143,0.0722,-0.0019,0.1103,1.846,18.67,8.108,-9,-9
44,MBG,RT,24,07/29/24,1300,BOTH,0.25,27,0.04,4.71,37.7,6.2938,0.0283,-0.0025,0.1205,1.935,21.15,8.112,-9,-9
45,MBG,RN,1,07/29/24,2000,SAMPLE,0.24,24.9,0.37,4.67,36,5.9775,0.1006,0.0359,0.1345,1.33,22.17,7.546,4.644,-9
45,MBG,RN,4,07/30/24,2000,SAMPLE,0.26,27.3,0.17,4.54,40.3,6.209,0.2034,0.022,0.1099,1.269,14.9,7.988,4.219,-9
45,MBG,RN,7,07/31/24,2000,SAMPLE,0.3,27.1,0.08,3.95,39,5.855,0.3009,0.012,0.0912,1.476,17.32,7.734,3.78,-9
45,MBG,RN,10,08/01/24,2000,SAMPLE,0.3,26.9,0.09,3.43,38.2,5.9097,0.2565,0.0174,0.1024,1.458,11.72,7.853,3.4,-9
45,MBG,RN,13,08/02/24,2000,SAMPLE,0.23,26.2,0.1,2.92,36.6,6.1862,0.297,0.0169,0.1218,1.443,15.96,8.39,3.248,-9
45,MBG,RN,16,08/03/24,2000,SAMPLE,0.24,29.2,0.09,3.02,40,5.713,0.1047,0.0028,0.1061,1.282,18.69,8.127,2.918,-9
45,MBG,RN,19,08/04/24,2000,SAMPLE,0.33,32.8,0.06,2.54,65.4,4.7873,0.0134,-0.0011,0.1187,1.515,30.03,8.425,2.607,-9
45,MBG,RN,24,08/05/24,1254,BOTH,0.35,32.4,0.07,2.36,42.2,4.6873,0.0324,0.0013,0.145,1.673,28.29,8.073,2.444,-9
46,MBG,RI,1,08/05/24,2000,SAMPLE,0.28,31.6,0.3,2.15,40.2,4.1323,0.1445,0.0174,0.1225,-9,20.21,7.588,2.618,-9
46,MBG,RI,3,08/06/24,1200,SAMPLE,0.29,33,0.88,2.33,40.9,3.7775,0.0375,0.1121,0.3083,1.456,57.05,8.121,3.123,-9
46,MBG,RI,6,08/07/24,1200,SAMPLE,0.29,34.1,0.67,2.07,41.8,3.071,0.1003,0.1224,0.3007,1.31,74.21,7.971,2.829,-9
46,MBG,RI,8,08/08/24,0400,SAMPLE,0.3,34.4,0.11,1.6,42.7,2.7031,0.1844,0.027,0.17,1.412,46.59,8.039,2.065,-9
46,MBG,RI,13,08/09/24,2000,SAMPLE,0.3,36.2,0.09,1.84,44.5,3.1762,0.1282,0.0059,0.133,1.476,24.73,8.284,2.276,-9
46,MBG,RI,16,08/10/24,2000,SAMPLE,0.31,37.1,0.08,1.32,48,2.4516,0.0814,-0.001,0.1453,1.583,44.43,7.862,1.769,-9
46,MBG,RI,19,08/11/24,2000,SAMPLE,0.33,40.9,0.08,1.18,53.5,2.8231,0.006,-0.0012,0.1527,1.71,48.83,7.785,1.58,-9
46,MBG,RI,24,08/12/24,1317,BOTH,0.3,43.3,0.07,1.06,52.7,2.921,0.0041,0.0031,0.14,1.84,42.35,7.526,1.543,-9
47,MBG,RJ,1,08/12/24,2000,SAMPLE,0.27,42.2,0.24,1.26,53.3,3.1639,0.2897,0.0347,0.1651,1.33,39.95,7.681,1.845,-9
47,MBG,RJ,4,08/13/24,2000,SAMPLE,0.27,43.7,0.12,1.1,55,2.9247,0.1772,0.0067,0.1213,1.355,29.65,7.695,2.083,-9
47,MBG,RJ,7,08/14/24,2000,SAMPLE,0.27,42.3,0.11,1.17,58.3,3.0301,0.1936,0.0097,0.1312,1.191,33.57,7.561,1.773,-9
47,MBG,RJ,10,08/15/24,2000,SAMPLE,0.28,42,0.06,0.76,53.2,2.6532,0.2738,0.0044,0.1268,1.458,24.97,7.727,1.733,-9
47,MBG,RJ,13,08/16/24,2000,SAMPLE,0.3,41.8,0.05,0.68,53.7,2.4418,0.1648,-0.0015,0.1544,1.504,36.52,7.785,1.569,-9
47,MBG,RJ,16,08/17/24,2000,SAMPLE,0.32,41.4,0.04,0.62,53.2,2.4362,0.0718,-0.0029,0.1342,1.449,28.41,7.894,1.396,-9
47,MBG,RJ,19,08/18/24,2000,SAMPLE,0.33,41.8,0.04,0.62,53.5,2.7549,0.0208,-0.0026,0.1291,1.396,29.81,7.93,1.213,-9
47,MBG,RJ,24,08/19/24,1250,BOTH,0.32,42.4,0.04,0.54,53.9,3.1642,0.0139,0.0028,0.146,1.613,37.27,7.67,1.195,-9
48,MBG,RD,1,08/19/24,2000,SAMPLE,0.31,39,0.1,0.5,48.7,3.2298,0.2269,0.0183,0.1367,1.412,29.28,7.173,1.433,-9
48,MBG,RD,4,08/20/24,2000,SAMPLE,0.34,45.3,0.05,0.36,55.4,3.6755,0.2168,0.0024,0.1412,1.663,36.28,7.485,1.322,-9
48,MBG,RD,7,08/21/24,2000,SAMPLE,0.35,44.8,0.05,0.18,55.5,3.7327,0.2207,0.0022,0.1334,1.635,30.34,7.604,1.067,-9
48,MBG,RD,10,08/22/24,2000,SAMPLE,0.36,48,0.03,0,59.3,3.7438,0.1567,-0.0009,0.1341,2.122,26,7.829,0.835,-9
48,MBG,RD,13,08/23/24,2000,SAMPLE,0.38,50.2,0.02,0,60.5,3.7118,0.1287,-0.0015,0.1278,1.877,17.42,7.893,0.7839,-9
48,MBG,RD,16,08/24/24,2000,SAMPLE,0.38,51,0,0,61.3,3.6083,0.0402,-0.0019,0.1374,1.631,20.09,7.997,0.6426,-9
48,MBG,RD,19,08/25/24,2000,SAMPLE,0.38,51.4,0,0,61.2,3.3896,0.0104,-0.002,0.1607,1.718,34.18,7.954,0.5922,-9
48,MBG,RD,24,08/26/24,1200,BOTH,0.35,52.9,0,0,62.6,3.405,0.0205,0.0037,0.1265,1.724,17.56,7.782,0.6779,-9
49,MBG,RA,1,08/26/24,2000,SAMPLE,0.36,52.5,0.27,0,60.8,3.5126,0.2358,0.051,0.1621,1.261,20.11,7.432,1.082,-9
49,MBG,RA,4,08/27/24,2000,SAMPLE,0.36,50.8,0.16,0.02,58.9,3.5198,0.2722,0.0568,0.1769,1.299,26.8,7.859,1.159,-9
49,MBG,RA,7,08/28/24,2000,SAMPLE,0.36,52.9,0.06,0,60.9,3.54,0.3451,0.0524,0.1757,1.419,20.5,7.729,1.077,-9
49,MBG,RA,10,08/29/24,2000,SAMPLE,0.37,54.7,0.07,0.06,63.4,3.7909,0.2124,0.0618,0.1818,1.312,25.66,7.544,1.036,-9
49,MBG,RA,13,08/30/24,2000,SAMPLE,0.39,56.1,0,0,66.4,3.1488,0.2723,0.0343,0.1755,1.523,27.93,7.678,0.9293,-9
49,MBG,RA,16,08/31/24,2000,SAMPLE,0.39,57.3,0,0,68.7,3.0404,0.1412,0.0208,0.1804,1.441,34.91,7.282,0.8067,-9
49,MBG,RA,19,09/01/24,2000,SAMPLE,0.4,58,0,0,70,2.9015,0.0996,0.0132,0.1675,1.36,33.55,7.336,0.8139,-9
49,MBG,RA,21,09/02/24,1200,SAMPLE,0.41,59.1,0,0,71.6,2.6618,0.0189,0.0075,0.1506,1.177,27.87,7.664,0.6797,-9
49,MBG,RA,24,09/03/24,1220,BOTH,0.42,60.9,0,0,75,2.5295,0.0125,0.0126,0.1361,1.251,24.79,7.17,0.6428,-9
50,MBG,RM,1,09/03/24,2000,SAMPLE,0.38,62.2,0.08,0.05,74.2,2.7269,0.2271,0.052,0.2027,1.402,38.01,7.249,0.9419,-9
50,MBG,RM,4,09/04/24,2000,SAMPLE,0.38,62.3,0.02,0.01,74.3,2.5282,0.1385,0.0241,0.1646,1.257,43.58,7.095,0.7779,-9
50,MBG,RM,7,09/05/24,2000,SAMPLE,0.41,63.9,0,0,76.8,2.1924,0.0973,0.0105,0.1318,1.272,22.91,7.43,0.6802,-9
50,MBG,RM,10,09/06/24,2000,SAMPLE,0.42,63.8,0,0,75.9,2.1615,0.0856,0.0101,0.1414,1.202,22.95,7.358,0.792,-9
50,MBG,RM,11,09/07/24,0400,SAMPLE,0.43,64,0,0,76.2,2.1611,0.1009,0.0107,0.1372,1.221,26.02,7.556,0.7153,-9
50,MBG,RM,16,09/08/24,2000,SAMPLE,0.45,65.2,0,0,78.3,1.8972,0.0018,0.0037,0.1355,1.285,25.92,7.833,0.656,-9
50,MBG,RM,24,09/09/24,1220,BOTH,0.41,66.7,0,0,81,1.7748,0.0088,0.0082,0.1313,1.283,30.26,7.345,0.6218,-9
51,MBG,RN,1,09/09/24,2000,SAMPLE,0.4,63.8,0.06,0.03,78.3,1.7142,0.1649,0.0341,0.152,1.215,43.79,7.265,0.825,-9
51,MBG,RN,4,09/10/24,2000,SAMPLE,0.34,64.2,0.03,0,79.1,1.4618,0.1167,0.0161,0.1217,1.129,17.65,7.286,0.7215,-9
51,MBG,RN,7,09/11/24,2000,SAMPLE,0.34,64.9,0.03,0.02,79.7,1.3879,0.1101,0.0224,0.1239,1.085,19.19,7.44,0.735,-9
51,MBG,RN,10,09/12/24,2000,SAMPLE,0.35,64.7,0,0.02,81.1,1.2928,0.0681,0.0146,0.1279,1.05,24.33,7.386,0.6873,-9
51,MBG,RN,13,09/13/24,2000,SAMPLE,0.35,64.8,0,0,80.1,1.243,0.0448,0.0138,0.1375,1.199,26.35,7.436,0.664,-9
51,MBG,RN,16,09/14/24,2000,SAMPLE,0.38,65.2,0,0.02,80.1,1.4058,0.0072,0.0115,0.1438,1.096,27.14,7.425,0.6431,-9
51,MBG,RN,19,09/15/24,2000,SAMPLE,0.41,65.7,0,0,80.6,1.2679,-0.0115,0.009,0.1385,1.254,24.75,7.431,0.5806,-9
51,MBG,RN,24,09/16/24,1230,BOTH,0.41,66.4,0,0,82.1,1.2551,-0.0148,0.0134,0.1427,1.314,22.4,7.262,0.6362,-9
52,MBG,RS,1,09/16/24,2000,SAMPLE,0.36,65.2,0.07,0.04,80,1.4958,0.1282,0.0373,0.1555,1.098,28.57,7.373,0.8887,-9
52,MBG,RS,4,09/17/24,2000,SAMPLE,0.39,66.3,0.03,0,81.6,1.4642,0.1737,0.031,0.1502,1.065,23.24,7.386,0.7596,-9
52,MBG,RS,7,09/18/24,2000,SAMPLE,0.4,66.7,0,0,82.6,1.3877,0.1445,0.0296,0.1453,1.048,19.83,7.338,0.7561,-9
52,MBG,RS,10,09/19/24,2000,SAMPLE,0.4,67,0.03,0.02,83,1.5295,0.1154,0.0264,0.158,1.05,25.62,8.069,0.7875,-9
52,MBG,RS,13,09/20/24,2000,SAMPLE,0.41,67.1,0,0,84.1,1.2689,0.1558,0.0192,0.1567,1.181,17.65,7.902,0.7423,-9
52,MBG,RS,16,09/21/24,2000,SAMPLE,0.42,67.1,0,0.01,83.3,1.3968,0.0591,0.017,0.1533,1.146,22.67,7.737,0.6891,-9
52,MBG,RS,19,09/22/24,2000,SAMPLE,0.43,67.6,0,0.01,84.4,1.3778,0.0256,0.0149,0.1616,1.198,20.96,8.003,0.6499,-9
52,MBG,RS,20,09/23/24,0400,SAMPLE,0.43,67.7,0,0,84.1,1.337,0.0406,0.015,0.1672,1.176,29.48,7.893,0.6655,-9
52,MBG,RS,24,09/23/24,1245,BOTH,0.35,68.4,0,0,85.7,1.4145,0.0165,0.0101,0.1741,1.275,23.94,7.452,0.6357,-9
1,MBG,RB,1,09/23/24,2000,SAMPLE,0.42,65,0.05,0.12,80.7,1.4728,0.2007,0.0441,0.1875,1.262,36.06,-9,-9,-9
1,MBG,RB,4,09/24/24,2000,SAMPLE,0.42,64.7,0.03,0.02,81.1,1.465,0.1817,0.031,0.1661,1.222,27.89,-9,-9,-9
1,MBG,RB,7,09/25/24,2000,SAMPLE,0.45,67.9,0.03,0.02,83.6,1.4178,0.1192,0.0193,0.1597,1.213,20.03,-9,-9,-9
1,MBG,RB,10,09/26/24,2000,SAMPLE,0.42,65.5,0,0,79.1,1.2201,0.0842,0.0158,0.1579,1.201,22.21,-9,-9,-9
1,MBG,RB,11,09/27/24,0400,SAMPLE,0.42,66.1,0,0,76.8,1.3252,0.1095,0.0247,0.1898,1.241,40.31,-9,-9,-9
1,MBG,RB,13,09/27/24,2000,SAMPLE,0.43,65.4,0,0,74.8,0.9581,0.0845,0.0188,0.2406,1.341,72.94,-9,-9,-9
1,MBG,RB,15,09/28/24,1200,SAMPLE,0.43,66.1,0,0,76.4,0.8885,0.0263,0.0124,0.17,1.068,22.73,-9,-9,-9
1,MBG,RB,16,09/28/24,2000,SAMPLE,0.46,74.9,0,0,97.3,0.7133,0.0143,0.0153,0.178,1.152,29.18,-9,-9,-9
1,MBG,RB,18,09/29/24,1200,SAMPLE,0.5,85.8,0,0,115.1,0.5858,0.0055,0.0131,0.1711,1.066,26.3,-9,-9,-9
1,MBG,RB,19,09/29/24,2000,SAMPLE,0.5,84.8,0,0,109,0.5673,0.0126,0.0127,0.1854,1.187,34.18,-9,-9,-9
1,MBG,RB,24,09/30/24,1248,BOTH,0.46,80.7,0,0,97.2,0.6762,0.0035,0.0185,0.1815,1.252,27.83,-9,-9,-9
2,MBG,RL,1,09/30/24,2000,SAMPLE,0.53,78.2,0.02,0.02,94,0.6512,0.2011,0.0434,0.158,1.209,25.22,-9,-9,-9
2,MBG,RL,4,10/01/24,2000,SAMPLE,0.55,72.1,0,0,78.9,0.2012,0.1767,0.0347,0.1523,1.259,19.34,-9,-9,-9
2,MBG,RL,7,10/02/24,2000,SAMPLE,0.54,71.6,0,0,77.8,0.3712,0.1664,0.031,0.1511,1.234,22.32,-9,-9,-9
2,MBG,RL,10,10/03/24,2000,SAMPLE,0.52,68.1,0,0,73.5,0.1928,0.1319,0.0251,0.1603,1.303,21.58,-9,-9,-9
2,MBG,RL,13,10/04/24,2000,SAMPLE,0.52,67.5,0,0,72.8,0.088,0.0804,0.0099,0.1725,1.517,29.8,-9,-9,-9
2,MBG,RL,16,10/05/24,2000,SAMPLE,0.51,67.1,0,0,73.4,0.0764,0.0944,0.004,0.1498,1.477,22.73,-9,-9,-9
2,MBG,RL,19,10/06/24,2000,SAMPLE,0.53,68.8,0,0,76.6,0.0749,0.0344,-0.0005,0.1523,1.512,25.91,-9,-9,-9
2,MBG,RL,24,10/07/24,1300,BOTH,0.57,72.5,0,0,79.6,0.1134,0.0169,-0.0001,0.1481,1.353,25.81,-9,-9,-9
3,MBG,RF,1,10/07/24,2000,SAMPLE,0.47,69.9,0,0,77.5,0.1058,0.2629,0.0188,0.144,1.442,18.75,-9,-9,-9
3,MBG,RF,4,10/08/24,2000,SAMPLE,0.48,70.3,0,0,78.2,0.1502,0.2232,0.0211,0.15,1.391,20.15,-9,-9,-9
3,MBG,RF,7,10/09/24,2000,SAMPLE,0.49,70.6,0,0,78.9,0.2365,0.1217,0.0129,0.1571,1.37,27.05,-9,-9,-9
3,MBG,RF,10,10/10/24,2000,SAMPLE,0.47,67.6,0,0,74.7,0.2192,0.0529,0.0074,0.145,1.24,19.42,-9,-9,-9
3,MBG,RF,13,10/11/24,2000,SAMPLE,0.5,71.3,0,0,79.3,0.2296,0.0317,0.004,0.1504,1.215,23.43,-9,-9,-9
3,MBG,RF,14,10/12/24,0400,SAMPLE,0.49,70.7,0,0,77.9,0.2997,0.0525,0.0063,0.1518,1.393,23.07,-9,-9,-9
3,MBG,RF,16,10/12/24,2000,SAMPLE,0.53,72,0,0,79.1,0.3242,0.0187,0.0042,0.1492,1.375,23.87,-9,-9,-9
3,MBG,RF,17,10/13/24,0400,SAMPLE,0.53,70.4,0,0,77.5,0.3351,0.0246,0.005,0.1594,1.235,29.94,-9,-9,-9
3,MBG,RF,19,10/13/24,2000,SAMPLE,0.55,71.3,0,0,78.1,0.3622,0.0098,0.0071,0.1514,1.359,21.06,-9,-9,-9
3,MBG,RF,21,10/14/24,1200,SAMPLE,0.56,69.1,0,0,75.3,0.3936,0.005,0.0053,0.1614,1.297,25.7,-9,-9,-9
3,MBG,RF,24,10/14/24,1300,BOTH,0.5,72.2,0,0,78.8,0.4546,0.0207,0.0148,0.1541,1.288,22.88,-9,-9,-9
4,MBG,RQ,1,10/14/24,2000,SAMPLE,0.45,70.1,0,0,74.5,0.4433,0.1669,0.0214,0.1436,1.275,24.52,-9,-9,-9
4,MBG,RQ,4,10/15/24,2000,SAMPLE,0.56,69.7,0,0,72.9,0.2914,0.095,0.0133,0.146,1.388,20.54,-9,-9,-9
4,MBG,RQ,7,10/16/24,2000,SAMPLE,0.46,68.3,0.04,0,71,0.3014,0.0777,0.0087,0.1281,1.191,21.5,-9,-9,-9
4,MBG,RQ,10,10/17/24,2000,SAMPLE,0.45,70.3,0,0,75.2,0.3797,0.0672,0.0103,0.1289,1.082,20.18,-9,-9,-9
4,MBG,RQ,13,10/18/24,2000,SAMPLE,0.46,70.4,0,0,74.6,0.388,0.0846,0.0109,0.1267,1.15,19.26,-9,-9,-9
4,MBG,RQ,16,10/19/24,2000,SAMPLE,0.47,72,0,0,75.5,0.4413,0.0851,0.0147,0.1247,1.113,19.54,-9,-9,-9
4,MBG,RQ,19,10/20/24,2000,SAMPLE,0.49,73.9,0,0,76.5,0.3926,0.0259,0.0084,0.1282,1.13,23.64,-9,-9,-9
4,MBG,RQ,24,10/21/24,1300,BOTH,0.49,76.7,0.04,0,81.2,0.374,0.0318,0.0088,0.1131,1.272,19.2,-9,-9,-9
5,MBG,RI,1,10/21/24,2000,SAMPLE,0.5,74,0,0,82.9,0.4937,0.1044,0.0133,0.1389,1.173,22.09,-9,-9,-9
5,MBG,RI,4,10/22/24,2000,SAMPLE,0.52,76.9,0,0,85.1,0.5668,0.0881,0.0154,0.1418,1.249,25.77,-9,-9,-9
5,MBG,RI,7,10/23/24,2000,SAMPLE,0.53,76.2,0,0,84.2,0.4868,0.0676,0.0079,0.1494,1.284,36.33,-9,-9,-9
5,MBG,RI,10,10/24/24,2000,SAMPLE,0.53,76.7,0,0,85.1,0.4556,0.03,0.0037,0.1226,1.201,20.6,-9,-9,-9
5,MBG,RI,13,10/25/24,2000,SAMPLE,0.58,79.4,0,0,87.6,0.5043,0.0382,0.0077,0.1202,1.135,19.57,-9,-9,-9
5,MBG,RI,14,10/26/24,0400,SAMPLE,0.57,79.2,0,0,87.3,0.493,-0.0013,0.0027,0.1273,1.163,28.8,-9,-9,-9
5,MBG,RI,19,10/27/24,2000,SAMPLE,0.56,80.4,0,0,88.8,0.5589,0.0394,0.0104,0.1162,1.139,20.23,-9,-9,-9
5,MBG,RI,24,10/28/24,1200,BOTH,0.51,82.3,0,0,90.5,0.5366,0.0217,0.0184,0.1131,1.068,18.53,-9,-9,-9
6,MBG,RS,1,10/28/24,2000,SAMPLE,0.57,78.3,0,0,81.3,0.5187,0.0783,0.0122,0.1252,1.06,22.11,-9,-9,-9
6,MBG,RS,4,10/29/24,2000,SAMPLE,0.58,79.2,0,0,82.5,0.5113,0.079,0.0109,0.13,1.128,24.98,-9,-9,-9
6,MBG,RS,7,10/30/24,2000,SAMPLE,0.58,80.8,0,0,82.1,0.3912,0.0625,0.0093,0.126,1.063,26.54,-9,-9,-9
6,MBG,RS,10,10/31/24,2000,SAMPLE,0.58,83.3,0,0,84,0.3691,0.0239,0.0026,0.1326,1.04,28.01,-9,-9,-9
6,MBG,RS,13,11/01/24,2000,SAMPLE,0.58,86.3,0,0,85.1,0.2644,0.0276,0.0064,0.1412,1.071,25.28,-9,-9,-9
6,MBG,RS,16,11/02/24,2000,SAMPLE,0.61,86,0,0,84.7,0.2671,0.0152,0.0052,0.129,1.085,23.14,-9,-9,-9
6,MBG,RS,19,11/03/24,2000,SAMPLE,0.58,86.5,0,0,86.8,0.3101,0.0154,0.0062,0.1179,0.985,17.82,-9,-9,-9
6,MBG,RS,24,11/04/24,1230,BOTH,0.55,84.1,0,0,83.5,0.3976,0.0264,0.0213,0.1237,0.97,19.84,-9,-9,-9
7,MBG,RE,1,11/04/24,2000,SAMPLE,0.53,86.1,0,0,87.9,0.3504,0.1246,0.0113,0.139,1.059,33.46,-9,-9,-9
7,MBG,RE,4,11/05/24,2000,SAMPLE,0.55,89.8,0.02,0,91.3,0.4082,0.0787,0.0104,0.1425,1.065,30.15,-9,-9,-9
7,MBG,RE,7,11/06/24,2000,SAMPLE,0.53,84.3,0.02,0,88,0.1795,0.0439,0.0058,0.1265,1.166,23,-9,-9,-9
7,MBG,RE,10,11/07/24,2000,SAMPLE,0.54,85.2,0.05,0,89.3,0.3492,0.0134,0.0024,0.1257,1.004,21.98,-9,-9,-9
7,MBG,RE,13,11/08/24,2000,SAMPLE,0.53,84.7,0,0.01,88.2,0.2908,0.0266,0.0053,0.1328,1.019,28.9,-9,-9,-9
7,MBG,RE,16,11/09/24,2000,SAMPLE,0.54,86.5,0,0,90,0.2313,0.0129,0.0044,0.113,0.984,17.39,-9,-9,-9
7,MBG,RE,24,11/11/24,1210,BOTH,0.56,92.1,0,0,93.6,0.2267,0.0146,0.0101,0.1175,0.964,14.85,-9,-9,-9
8,MBG,RK,23,11/18/24,1230,SAMPLE,0.56,96.2,0.02,0.07,105.5,0.0739,0.0061,0.002,0.1104,1.095,12.58,-9,-9,-9
10,MBG,RM,1,11/18/24,2000,SAMPLE,0.68,104.8,0.03,0,111.7,0.0445,0.1818,0.0107,0.114,0.965,24.24,-9,-9,-9
10,MBG,RM,2,11/19/24,2000,SAMPLE,0.65,108.4,0,0,116.8,0.0299,0.2423,0.0087,0.0956,0.985,19.85,-9,-9,-9
10,MBG,RM,3,11/20/24,2000,SAMPLE,0.64,106.8,0,0,117.8,0.0559,0.2201,0.0038,0.1108,1.099,15.79,-9,-9,-9
10,MBG,RM,4,11/21/24,2000,SAMPLE,0.72,105.7,0.01,0.05,115.9,0.0336,0.1676,0.003,0.1,1.044,14.46,-9,-9,-9
10,MBG,RM,5,11/22/24,2000,SAMPLE,0.68,102.1,0,0.05,110.7,-0.0306,0.166,0.0022,0.0946,1.058,12.05,-9,-9,-9
10,MBG,RM,6,11/23/24,2000,SAMPLE,0.71,104,0,0.1,110.3,-0.0247,0.1536,0.0034,0.0868,1.078,12.1,-9,-9,-9
10,MBG,RM,7,11/24/24,2000,SAMPLE,0.67,104.9,0,0.22,110.8,-0.0337,0.1269,0.0015,0.0821,1.043,10.51,-9,-9,-9
10,MBG,RM,8,11/25/24,2000,SAMPLE,0.67,104.5,0,0.23,111.3,-0.0225,0.1473,0.0016,0.0839,1.089,12.13,-9,-9,-9
10,MBG,RM,9,11/26/24,2000,SAMPLE,0.63,103.1,0,0.38,110.9,-0.0312,0.0895,0.0004,0.0811,1.005,16.48,-9,-9,-9
10,MBG,RM,10,11/27/24,2000,SAMPLE,0.65,103.3,0.01,0.41,111.1,-0.0014,0.0985,0.0002,0.07,0.948,10.23,-9,-9,-9
10,MBG,RM,11,11/28/24,2000,SAMPLE,0.65,104.5,0,0.46,113.5,-0.0222,0.0635,0.0004,0.0679,0.983,11.11,-9,-9,-9
10,MBG,RM,12,11/29/24,2000,SAMPLE,0.68,103.5,0,0.57,113.8,-0.0312,0.035,0.0006,0.0664,1.024,11.5,-9,-9,-9
10,MBG,RM,13,11/30/24,2000,SAMPLE,0.62,99.4,0,0.59,109.6,-0.0321,0.0293,-0.0004,0.0632,1.007,10.71,-9,-9,-9
10,MBG,RM,14,12/01/24,2000,SAMPLE,0.63,98.8,0,0.57,110,-0.0365,0.0183,-0.001,0.0775,0.994,22.85,-9,-9,-9
10,MBG,RM,24,12/02/24,1143,BOTH,0.63,103.1,0.01,0.6,114.1,-0.0234,0.0134,0.0062,0.0542,0.921,8.31,-9,-9,-9
11,MBG,RG,1,12/02/24,1200,SAMPLE,0.59,100.9,0.02,0.7,113.5,-0.0133,0.0725,-0.0012,0.0586,0.909,10.67,-9,-9,-9
11,MBG,RG,4,12/03/24,1200,SAMPLE,0.6,100.4,0.03,0.69,112.4,0.0011,0.0461,-0.0015,0.0531,1.018,7.05,-9,-9,-9
11,MBG,RG,7,12/04/24,1200,SAMPLE,0.62,100.3,0.02,0.74,115.1,0.0556,0.0641,-0.0015,0.0527,0.9,8.14,-9,-9,-9
11,MBG,RG,10,12/05/24,1200,SAMPLE,0.61,98.8,0.02,0.74,114.8,0.0714,0.0268,-0.0025,0.055,0.888,9.36,-9,-9,-9
11,MBG,RG,13,12/06/24,1200,SAMPLE,0.61,99.6,0.02,0.7,115.3,0.0155,0.0251,-0.0028,0.0554,1.031,8.58,-9,-9,-9
11,MBG,RG,16,12/07/24,1200,SAMPLE,0.62,100.3,0.02,0.71,115.1,-0.0147,0.0197,-0.0031,0.0511,0.907,8.04,-9,-9,-9
11,MBG,RG,19,12/08/24,1200,SAMPLE,0.61,99.4,0.03,0.75,113.7,0.0014,0.0088,-0.0034,0.0468,0.886,5.9,-9,-9,-9
11,MBG,RG,24,12/09/24,1318,BOTH,0.61,98,0.02,0.71,112.3,0.0357,0.0422,-0.002,0.0536,1.123,9.86,-9,-9,-9
12,MBG,RW,1,12/09/24,2000,SAMPLE,0.58,97.3,0.03,0.39,112,0.0677,0.0667,-0.0013,0.0645,1.268,8.09,-9,-9,-9
12,MBG,RW,4,12/10/24,2000,SAMPLE,0.57,94.5,0.03,0.4,109,0.051,0.0634,-0.0049,0.0553,1.178,8.47,-9,-9,-9
12,MBG,RW,7,12/11/24,2000,SAMPLE,0.55,93.7,0.03,0.43,109.9,0.0485,0.0158,-0.0028,0.0589,1.218,12.19,-9,-9,-9
12,MBG,RW,10,12/12/24,2000,SAMPLE,0.52,97.9,0.03,0.54,115.8,0.0695,0.0112,-0.0079,0.0602,1.169,10.38,-9,-9,-9
12,MBG,RW,13,12/13/24,2000,SAMPLE,0.52,97.6,0.03,0.56,114.9,0.0578,0.0297,-0.0033,0.0478,1.002,7.83,-9,-9,-9
12,MBG,RW,16,12/14/24,2000,SAMPLE,0.52,97.3,0.03,0.61,115.2,0.0556,0.0257,-0.007,0.0606,1.248,8.84,-9,-9,-9
12,MBG,RW,19,12/15/24,2000,SAMPLE,0.54,101.3,0.03,0.7,121.9,0.0852,0.0082,-0.0075,0.0719,1.395,10.19,-9,-9,-9
12,MBG,RW,24,12/16/24,1145,BOTH,0.56,100,0.03,0.9,127.9,0.0927,0.0383,-0.0005,0.0676,1.127,6.38,-9,-9,-9
15,MBG,RC,1,12/16/24,1200,SAMPLE,0.55,92.1,0.03,0.97,123.2,0.0774,0.2183,-0.0048,0.0801,0.941,3.3,-9,-9,-9
15,MBG,RC,2,12/17/24,1200,SAMPLE,0.52,92.3,0.03,1.63,120.9,0.2887,0.2014,-0.0057,0.1073,0.916,14.45,-9,-9,-9
15,MBG,RC,4,12/19/24,1200,SAMPLE,0.48,89.2,0,2.71,111.1,1.1173,0.1495,-0.005,0.0894,0.913,9.52,-9,-9,-9
15,MBG,RC,6,12/21/24,1200,SAMPLE,0.49,87.1,0.05,3.28,108.1,1.445,0.0951,0.0003,0.0591,0.847,6.23,-9,-9,-9
15,MBG,RC,8,12/23/24,1200,SAMPLE,0.5,94,0,3.28,117.6,1.2173,0.0697,-0.0029,0.0505,0.853,4.86,-9,-9,-9
15,MBG,RC,10,12/25/24,1200,SAMPLE,0.49,91.6,0.1,2.57,120.8,0.7064,0.0982,-0.0063,0.0469,0.856,3.94,-9,-9,-9
15,MBG,RC,12,12/27/24,1200,SAMPLE,0.49,94.7,0,2.72,119.6,0.5636,0.2364,-0.0096,0.0551,0.84,4.6,-9,-9,-9
15,MBG,RC,14,12/29/24,1200,SAMPLE,0.47,97.4,0.07,2.64,121.1,0.4779,0.1142,-0.0085,0.0718,0.907,17.03,-9,-9,-9
15,MBG,RC,15,12/30/24,1200,SAMPLE,0.34,56.4,0.02,6.59,88.6,4.2645,0.1007,0.03,0.3038,1.528,112.64,-9,-9,-9
15,MBG,RC,16,12/31/24,1200,SAMPLE,0.31,47,0.03,8.08,62.9,5.1567,0.0827,0.0462,0.3634,1.73,140.74,-9,-9,-9
15,MBG,RC,17,01/01/25,1200,SAMPLE,0.26,29.5,0.04,8.07,41.6,6.4168,0.0449,0.0559,0.6437,2.847,305.39,-9,-9,-9
15,MBG,RC,18,01/02/25,1200,SAMPLE,0.24,28,0.04,7.2,35.8,6.821,0.0436,0.0612,0.7234,2.96,343.12,-9,-9,-9
15,MBG,RC,19,01/03/25,1200,SAMPLE,0.23,25.2,0.04,7.2,29.3,6.8545,0.0789,0.0858,0.6774,2.925,264.94,-9,-9,-9
15,MBG,RC,20,01/04/25,1200,SAMPLE,0.22,23.4,0.04,6.73,30.8,6.9073,0.0657,0.0895,0.5382,2.495,163.55,-9,-9,-9
15,MBG,RC,21,01/05/25,1200,SAMPLE,0.23,25.1,0.04,6.93,33.7,7.1494,0.078,0.1069,0.4803,1.786,108.83,-9,-9,-9
15,MBG,RC,24,01/06/25,1345,BOTH,0.24,25.2,0.04,7.25,36.4,7.3243,0.0592,0.0758,0.4824,1.966,110.39,-9,-9,-9
16,MBG,RU,1,01/06/25,2000,SAMPLE,0.16,26.6,0.04,7.15,37.4,7.2777,0.069,0.1415,0.4869,1.921,112.03,-9,-9,-9
16,MBG,RU,4,01/07/25,2000,SAMPLE,0.16,28.7,0.03,7.34,41.7,7.3765,0.0734,0.1312,0.4016,2.033,84.04,-9,-9,-9
16,MBG,RU,7,01/08/25,2000,SAMPLE,0.16,30.1,0.04,7.41,43.8,7.4576,0.0706,0.1223,0.3919,1.831,72.92,-9,-9,-9
16,MBG,RU,10,01/09/25,2000,SAMPLE,0.16,31.8,0.03,7.54,46.3,7.6069,0.0887,0.138,0.3885,1.805,66.71,-9,-9,-9
16,MBG,RU,13,01/10/25,2000,SAMPLE,0.18,33,0.03,7.66,47.1,7.6449,0.0844,0.132,0.3801,1.77,62.82,-9,-9,-9
16,MBG,RU,16,01/11/25,2000,SAMPLE,0.17,34.4,0.03,7.68,48.3,7.6321,0.0741,0.1339,0.3655,1.792,64.3,-9,-9,-9
16,MBG,RU,19,01/12/25,2000,SAMPLE,0.17,34.7,0.03,7.59,48.6,7.5516,0.061,0.1201,0.3643,1.671,76.87,-9,-9,-9
16,MBG,RU,24,01/13/25,1145,BOTH,0.24,37,0.04,7.85,53,7.6352,0.0783,0.1245,0.3425,1.571,49.24,-9,-9,-9
17,MBG,RH,1,01/13/25,1200,SAMPLE,0.26,36.1,0.07,7.62,51.3,7.2297,0.1148,0.1312,0.3572,1.437,60.19,-9,-9,-9
17,MBG,RH,4,01/14/25,1200,SAMPLE,0.27,39.7,0.07,8.05,53.4,7.4509,0.1037,0.1291,0.347,1.463,52.14,-9,-9,-9
17,MBG,RH,7,01/15/25,1200,SAMPLE,0.28,43.2,0.07,8.3,60.4,7.4625,0.1163,0.1279,0.3234,1.461,44.92,-9,-9,-9
17,MBG,RH,10,01/16/25,1200,SAMPLE,0.28,43.7,0.07,8.46,58.3,7.6844,0.1199,0.1275,0.3154,1.422,37.75,-9,-9,-9
17,MBG,RH,13,01/17/25,1200,SAMPLE,0.27,43.3,0.07,8.09,58.5,7.4057,0.1137,0.1247,0.2944,1.381,33.71,-9,-9,-9
17,MBG,RH,16,01/18/25,1200,SAMPLE,0.27,44.9,0.07,8.03,59.9,7.4555,0.1123,0.1201,0.2851,1.46,39.81,-9,-9,-9
17,MBG,RH,19,01/19/25,1200,SAMPLE,0.27,44,0.07,7.65,57.8,7.1954,0.1213,0.1222,0.2896,1.755,36.91,-9,-9,-9
17,MBG,RH,24,01/20/25,1350,BOTH,0.29,45.8,0.07,7.93,60,7.7461,0.0911,0.1145,0.3095,1.384,37.57,-9,-9,-9
18,MBG,RS,1,01/20/25,2000,SAMPLE,0.24,45,0.05,7.78,60,7.8092,0.1184,0.1358,0.3074,1.633,45.39,-9,-9,-9
18,MBG,RS,4,01/21/25,2000,SAMPLE,0.25,44.7,0.06,7.86,60.4,7.941,0.1118,0.1399,0.3232,1.577,41.08,-9,-9,-9
18,MBG,RS,7,01/22/25,2000,SAMPLE,0.27,51.5,0.05,8.06,71,8.443,0.1297,0.1461,0.3123,1.705,36.59,-9,-9,-9
18,MBG,RS,10,01/23/25,2000,SAMPLE,0.26,49.1,0.05,7.99,64.1,8.466,0.1206,0.1419,0.3069,1.618,31.74,-9,-9,-9
18,MBG,RS,13,01/24/25,2000,SAMPLE,0.26,52.2,0.06,7.91,66.6,8.4385,0.124,0.1391,0.2714,1.545,26.45,-9,-9,-9
18,MBG,RS,16,01/25/25,2000,SAMPLE,0.22,53.4,0.05,7.55,67.5,8.0381,0.0985,0.1166,0.2476,1.627,24.92,-9,-9,-9
18,MBG,RS,19,01/26/25,2000,SAMPLE,0.25,58.7,0.05,7.69,72.6,8.1634,0.1233,0.1158,0.228,1.405,22.1,-9,-9,-9
18,MBG,RS,24,01/27/25,1300,BOTH,0.25,61.8,0.05,7.77,74.6,8.455,0.1251,0.1226,0.2238,1.51,19.31,-9,-9,-9
20,MBG,RP,1,02/03/25,2000,SAMPLE,0.26,68.6,0.05,5.67,74.2,6.4015,0.0973,0.0633,0.2407,1.236,52.6,-9,-9,-9
20,MBG,RP,4,02/04/25,2000,SAMPLE,0.31,72.4,0.05,5.5,81.2,6.2371,0.0857,0.0517,0.1878,1.101,35.9,-9,-9,-9
20,MBG,RP,7,02/05/25,2000,SAMPLE,0.29,64.7,0.04,5.39,72.7,6.2218,0.2035,0.0947,0.2475,1.324,47.74,-9,-9,-9
20,MBG,RP,10,02/06/25,2000,SAMPLE,0.28,64.7,0.04,5.67,72.9,5.9665,0.1687,0.0842,0.2324,1.366,40.84,-9,-9,-9
20,MBG,RP,13,02/07/25,2000,SAMPLE,0.27,73.7,0.04,4.95,68.1,5.5359,0.2518,0.0971,0.2562,1.417,41.32,-9,-9,-9
20,MBG,RP,16,02/08/25,2000,SAMPLE,0.26,74.2,0.04,5.27,68.8,5.674,0.2767,0.0784,0.2422,1.306,31.97,-9,-9,-9
20,MBG,RP,19,02/09/25,2000,SAMPLE,0.27,74,0.04,5.33,65.1,5.8974,0.2116,0.1023,0.2458,1.324,27.38,-9,-9,-9
20,MBG,RP,24,02/10/25,1315,BOTH,0.25,76.7,0.05,5.63,66.1,6.1431,0.2196,0.1037,0.2413,1.392,28.53,-9,-9,-9
21,MBG,RT,1,02/10/25,2000,SAMPLE,0.22,77.5,0.04,5.61,66.1,6.0913,0.2447,0.0868,0.2399,1.392,31.33,-9,-9,-9
21,MBG,RT,4,02/11/25,2000,SAMPLE,0.21,71.5,0.04,5.57,62.3,6.0003,0.1727,0.0766,0.2272,1.3,26,-9,-9,-9
21,MBG,RT,7,02/12/25,2000,SAMPLE,0.21,71,0.04,5.77,63.4,6.1818,0.1528,0.063,0.2262,1.173,24.67,-9,-9,-9
21,MBG,RT,10,02/13/25,2000,SAMPLE,0.21,70.4,0.04,5.77,63.6,6.1472,0.1105,0.0628,0.2229,1.262,23.99,-9,-9,-9
21,MBG,RT,13,02/14/25,2000,SAMPLE,0.21,71,0.04,5.85,63.6,6.0176,0.1658,0.0757,0.2204,1.282,22.99,-9,-9,-9
21,MBG,RT,16,02/15/25,2000,SAMPLE,0.21,76.5,0.04,6.07,65.4,6.1034,0.1711,0.0776,0.2137,1.268,19.96,-9,-9,-9
21,MBG,RT,19,02/16/25,2000,SAMPLE,0.21,77.9,0.05,6.1,67.2,5.9734,0.1679,0.0755,0.1997,1.393,19.24,-9,-9,-9
21,MBG,RT,22,02/17/25,2000,SAMPLE,0.2,75.4,0.05,6.11,65,5.7536,0.1555,0.0661,0.191,1.298,17.05,-9,-9,-9
21,MBG,RT,24,02/18/25,1000,BOTH,0.21,80.1,0.05,6.43,69.4,6.0618,0.187,0.0649,0.1867,1.151,16.71,-9,-9,-9
22,MBG,RN,1,02/18/25,2000,SAMPLE,0.27,78.3,0.05,6.16,68.3,6.0771,0.1753,0.084,0.1824,0.987,17.67,-9,-9,-9
22,MBG,RN,4,02/19/25,2000,SAMPLE,0.25,84,0.05,5.75,65.6,6.0265,0.1592,0.0859,0.178,1.121,15.28,-9,-9,-9
22,MBG,RN,7,02/20/25,2000,SAMPLE,0.25,82.2,0.05,5.73,66.5,5.8202,0.1586,0.0806,0.1704,0.989,14.38,-9,-9,-9
22,MBG,RN,10,02/21/25,2000,SAMPLE,0.25,90.1,0.05,5.94,70,5.8656,0.0829,0.0776,0.1689,1.087,13.63,-9,-9,-9
22,MBG,RN,13,02/22/25,2000,SAMPLE,0.25,100.3,0.05,6.03,72.9,5.7769,0.116,0.0822,0.1623,1.108,11.27,-9,-9,-9
22,MBG,RN,16,02/23/25,2000,SAMPLE,0.26,108.6,0.05,5.95,75.3,5.4596,0.0906,0.0711,0.1563,1.009,8.59,-9,-9,-9
22,MBG,RN,24,02/24/25,1231,BOTH,0.25,113.8,0.05,5.96,79.3,5.3214,0.1287,0.0836,0.1735,0.868,19.46,-9,-9,-9
24,MBG,RH,1,02/24/25,2000,SAMPLE,0.13,116.2,0.06,5.74,78.9,4.8902,0.1604,0.0804,0.1594,1.047,10.81,-9,-9,-9
24,MBG,RH,2,02/25/25,2000,SAMPLE,0.1,91.8,0.07,4.59,66.3,4.3364,0.1202,0.0725,0.1871,1.146,30.46,-9,-9,-9
24,MBG,RH,3,02/26/25,2000,SAMPLE,0.08,46.9,0.06,4.15,37.5,4.9069,0.1357,0.0824,0.2689,1.597,86.19,-9,-9,-9
24,MBG,RH,4,02/27/25,2000,SAMPLE,0.11,65.2,0.06,4.3,42.8,4.7553,0.1156,0.0648,0.3973,1.93,188.4,-9,-9,-9
24,MBG,RH,5,02/28/25,2000,SAMPLE,0.11,57.9,0.07,4.63,41.9,4.716,0.1476,0.0762,0.4061,2.198,153.21,-9,-9,-9
24,MBG,RH,6,03/01/25,2000,SAMPLE,0.11,56.1,0.07,6.2,39.5,5.8289,0.1612,0.0759,0.3771,2.037,129.56,-9,-9,-9
24,MBG,RH,7,03/02/25,2000,SAMPLE,0.1,52.8,0.06,6.6,35.7,6.081,0.1833,0.0869,0.3168,2.045,84.72,-9,-9,-9
24,MBG,RH,8,03/03/25,2000,SAMPLE,0.11,52.7,0.06,7.05,37.9,6.3986,0.2285,0.0892,0.3052,1.864,70.62,-9,-9,-9
24,MBG,RH,9,03/04/25,2000,SAMPLE,0.11,50.6,0.06,7.36,38.6,6.6322,0.1974,0.0947,0.2977,1.65,64.19,-9,-9,-9
24,MBG,RH,10,03/05/25,2000,SAMPLE,0.12,43.6,0.06,8.06,42.6,6.3687,0.1456,0.0646,0.3484,1.735,137,-9,-9,-9
24,MBG,RH,11,03/06/25,2000,SAMPLE,0.11,38.8,0.06,10.36,36.2,6.8598,0.1047,0.0515,0.3567,2.041,131.5,-9,-9,-9
24,MBG,RH,12,03/07/25,2000,SAMPLE,0.11,43.9,0.06,8.98,39.7,6.8322,0.1235,0.0605,0.2725,1.765,83.91,-9,-9,-9
24,MBG,RH,13,03/08/25,2000,SAMPLE,0.12,47.9,0.06,9.96,46,6.4387,0.0392,0.051,0.2463,1.802,76.1,-9,-9,-9
24,MBG,RH,14,03/09/25,2000,SAMPLE,0.11,54.9,0.06,10.18,49.5,6.4923,0.0761,0.0501,0.2113,1.508,53.45,-9,-9,-9
24,MBG,RH,24,03/10/25,1148,BOTH,0.09,58.7,0.07,10.47,53.6,6.4046,0.0987,0.0476,0.1846,1.394,47,-9,-9,-9
25,MBG,RJ,1,03/10/25,2000,SAMPLE,0.16,58.9,0.03,10.28,54.9,6.1132,0.0965,0.0418,0.181,1.628,51.03,-9,-9,-9
25,MBG,RJ,4,03/11/25,2000,SAMPLE,0.14,54.6,0.03,8.88,53.4,5.9344,0.1067,0.0431,0.1809,1.107,56.32,-9,-9,-9
25,MBG,RJ,7,03/12/25,2000,SAMPLE,0.16,56.1,0.03,9.28,56.2,5.6819,0.0346,0.0235,0.1765,1.087,49.03,-9,-9,-9
25,MBG,RJ,10,03/13/25,2000,SAMPLE,0.16,56.9,0.03,9.43,56.4,5.7579,0.002,0.0212,0.1745,1.149,41.9,-9,-9,-9
25,MBG,RJ,13,03/14/25,2000,SAMPLE,0.16,57.7,0.03,8.86,59.4,5.2721,0.0566,0.0285,0.1667,1.304,40.84,-9,-9,-9
25,MBG,RJ,16,03/15/25,2000,SAMPLE,0.17,62.4,0.03,8.91,65.4,5.325,0.0014,0.0185,0.1976,1.286,84.39,-9,-9,-9
25,MBG,RJ,24,03/16/25,1013,BOTH,0.15,63,0.03,8.78,64.7,5.2249,0.0301,0.0298,0.1559,1.502,36.58,-9,-9,-9
26,MBG,RE,1,03/16/25,1200,SAMPLE,0.19,60.7,0.07,7.9,61.7,5.2509,0.0907,0.0462,0.1588,1.179,35.81,-9,-9,-9
26,MBG,RE,4,03/17/25,1200,SAMPLE,0.15,56.5,0.06,7.87,53.6,5.6161,0.0323,0.031,0.2056,1.49,77.34,-9,-9,-9
26,MBG,RE,7,03/18/25,1200,SAMPLE,0.17,51.1,0.07,7.29,52,5.2575,0.0608,0.0505,0.3175,1.638,171.63,-9,-9,-9
26,MBG,RE,10,03/19/25,1200,SAMPLE,0.18,50.4,0.08,8.37,48.5,5.8497,0.1041,0.0551,0.3346,1.966,141.54,-9,-9,-9
26,MBG,RE,13,03/20/25,1200,SAMPLE,0.19,59.5,0.08,7.75,51.7,5.581,0.0647,0.0528,0.2645,1.685,92.65,-9,-9,-9
26,MBG,RE,16,03/21/25,1200,SAMPLE,0.17,49,0.08,7.76,44.9,6.1216,0.0786,0.0654,0.2939,1.712,88.57,-9,-9,-9
26,MBG,RE,19,03/22/25,1200,SAMPLE,0.15,48,0.08,8.41,46.4,6.4589,0.0886,0.0736,0.2605,1.757,69.77,-9,-9,-9
26,MBG,RE,22,03/23/25,1200,SAMPLE,0.19,48.1,0.07,8.32,50.5,6.3662,0.0606,0.0622,0.2248,1.684,53.65,-9,-9,-9
26,MBG,RE,24,03/24/25,1145,BOTH,0.14,52,0.08,8.41,54.7,6.3192,0.0736,0.0519,0.211,1.388,55.85,-9,-9,-9
27,MBG,RA,1,03/24/25,1200,SAMPLE,0.16,51.9,0.07,8.63,54.5,6.2395,0.0605,0.0503,0.2054,1.109,55.51,-9,-9,-9
27,MBG,RA,4,03/25/25,1200,SAMPLE,0.16,55,0.07,8.55,59.2,5.8952,0.0405,0.0418,0.1741,1.328,32.43,-9,-9,-9
27,MBG,RA,7,03/26/25,1200,SAMPLE,0.17,57.6,0.07,8.14,60.4,5.3658,0.0412,0.0347,0.1536,1.458,28.45,-9,-9,-9
27,MBG,RA,10,03/27/25,1200,SAMPLE,0.17,60.8,0.07,7.99,62.3,4.6685,0.0786,0.0417,0.15,1.22,33.67,-9,-9,-9
27,MBG,RA,13,03/28/25,1200,SAMPLE,0.17,59.1,0.06,7.28,58.6,4.3014,0.0108,0.0154,0.1347,1.41,25.69,-9,-9,-9
27,MBG,RA,16,03/29/25,1200,SAMPLE,0.17,59.9,0.07,6.9,64.3,4.1873,0.0117,0.0177,0.1291,1.273,28.79,-9,-9,-9
27,MBG,RA,19,03/30/25,1200,SAMPLE,0.17,55,0.05,6.79,62.6,4.1989,0.0286,0.0195,0.1567,1.327,52.18,-9,-9,-9
27,MBG,RA,24,03/31/25,1031,BOTH,0.19,48.7,0.06,7.64,58.2,4.6151,0.0196,0.008,0.2514,1.967,126.28,-9,-9,-9
28,MBG,RM,1,03/31/25,1200,SAMPLE,0.22,49.2,0.06,7.73,58.1,4.5133,0.0603,0.0169,0.2543,1.833,116.63,-9,-9,-9
28,MBG,RM,4,04/01/25,1200,SAMPLE,0.21,45.8,0.07,7.8,50.4,5.841,0.0623,0.0372,0.3127,1.799,128.22,-9,-9,-9
28,MBG,RM,7,04/02/25,1200,SAMPLE,0.2,40.6,0.07,6.59,46.5,5.3545,0.015,0.0367,0.44,2.104,219.33,-9,-9,-9
28,MBG,RM,10,04/03/25,1200,SAMPLE,0.19,19,0.07,4.62,21.6,5.7145,0.0359,0.0414,1.0766,3.65,719.7,-9,-9,-9
28,MBG,RM,12,04/04/25,0400,SAMPLE,0.18,15.4,0.07,3.95,18.2,6.26,0.2506,0.0496,1.0721,3.683,682.01,-9,-9,-9
28,MBG,RM,16,04/05/25,1200,SAMPLE,0.17,16.9,0.07,4.61,19.4,7.0124,0.0474,0.0303,0.7878,3.193,390.32,-9,-9,-9
28,MBG,RM,19,04/06/25,1200,SAMPLE,0.18,16.3,0.06,5.07,19.7,7.5704,0.1452,0.0493,0.6843,3.113,274.66,-9,-9,-9
28,MBG,RM,24,04/07/25,1353,BOTH,0.18,18.2,0.06,5.17,21.2,7.9441,0.051,0.0481,0.6139,2.723,242.16,-9,-9,-9
29,MBG,RS,1,04/07/25,2000,SAMPLE,0.14,17.8,0.08,5.02,21.2,7.0988,0.1653,0.089,0.5816,2.397,234.89,-9,-9,-9
29,MBG,RS,4,04/08/25,2000,SAMPLE,0.15,17.9,0.07,4.75,21.8,7.0859,0.1402,0.0962,0.516,2.169,176.47,-9,-9,-9
29,MBG,RS,7,04/09/25,2000,SAMPLE,0.14,19,0.06,4.99,24.4,7.2096,0.1226,0.0946,0.4588,2.008,147.96,-9,-9,-9
29,MBG,RS,10,04/10/25,2000,SAMPLE,0.14,21.1,0.06,5.21,28.3,7.3379,0.1145,0.0908,0.4051,1.873,118.31,-9,-9,-9
29,MBG,RS,13,04/11/25,2000,SAMPLE,0.14,23.3,0.06,5.55,32.2,7.5385,0.0974,0.0871,0.3568,1.803,102.54,-9,-9,-9
29,MBG,RS,16,04/12/25,2000,SAMPLE,0.14,24.8,0.06,5.52,35.2,7.3914,0.0904,0.0877,0.3277,1.726,92,-9,-9,-9
29,MBG,RS,19,04/13/25,2000,SAMPLE,0.14,26.2,0.06,5.64,38.7,7.3143,0.0892,0.0847,0.289,1.491,75.39,-9,-9,-9
29,MBG,RS,24,04/14/25,1235,BOTH,0.2,28,0.06,5.87,42.6,7.4571,0.0991,0.0781,0.2406,1.604,58.18,-9,-9,-9
30,MBG,RB,1,04/14/25,2000,SAMPLE,0.15,27,0.08,5.52,41.7,7.1675,0.0463,0.058,0.2613,1.33,74.42,-9,-9,-9
30,MBG,RB,4,04/15/25,2000,SAMPLE,0.18,29.9,0.07,5.97,46.3,7.2552,0.065,0.0602,0.2229,1.304,63.22,-9,-9,-9
30,MBG,RB,7,04/16/25,2000,SAMPLE,0.18,32.2,0.06,6.04,50,7.2341,0.0463,0.0609,0.1888,1.203,42.61,-9,-9,-9
30,MBG,RB,10,04/17/25,2000,SAMPLE,0.16,33.8,0.08,5.73,53.7,6.9451,0.02,0.036,0.1601,1.092,34.22,-9,-9,-9
30,MBG,RB,13,04/18/25,2000,SAMPLE,0.19,35.2,0.06,6,55.3,6.7365,0.024,0.0428,0.1589,1.3,46.67,-9,-9,-9
30,MBG,RB,16,04/19/25,2000,SAMPLE,0.19,36,0.06,5.31,56.3,6.032,0.027,0.037,0.1351,1.252,30.19,-9,-9,-9
30,MBG,RB,19,04/20/25,2000,SAMPLE,0.2,37,0.06,5.47,57.5,6.1455,-0.0004,0.0254,0.1314,1.144,32.36,-9,-9,-9
30,MBG,RB,24,04/21/25,1325,BOTH,0.21,40.1,0.06,5.44,62.2,5.9179,0.0533,0.0214,0.167,1.381,65.96,-9,-9,-9
31,MBG,RK,1,04/21/25,2000,SAMPLE,0.19,39.2,0.06,5.22,59.7,5.3394,0.1112,0.0195,0.1284,1.253,41.99,-9,-9,-9
31,MBG,RK,4,04/22/25,2000,SAMPLE,0.2,41,0.05,4.93,61.9,4.083,0.1267,0.0049,0.0989,1.383,22.33,-9,-9,-9
31,MBG,RK,7,04/23/25,2000,SAMPLE,0.2,41.8,0.05,4.66,63.3,2.8314,0.129,-0.0013,0.0955,1.671,34.29,-9,-9,-9
31,MBG,RK,10,04/24/25,2000,SAMPLE,0.19,41.3,0.05,4.05,61.7,1.7195,0.0725,-0.0026,0.0836,1.477,24.58,-9,-9,-9
31,MBG,RK,13,04/25/25,2000,SAMPLE,0.2,43.2,0.05,3.73,64.5,0.8714,0.0664,-0.0036,0.1018,1.552,35.42,-9,-9,-9
31,MBG,RK,16,04/26/25,2000,SAMPLE,0.2,36,0.06,4.38,54.3,2.1338,0.0375,-0.0017,0.2383,1.82,71.68,-9,-9,-9
31,MBG,RK,19,04/27/25,2000,SAMPLE,0.22,38.9,0.08,4.58,55.7,1.2928,-0.0007,-0.0036,0.1683,1.37,53.5,-9,-9,-9
31,MBG,RK,24,04/28/25,1412,BOTH,0.2,44.9,0.06,4.43,61.3,0.4236,0.0008,-0.0028,0.1237,1.413,39.36,-9,-9,-9
32,MBG,RF,1,04/28/25,2000,SAMPLE,0.22,43.2,0.05,4.21,59.7,0.0391,0.1365,-0.0012,0.1326,1.721,39.54,-9,-9,-9
32,MBG,RF,4,04/29/25,2000,SAMPLE,0.2,45.4,0.04,3.55,64.6,0.0307,0.0908,-0.0032,0.1243,1.748,40.24,-9,-9,-9
32,MBG,RF,7,04/30/25,2000,SAMPLE,0.16,43.8,0.05,2.94,65.5,0.0211,0.0696,-0.0023,0.1263,1.628,37.19,-9,-9,-9
32,MBG,RF,10,05/01/25,2000,SAMPLE,0.19,44.8,0.05,3.74,69.7,0.3479,0.0687,-0.0028,0.1294,1.384,39.5,-9,-9,-9
32,MBG,RF,13,05/02/25,2000,SAMPLE,0.24,43.6,0.05,3.89,66.8,0.0142,0.0589,-0.0026,0.1433,1.648,51.76,-9,-9,-9
32,MBG,RF,16,05/03/25,2000,SAMPLE,0.23,43.1,0.05,3.88,62.7,0.1419,0.0296,-0.004,0.1279,1.522,37.17,-9,-9,-9
32,MBG,RF,20,05/04/25,0400,SAMPLE,0.18,40.7,0.05,5.11,57.6,1.8719,0.0527,0.0019,0.1687,1.859,61.36,-9,-9,-9
32,MBG,RF,24,05/05/25,1328,BOTH,0.23,40.9,0.06,5.91,56.4,2.7667,0.059,0.0061,0.2164,2.016,89.52,-9,-9,-9
33,MBG,RQ,1,05/05/25,2000,SAMPLE,0.22,41,0.07,6.48,55.7,2.7661,0.1396,0.0085,0.2148,1.943,101.09,-9,-9,-9
33,MBG,RQ,4,05/06/25,2000,SAMPLE,0.22,33.9,0.09,6.46,46.1,5.3865,0.0775,0.0469,0.3399,2.151,175.79,-9,-9,-9
33,MBG,RQ,7,05/07/25,2000,SAMPLE,0.16,23.4,0.13,8.77,28.4,7.2492,0.0782,0.0608,0.4662,2.684,230.29,-9,-9,-9
33,MBG,RQ,10,05/08/25,2000,SAMPLE,0.15,22.5,0.14,9.6,28,8.0329,0.0874,0.0783,0.4903,2.722,210.58,-9,-9,-9
33,MBG,RQ,13,05/09/25,2000,SAMPLE,0.13,19.6,0.11,7.35,24.7,7.66,0.0964,0.0959,0.486,2.653,163.34,-9,-9,-9
33,MBG,RQ,16,05/10/25,2000,SAMPLE,0.18,20.3,0.1,7.24,26.2,7.7056,0.1182,0.1125,0.4133,2.014,100.14,-9,-9,-9
33,MBG,RQ,19,05/11/25,2000,SAMPLE,0.18,22.4,0.08,7.28,29.6,8.0322,0.0829,0.098,0.348,1.974,83.12,-9,-9,-9
33,MBG,RQ,24,05/12/25,1420,BOTH,0.16,24.7,0.08,7.62,33.3,8.371,0.0618,0.0836,0.3074,2.039,78.53,-9,-9,-9
34,MBG,RI,1,05/12/25,2000,SAMPLE,0.13,21.2,0.13,6.4,29,8.1338,0.0162,0.08,0.2751,1.128,53.22,-9,-9,-9
34,MBG,RI,4,05/13/25,2000,SAMPLE,0.15,26.7,0.12,7.4,38.3,7.8252,0.0004,0.0634,0.2313,1.033,43.4,-9,-9,-9
34,MBG,RI,7,05/14/25,2000,SAMPLE,0.2,28.1,0.1,7.16,37.8,7.9699,0.0023,0.0699,0.2514,1.051,65.11,-9,-9,-9
34,MBG,RI,8,05/15/25,0400,SAMPLE,0.14,26.4,0.1,6.72,37.2,7.4888,0.0182,0.0706,0.2603,1.134,83.54,-9,-9,-9
34,MBG,RI,10,05/15/25,2000,SAMPLE,0.15,19.2,0.1,6.87,29.6,7.1919,0.0181,0.0561,0.3671,1.368,183.3,-9,-9,-9
34,MBG,RI,13,05/16/25,2000,SAMPLE,0.19,15.4,0.11,6.79,23.3,7.555,0.0056,0.0566,0.4097,1.585,155.34,-9,-9,-9
34,MBG,RI,16,05/17/25,2000,SAMPLE,0.2,24,0.08,7.45,36,7.9818,0.017,0.0621,0.2969,1.268,92.98,-9,-9,-9
34,MBG,RI,19,05/18/25,2000,SAMPLE,0.21,26.2,0.08,7.32,37,7.6808,0.0337,0.0778,0.2757,1.223,80.69,-9,-9,-9
34,MBG,RI,24,05/19/25,0816,BOTH,0.21,26.7,0.08,7.31,39.6,7.6007,0.0004,0.0623,0.4587,1.71,261.94,-9,-9,-9
